[
  {
    "pk": 1,
    "model": "ressources.service",
    "fields": {
      "name": "CMPP",
      "slug": "cmpp"
    }
  },
  {
    "pk": 2,
    "model": "ressources.service",
    "fields": {
      "name": "CAMSP",
      "slug": "camsp"
    }
  },
  {
    "pk": 3,
    "model": "ressources.service",
    "fields": {
      "name": "SESSAD DYS",
      "slug": "sessad-dys"
    }
  },
  {
    "pk": 4,
    "model": "ressources.service",
    "fields": {
      "name": "SESSAD TED",
      "slug": "sessad-ted"
    }
  },
  {
    "pk": 1,
    "model": "agenda.eventtype",
    "fields": {
      "label": "Rendez-vous patient"
    }
  },
  {
    "pk": 2,
    "model": "agenda.eventtype",
    "fields": {
      "label": "R\u00e9union"
    }
  },
  {
    "pk": 3,
    "model": "agenda.eventtype",
    "fields": {
      "label": "Vacances"
    }
  },
  {
    "pk": 1,
    "model": "dossiers.status",
    "fields": {
      "services": [
        1,
        2,
        3,
        4
      ],
      "name": "En contact",
      "type": "ACCUEIL"
    }
  },
  {
    "pk": 2,
    "model": "dossiers.status",
    "fields": {
      "services": [
        1,
        2,
        3,
        4
      ],
      "name": "Fin d'accueil",
      "type": "FIN_ACCUEIL"
    }
  },
  {
    "pk": 3,
    "model": "dossiers.status",
    "fields": {
      "services": [
        1
      ],
      "name": "Diagnostic",
      "type": "DIAGNOSTIC"
    }
  },
  {
    "pk": 4,
    "model": "dossiers.status",
    "fields": {
      "services": [
        1,
        3,
        4
      ],
      "name": "Traitement",
      "type": "TRAITEMENT"
    }
  },
  {
    "pk": 5,
    "model": "dossiers.status",
    "fields": {
      "services": [
        1,
        2,
        3,
        4
      ],
      "name": "Clos",
      "type": "CLOS"
    }
  },
  {
    "pk": 6,
    "model": "dossiers.status",
    "fields": {
      "services": [
        2
      ],
      "name": "Bilan",
      "type": "BILAN"
    }
  },
  {
    "pk": 7,
    "model": "dossiers.status",
    "fields": {
      "services": [
        2
      ],
      "name": "Surveillance",
      "type": "SURVEILLANCE"
    }
  },
  {
    "pk": 8,
    "model": "dossiers.status",
    "fields": {
      "services": [
        2
      ],
      "name": "Suivi",
      "type": "SUIVI"
    }
  },
  {
    "fields": {
        "end_date": null,
        "price": 100,
        "start_date": "1970-01-05"
    },
    "model": "facturation.priceperact",
    "pk": 1
  }, 
  {
    "pk": 1, 
    "model": "ressources.largeregime", 
    "fields": {
      "name": " REGIME GENERAL", 
      "number": 1
    }
  }, 
  {
    "pk": 2, 
    "model": "ressources.largeregime", 
    "fields": {
      "name": " REGIME AGRICOLE", 
      "number": 2
    }
  }, 
  {
    "pk": 3, 
    "model": "ressources.largeregime", 
    "fields": {
      "name": " ASSURANCE MALADIE DES PROFESSIONS INDEPENDANTES (AMPI)", 
      "number": 3
    }
  }, 
  {
    "pk": 4, 
    "model": "ressources.largeregime", 
    "fields": {
      "name": " S.N.C.F", 
      "number": 4
    }
  }, 
  {
    "pk": 5, 
    "model": "ressources.largeregime", 
    "fields": {
      "name": " R.A.T.P", 
      "number": 5
    }
  }, 
  {
    "pk": 6, 
    "model": "ressources.largeregime", 
    "fields": {
      "name": " ETABLISSEMENT NATIONAL DES INVALIDES DE LA MARINE (ENIM)", 
      "number": 6
    }
  }, 
  {
    "pk": 7, 
    "model": "ressources.largeregime", 
    "fields": {
      "name": " MINEURS ET ASSIMILES", 
      "number": 7
    }
  }, 
  {
    "pk": 8, 
    "model": "ressources.largeregime", 
    "fields": {
      "name": " MILITAIRES DE CARRIERE", 
      "number": 8
    }
  }, 
  {
    "pk": 9, 
    "model": "ressources.largeregime", 
    "fields": {
      "name": " PERSONNEL DE LA BANQUE DE FRANCE", 
      "number": 9
    }
  }, 
  {
    "pk": 10, 
    "model": "ressources.largeregime", 
    "fields": {
      "name": " CLERS ET EMPLOYES DE NOTAIRES", 
      "number": 10
    }
  }, 
  {
    "pk": 11, 
    "model": "ressources.largeregime", 
    "fields": {
      "name": " CHAMBRE DE COMMERCE ET D'INDUSTRIE DE PARIS", 
      "number": 12
    }
  }, 
  {
    "pk": 12, 
    "model": "ressources.largeregime", 
    "fields": {
      "name": " ASSEMBLEE NATIONALE", 
      "number": 14
    }
  }, 
  {
    "pk": 13, 
    "model": "ressources.largeregime", 
    "fields": {
      "name": " SENAT", 
      "number": 15
    }
  }, 
  {
    "pk": 14, 
    "model": "ressources.largeregime", 
    "fields": {
      "name": " PORT AUTONOME DE BORDEAUX", 
      "number": 16
    }
  }, 
  {
    "pk": 15, 
    "model": "ressources.largeregime", 
    "fields": {
      "name": " CAISSE DES FRANCAIS A L'ETRANGER", 
      "number": 17
    }
  }, 
  {
    "pk": 16, 
    "model": "ressources.largeregime", 
    "fields": {
      "name": " MINISTERE DES ANCIENS COMBATTANTS", 
      "number": 80
    }
  }, 
  {
    "pk": 17, 
    "model": "ressources.largeregime", 
    "fields": {
      "name": " CAISSE D'ASSURANCE VIEILLESSE, INVALIDITE ET MALADIE DES CULTES", 
      "number": 90
    }
  }, 
  {
    "pk": 18, 
    "model": "ressources.largeregime", 
    "fields": {
      "name": " MUTUELLE GENERALE DE L'EDUCATION NATIONALE - M.G.E.N -", 
      "number": 91
    }
  }, 
  {
    "pk": 19, 
    "model": "ressources.largeregime", 
    "fields": {
      "name": " MUTUELLE GENERALE - M.G - (ex PTT)", 
      "number": 92
    }
  }, 
  {
    "pk": 20, 
    "model": "ressources.largeregime", 
    "fields": {
      "name": " MUTUELLE GENERALE DE LA POLICE", 
      "number": 93
    }
  }, 
  {
    "pk": 21, 
    "model": "ressources.largeregime", 
    "fields": {
      "name": " MUTUELLES DES FONCTIONNAIRES - SLI -", 
      "number": 94
    }
  }, 
  {
    "pk": 22, 
    "model": "ressources.largeregime", 
    "fields": {
      "name": " M.N. HOSPITALIERS", 
      "number": 95
    }
  }, 
  {
    "pk": 23, 
    "model": "ressources.largeregime", 
    "fields": {
      "name": " MUTUELLE NATIONALE DE L'AVIATION ET DE LA MARINE", 
      "number": 96
    }
  }, 
  {
    "pk": 24, 
    "model": "ressources.largeregime", 
    "fields": {
      "name": " AUTRES MUTUELLES", 
      "number": 99
    }
  }
]
