PRAGMA foreign_keys=OFF;
BEGIN TRANSACTION;
CREATE TABLE "django_migrations" ("id" integer NOT NULL PRIMARY KEY AUTOINCREMENT, "app" varchar(255) NOT NULL, "name" varchar(255) NOT NULL, "applied" datetime NOT NULL);
INSERT INTO "django_migrations" VALUES(1,'ressources','0001_initial','2016-03-25 22:52:40.310035');
INSERT INTO "django_migrations" VALUES(2,'contenttypes','0001_initial','2016-03-25 22:52:40.737099');
INSERT INTO "django_migrations" VALUES(3,'auth','0001_initial','2016-03-25 22:52:41.195462');
INSERT INTO "django_migrations" VALUES(4,'personnes','0001_initial','2016-03-25 22:52:43.965473');
INSERT INTO "django_migrations" VALUES(5,'dossiers','0001_initial','2016-03-25 22:52:51.325416');
INSERT INTO "django_migrations" VALUES(6,'agenda','0001_initial','2016-03-25 22:52:55.530644');
INSERT INTO "django_migrations" VALUES(7,'actes','0001_initial','2016-03-25 22:52:59.623205');
INSERT INTO "django_migrations" VALUES(8,'admin','0001_initial','2016-03-25 22:53:00.080538');
INSERT INTO "django_migrations" VALUES(9,'facturation','0001_initial','2016-03-25 22:53:03.808166');
INSERT INTO "django_migrations" VALUES(10,'reversion','0001_initial','2016-03-25 22:53:04.277143');
INSERT INTO "django_migrations" VALUES(11,'sessions','0001_initial','2016-03-25 22:53:04.647307');
INSERT INTO "django_migrations" VALUES(12,'sites','0001_initial','2016-03-25 22:53:05.038884');
CREATE TABLE "django_select2_keymap" (
    "id" integer NOT NULL PRIMARY KEY AUTOINCREMENT,
    "key" varchar(40) NOT NULL UNIQUE,
    "value" varchar(100) NOT NULL,
    "accessed_on" datetime NOT NULL
);
CREATE TABLE "django_journal_tag" (
    "id" integer NOT NULL PRIMARY KEY AUTOINCREMENT,
    "name" varchar(32) NOT NULL UNIQUE
);
INSERT INTO "django_journal_tag" VALUES(1,'new-eventtype');
INSERT INTO "django_journal_tag" VALUES(2,'obj');
INSERT INTO "django_journal_tag" VALUES(3,'acts-view');
INSERT INTO "django_journal_tag" VALUES(4,'ip');
INSERT INTO "django_journal_tag" VALUES(5,'user');
CREATE TABLE "django_journal_template" (
    "id" integer NOT NULL PRIMARY KEY AUTOINCREMENT,
    "content" text NOT NULL UNIQUE
);
INSERT INTO "django_journal_template" VALUES(1,'{obj} from shell');
INSERT INTO "django_journal_template" VALUES(2,'act listing by {user} from {ip}');
CREATE TABLE "django_journal_journal" (
    "id" integer NOT NULL PRIMARY KEY AUTOINCREMENT,
    "time" datetime NOT NULL,
    "tag_id" integer NOT NULL REFERENCES "django_journal_tag" ("id"),
    "template_id" integer NOT NULL REFERENCES "django_journal_template" ("id"),
    "message" varchar(128) NOT NULL
);
INSERT INTO "django_journal_journal" VALUES(1,'2016-03-25 22:53:25.325294',1,1,'Rendez-vous patient from shell');
INSERT INTO "django_journal_journal" VALUES(2,'2016-03-25 22:53:25.338773',1,1,'Réunion from shell');
INSERT INTO "django_journal_journal" VALUES(3,'2016-03-25 22:53:25.347547',1,1,'Vacances from shell');
INSERT INTO "django_journal_journal" VALUES(4,'2016-03-25 22:53:25.357400',1,1,'Autre from shell');
INSERT INTO "django_journal_journal" VALUES(5,'2016-03-25 22:53:25.366267',1,1,'Périnatalité from shell');
INSERT INTO "django_journal_journal" VALUES(6,'2016-03-25 22:53:25.374815',1,1,'Réunion des parents from shell');
INSERT INTO "django_journal_journal" VALUES(7,'2016-03-25 22:53:25.384763',1,1,'Temps de trajet from shell');
INSERT INTO "django_journal_journal" VALUES(8,'2016-03-25 22:53:25.395208',1,1,'Réunion à l''extérieur from shell');
INSERT INTO "django_journal_journal" VALUES(9,'2016-03-25 22:53:25.403113',1,1,'En formation from shell');
INSERT INTO "django_journal_journal" VALUES(10,'2016-03-25 22:53:25.412651',1,1,'Donne une formation from shell');
INSERT INTO "django_journal_journal" VALUES(11,'2016-03-25 22:53:25.421568',1,1,'Équipe pluridisciplinaire MLA from shell');
INSERT INTO "django_journal_journal" VALUES(12,'2016-03-25 22:53:25.429960',1,1,'Supervision from shell');
INSERT INTO "django_journal_journal" VALUES(13,'2016-03-25 22:53:25.439151',1,1,'Réunion de service from shell');
INSERT INTO "django_journal_journal" VALUES(14,'2016-03-25 22:53:25.448819',1,1,'Réunion de direction from shell');
INSERT INTO "django_journal_journal" VALUES(15,'2016-03-25 22:53:25.457554',1,1,'Réunion administratifs from shell');
INSERT INTO "django_journal_journal" VALUES(16,'2016-03-25 22:53:25.466577',1,1,'Réunion agents de service from shell');
INSERT INTO "django_journal_journal" VALUES(17,'2016-03-25 22:53:25.476361',1,1,'Concertation direction from shell');
INSERT INTO "django_journal_journal" VALUES(18,'2016-03-25 22:59:22.713756',3,2,'act listing by admin from 192.168.0.12');
CREATE TABLE "django_journal_stringdata" (
    "id" integer NOT NULL PRIMARY KEY AUTOINCREMENT,
    "journal_id" integer NOT NULL REFERENCES "django_journal_journal" ("id"),
    "tag_id" integer NOT NULL REFERENCES "django_journal_tag" ("id"),
    "content" text NOT NULL,
    UNIQUE ("journal_id", "tag_id")
);
INSERT INTO "django_journal_stringdata" VALUES(1,18,4,'192.168.0.12');
CREATE TABLE "django_journal_objectdata" (
    "id" integer NOT NULL PRIMARY KEY AUTOINCREMENT,
    "journal_id" integer NOT NULL REFERENCES "django_journal_journal" ("id"),
    "tag_id" integer NOT NULL REFERENCES "django_journal_tag" ("id"),
    "content_type_id" integer NOT NULL,
    "object_id" integer unsigned NOT NULL,
    UNIQUE ("journal_id", "tag_id")
);
INSERT INTO "django_journal_objectdata" VALUES(1,1,2,11,1);
INSERT INTO "django_journal_objectdata" VALUES(2,2,2,11,2);
INSERT INTO "django_journal_objectdata" VALUES(3,3,2,11,3);
INSERT INTO "django_journal_objectdata" VALUES(4,4,2,11,4);
INSERT INTO "django_journal_objectdata" VALUES(5,5,2,11,5);
INSERT INTO "django_journal_objectdata" VALUES(6,6,2,11,6);
INSERT INTO "django_journal_objectdata" VALUES(7,7,2,11,7);
INSERT INTO "django_journal_objectdata" VALUES(8,8,2,11,8);
INSERT INTO "django_journal_objectdata" VALUES(9,9,2,11,9);
INSERT INTO "django_journal_objectdata" VALUES(10,10,2,11,10);
INSERT INTO "django_journal_objectdata" VALUES(11,11,2,11,11);
INSERT INTO "django_journal_objectdata" VALUES(12,12,2,11,12);
INSERT INTO "django_journal_objectdata" VALUES(13,13,2,11,13);
INSERT INTO "django_journal_objectdata" VALUES(14,14,2,11,14);
INSERT INTO "django_journal_objectdata" VALUES(15,15,2,11,15);
INSERT INTO "django_journal_objectdata" VALUES(16,16,2,11,16);
INSERT INTO "django_journal_objectdata" VALUES(17,17,2,11,17);
INSERT INTO "django_journal_objectdata" VALUES(18,18,5,3,1);
CREATE TABLE "ressources_advicegiver" ("id" integer NOT NULL PRIMARY KEY AUTOINCREMENT, "name" varchar(150) NOT NULL);
INSERT INTO "ressources_advicegiver" VALUES(1,'Autre membre de la famille');
INSERT INTO "ressources_advicegiver" VALUES(2,'Médecin de PMI');
INSERT INTO "ressources_advicegiver" VALUES(3,'Educateur');
INSERT INTO "ressources_advicegiver" VALUES(4,'Tiers digne de confiance');
INSERT INTO "ressources_advicegiver" VALUES(5,'CHU');
INSERT INTO "ressources_advicegiver" VALUES(6,'Mère');
INSERT INTO "ressources_advicegiver" VALUES(7,'Père');
INSERT INTO "ressources_advicegiver" VALUES(8,'Médecin traitant');
CREATE TABLE "ressources_analysemotive" ("id" integer NOT NULL PRIMARY KEY AUTOINCREMENT, "name" varchar(150) NOT NULL);
INSERT INTO "ressources_analysemotive" VALUES(1,'VULNÉRABILITÉ FAMILLE/ENVIRONNEMENT');
INSERT INTO "ressources_analysemotive" VALUES(2,'RETARD GLOBAL DE DÉVELOPPEMENT');
INSERT INTO "ressources_analysemotive" VALUES(3,'MALADIE GÉNÉTIQUE');
INSERT INTO "ressources_analysemotive" VALUES(4,'TROUBLES DU COMPORTEMENT');
INSERT INTO "ressources_analysemotive" VALUES(5,'SURVEILLANCE PÉRINATALE');
INSERT INTO "ressources_analysemotive" VALUES(6,'RETARD PSYCHOMOTEUR');
INSERT INTO "ressources_analysemotive" VALUES(7,'RETARD DE PAROLE ET LANGAGE');
INSERT INTO "ressources_analysemotive" VALUES(8,'RETARD DES ACQUISITIONS');
INSERT INTO "ressources_analysemotive" VALUES(9,'TROUBLE SENSORIEL AUDITIF');
INSERT INTO "ressources_analysemotive" VALUES(10,'TROUBLE SENSORIEL VISUEL');
INSERT INTO "ressources_analysemotive" VALUES(11,'TROUBLES MOTEURS');
INSERT INTO "ressources_analysemotive" VALUES(12,'ENCÉPHALOPATHIE D''ÉTIOLOGIE NON RÉVÉLÉE');
INSERT INTO "ressources_analysemotive" VALUES(13,'ANTÉCÉDENTS MÉDICAUX LOURDS');
INSERT INTO "ressources_analysemotive" VALUES(14,'SYNDROME PARTICULIER');
INSERT INTO "ressources_analysemotive" VALUES(15,'AUTRES');
CREATE TABLE "ressources_codecftmea" ("id" integer NOT NULL PRIMARY KEY AUTOINCREMENT, "name" varchar(150) NOT NULL, "code" integer NOT NULL, "axe" integer NOT NULL, "ordering_code" varchar(20) NULL);
INSERT INTO "ressources_codecftmea" VALUES(1,'Autisme et Troubles psychotiques',1,1,NULL);
INSERT INTO "ressources_codecftmea" VALUES(2,'Troubles névrotiques',2,1,NULL);
INSERT INTO "ressources_codecftmea" VALUES(3,'Pathologies limites',3,1,NULL);
INSERT INTO "ressources_codecftmea" VALUES(4,'Troubles reactionnels',4,1,NULL);
INSERT INTO "ressources_codecftmea" VALUES(5,'Deficiences mentales (arriérations, débilités mentales, démences)',5,1,NULL);
INSERT INTO "ressources_codecftmea" VALUES(6,'Troubles du développement et des fonctions instrumentales',6,1,NULL);
INSERT INTO "ressources_codecftmea" VALUES(7,'TROUBLES DES CONDUITES ET DES COMPORTEMENTS',7,1,NULL);
INSERT INTO "ressources_codecftmea" VALUES(8,'TROUBLES A EXPRESSION SOMATIQUE',8,1,NULL);
INSERT INTO "ressources_codecftmea" VALUES(9,'Variations de la normale',9,1,NULL);
INSERT INTO "ressources_codecftmea" VALUES(10,'Psychoses Précoces (Troubles envahissants du développement)',10,1,NULL);
INSERT INTO "ressources_codecftmea" VALUES(11,'Schizophrénies',11,1,NULL);
INSERT INTO "ressources_codecftmea" VALUES(12,'Troubles délirants',12,1,NULL);
INSERT INTO "ressources_codecftmea" VALUES(13,'Troubles psychotiques aigus',13,1,NULL);
INSERT INTO "ressources_codecftmea" VALUES(14,'Troubles thymiques',14,1,NULL);
INSERT INTO "ressources_codecftmea" VALUES(15,'Etats dépressifs après épisode psychotique',15,1,NULL);
INSERT INTO "ressources_codecftmea" VALUES(16,'Autres Troubles Psychotiques',18,1,NULL);
INSERT INTO "ressources_codecftmea" VALUES(17,'Troubles Psychotiques non spécifiés',19,1,NULL);
INSERT INTO "ressources_codecftmea" VALUES(18,'Troubles névrotiques à dominante anxieuse',20,1,NULL);
INSERT INTO "ressources_codecftmea" VALUES(19,'Troubles névrotiques à dominante hystérique',21,1,NULL);
INSERT INTO "ressources_codecftmea" VALUES(20,'Troubles névrotiques à dominante phobique',22,1,NULL);
INSERT INTO "ressources_codecftmea" VALUES(21,'Troubles névrotiques à dominante obsessionnelle',23,1,NULL);
INSERT INTO "ressources_codecftmea" VALUES(22,'Troubles névrotiques avec prédominance des inhibitions',24,1,NULL);
INSERT INTO "ressources_codecftmea" VALUES(23,'Dépression névrotique',25,1,NULL);
INSERT INTO "ressources_codecftmea" VALUES(24,'Caractères névrotiques, pathologies névrotiques de la personnalité',26,1,NULL);
INSERT INTO "ressources_codecftmea" VALUES(25,'Troubles névrotiques avec perturbations prédominantes des fonctions instrumentales',27,1,NULL);
INSERT INTO "ressources_codecftmea" VALUES(26,'Autres',28,1,NULL);
INSERT INTO "ressources_codecftmea" VALUES(27,'Non spécifiés',29,1,NULL);
INSERT INTO "ressources_codecftmea" VALUES(28,'Dysharmonies évolutives',30,1,NULL);
INSERT INTO "ressources_codecftmea" VALUES(29,'Pathologie limite avec dominance des troubles de la personnalité',31,1,NULL);
INSERT INTO "ressources_codecftmea" VALUES(30,'Pathologie limite à dominante schizotypique',32,1,NULL);
INSERT INTO "ressources_codecftmea" VALUES(31,'Pathologie limite à dominante comportementale',33,1,NULL);
INSERT INTO "ressources_codecftmea" VALUES(32,'Dépressions liées à une pathologie limite',34,1,NULL);
INSERT INTO "ressources_codecftmea" VALUES(33,'Autres pathologies limites',38,1,NULL);
INSERT INTO "ressources_codecftmea" VALUES(34,'Pathologies limites non spécifiées',39,1,NULL);
INSERT INTO "ressources_codecftmea" VALUES(35,'Dépression réactionnelle',40,1,NULL);
INSERT INTO "ressources_codecftmea" VALUES(36,'Manifestations réactionnelles',41,1,NULL);
INSERT INTO "ressources_codecftmea" VALUES(37,'Syndrome de stress post traumatique',42,1,NULL);
INSERT INTO "ressources_codecftmea" VALUES(38,'Q I 50 - 69',50,1,NULL);
INSERT INTO "ressources_codecftmea" VALUES(39,'Q I 35 - 49',51,1,NULL);
INSERT INTO "ressources_codecftmea" VALUES(40,'Q I 20 - 34',52,1,NULL);
INSERT INTO "ressources_codecftmea" VALUES(41,'Q I < à 20',53,1,NULL);
INSERT INTO "ressources_codecftmea" VALUES(42,'Q I Non spécifié',54,1,NULL);
INSERT INTO "ressources_codecftmea" VALUES(43,'Troubles de la Parole et du Langage',60,1,NULL);
INSERT INTO "ressources_codecftmea" VALUES(44,'Troubles Cognitifs et des Acquisitions Scolaires',61,1,NULL);
INSERT INTO "ressources_codecftmea" VALUES(45,'Troubles psychomoteurs',62,1,NULL);
INSERT INTO "ressources_codecftmea" VALUES(46,'TROUBLES hyperkinétiques',70,1,NULL);
INSERT INTO "ressources_codecftmea" VALUES(47,'Troubles des conduites alimentaires',71,1,NULL);
INSERT INTO "ressources_codecftmea" VALUES(48,'Tentatives de suicide',72,1,NULL);
INSERT INTO "ressources_codecftmea" VALUES(49,'Troubles liés à l''usage de drogues ou d''alcool',73,1,NULL);
INSERT INTO "ressources_codecftmea" VALUES(50,'Troubles de l''angoisse de séparation',74,1,NULL);
INSERT INTO "ressources_codecftmea" VALUES(51,'Troubles de l''identité et des conduites sexuelles',75,1,NULL);
INSERT INTO "ressources_codecftmea" VALUES(52,'Phobies scolaires',76,1,NULL);
INSERT INTO "ressources_codecftmea" VALUES(53,'Autres troubles caractérisés des conduites',77,1,NULL);
INSERT INTO "ressources_codecftmea" VALUES(54,'Autres troubles des conduites et des comportements',78,1,NULL);
INSERT INTO "ressources_codecftmea" VALUES(55,'Troubles des conduites non spécifiés',79,1,NULL);
INSERT INTO "ressources_codecftmea" VALUES(56,'Affections psychosomatiques',80,1,NULL);
INSERT INTO "ressources_codecftmea" VALUES(57,'TROUBLES psychofonctionnels',81,1,NULL);
INSERT INTO "ressources_codecftmea" VALUES(58,'Trouble hypocondriaque',82,1,NULL);
INSERT INTO "ressources_codecftmea" VALUES(59,'Enurésie',83,1,NULL);
INSERT INTO "ressources_codecftmea" VALUES(60,'Encoprésie',84,1,NULL);
INSERT INTO "ressources_codecftmea" VALUES(61,'Troubles du sommeil',85,1,NULL);
INSERT INTO "ressources_codecftmea" VALUES(62,'Retard de croissance psychogène',86,1,NULL);
INSERT INTO "ressources_codecftmea" VALUES(63,'Autres troubles à expression somatique',88,1,NULL);
INSERT INTO "ressources_codecftmea" VALUES(64,'Troubles à expression somatique non spécifiés',89,1,NULL);
INSERT INTO "ressources_codecftmea" VALUES(65,'Angoisses , rituels, peurs',90,1,NULL);
INSERT INTO "ressources_codecftmea" VALUES(66,'Moments dépressifs',91,1,NULL);
INSERT INTO "ressources_codecftmea" VALUES(67,'Conduites d ''opposition',92,1,NULL);
INSERT INTO "ressources_codecftmea" VALUES(68,'Conduites d ''isolement',93,1,NULL);
INSERT INTO "ressources_codecftmea" VALUES(69,'Difficultés scolaires non classables dans les catégories précédentes',94,1,NULL);
INSERT INTO "ressources_codecftmea" VALUES(70,'Retards ou régressions transitoires',95,1,NULL);
INSERT INTO "ressources_codecftmea" VALUES(71,'Aspects originaux de la personnalité',96,1,NULL);
INSERT INTO "ressources_codecftmea" VALUES(72,'Autres',98,1,NULL);
INSERT INTO "ressources_codecftmea" VALUES(73,'Non spécifiées',99,1,NULL);
INSERT INTO "ressources_codecftmea" VALUES(74,'Autisme infantile précoce - type Kanner',100,1,NULL);
INSERT INTO "ressources_codecftmea" VALUES(75,'Autres formes de l''autisme',101,1,NULL);
INSERT INTO "ressources_codecftmea" VALUES(76,'Psychose précoce déficitaire. Retard mental avec troubles autistiques ou psychotiques',102,1,NULL);
INSERT INTO "ressources_codecftmea" VALUES(77,'Syndrome d ''Asperger',103,1,NULL);
INSERT INTO "ressources_codecftmea" VALUES(78,'Dysharmonies Psychotiques',104,1,NULL);
INSERT INTO "ressources_codecftmea" VALUES(79,'Troubles désintégratifs de l''enfance',105,1,NULL);
INSERT INTO "ressources_codecftmea" VALUES(80,'Autres psychoses précoces ou autres troubles envahissants du développement',108,1,NULL);
INSERT INTO "ressources_codecftmea" VALUES(81,'Psychoses précoces ou troubles envahissants du développement non spécifiés',109,1,NULL);
INSERT INTO "ressources_codecftmea" VALUES(82,'Schizophrénie de l''enfant',110,1,NULL);
INSERT INTO "ressources_codecftmea" VALUES(83,'Troubles schizophréniques à l''adolescence',111,1,NULL);
INSERT INTO "ressources_codecftmea" VALUES(84,'Trouble psychotique aigu polymorphe sans symptômes schizophréniques',130,1,NULL);
INSERT INTO "ressources_codecftmea" VALUES(85,'Trouble psychotique aigu polymorphe avec symptômes schizophréniques',131,1,NULL);
INSERT INTO "ressources_codecftmea" VALUES(86,'Autres',138,1,NULL);
INSERT INTO "ressources_codecftmea" VALUES(87,'Psychoses dysthymiques de l''enfant',140,1,NULL);
INSERT INTO "ressources_codecftmea" VALUES(88,'Troubles thymiques de l''adolescent',141,1,NULL);
INSERT INTO "ressources_codecftmea" VALUES(89,'Q I 50 - 69',500,1,NULL);
INSERT INTO "ressources_codecftmea" VALUES(90,'Déficiences harmoniques',505,1,NULL);
INSERT INTO "ressources_codecftmea" VALUES(91,'Déficiences dysharmoniques',506,1,NULL);
INSERT INTO "ressources_codecftmea" VALUES(92,'Déficience avec polyhandicap sensoriel et/ou moteur',507,1,NULL);
INSERT INTO "ressources_codecftmea" VALUES(93,'Démences',508,1,NULL);
INSERT INTO "ressources_codecftmea" VALUES(94,'Non spécifiée',509,1,NULL);
INSERT INTO "ressources_codecftmea" VALUES(95,'Q I 35 - 49',510,1,NULL);
INSERT INTO "ressources_codecftmea" VALUES(96,'Q I 35 - 49 Avec Déficience dysharmonique',516,1,NULL);
INSERT INTO "ressources_codecftmea" VALUES(97,'Q I 20 - 34',520,1,NULL);
INSERT INTO "ressources_codecftmea" VALUES(98,'Q I < à 20',530,1,NULL);
INSERT INTO "ressources_codecftmea" VALUES(99,'Q I Non spécifié',540,1,NULL);
INSERT INTO "ressources_codecftmea" VALUES(100,'Q I Non spécifié Avec Déficience dysharmonique',546,1,NULL);
INSERT INTO "ressources_codecftmea" VALUES(101,'Troubles isolés de l''articulation .',600,1,NULL);
INSERT INTO "ressources_codecftmea" VALUES(102,'Troubles du développement du langage',601,1,NULL);
INSERT INTO "ressources_codecftmea" VALUES(103,'Aphasie acquise',602,1,NULL);
INSERT INTO "ressources_codecftmea" VALUES(104,'Mutisme',603,1,NULL);
INSERT INTO "ressources_codecftmea" VALUES(105,'Bégaiement.',604,1,NULL);
INSERT INTO "ressources_codecftmea" VALUES(106,'Autres troubles de la parole et du langage',608,1,NULL);
INSERT INTO "ressources_codecftmea" VALUES(107,'Troubles de la parole et du langage non spécifiés',609,1,NULL);
INSERT INTO "ressources_codecftmea" VALUES(108,'Troubles lexicographiques',610,1,NULL);
INSERT INTO "ressources_codecftmea" VALUES(109,'Troubles spécifiques de l''arithmétique (dyscalculie).',611,1,NULL);
INSERT INTO "ressources_codecftmea" VALUES(110,'Troubles du raisonnement (Dysharmonies cognitives)',612,1,NULL);
INSERT INTO "ressources_codecftmea" VALUES(111,'Troubles de l''attention sans hyperkinésie',613,1,NULL);
INSERT INTO "ressources_codecftmea" VALUES(112,'Autres troubles cognitifs et des acquisitions scolaires.',618,1,NULL);
INSERT INTO "ressources_codecftmea" VALUES(113,'Troubles cognitifs et des acquisitions scolaires non spécifiés',619,1,NULL);
INSERT INTO "ressources_codecftmea" VALUES(114,'Retard psychomoteur (Troubles spécifiques du développement moteur)',620,1,NULL);
INSERT INTO "ressources_codecftmea" VALUES(115,'Tics',621,1,NULL);
INSERT INTO "ressources_codecftmea" VALUES(116,'Autres troubles psychomoteurs',628,1,NULL);
INSERT INTO "ressources_codecftmea" VALUES(117,'Troubles psychomoteurs non spécifiés',629,1,NULL);
INSERT INTO "ressources_codecftmea" VALUES(118,'Hyperkinésie avec troubles de l''attention',700,1,NULL);
INSERT INTO "ressources_codecftmea" VALUES(119,'Autres troubles hyperkinétiques',708,1,NULL);
INSERT INTO "ressources_codecftmea" VALUES(120,'Troubles hyperkinétiques non spécifiés',709,1,NULL);
INSERT INTO "ressources_codecftmea" VALUES(121,'Anorexie mentale',710,1,NULL);
INSERT INTO "ressources_codecftmea" VALUES(122,'Anorexie mentale atypique',711,1,NULL);
INSERT INTO "ressources_codecftmea" VALUES(123,'Boulimie',712,1,NULL);
INSERT INTO "ressources_codecftmea" VALUES(124,'Boulimie atypique',713,1,NULL);
INSERT INTO "ressources_codecftmea" VALUES(125,'Troubles des conduites alimentaires du nourrisson et de l''enfant',714,1,NULL);
INSERT INTO "ressources_codecftmea" VALUES(126,'Troubles alimentaires du nouveau né',715,1,NULL);
INSERT INTO "ressources_codecftmea" VALUES(127,'Autres Troubles des Conduites Alimentaires',718,1,NULL);
INSERT INTO "ressources_codecftmea" VALUES(128,'Troubles des Conduites Alimentaires non spécifiés',719,1,NULL);
INSERT INTO "ressources_codecftmea" VALUES(129,'Usage occasionnel de stupéfiant',731,1,NULL);
INSERT INTO "ressources_codecftmea" VALUES(130,'Troubles de l''identité sexuelle',750,1,NULL);
INSERT INTO "ressources_codecftmea" VALUES(131,'Troubles de la préférence sexuelle',751,1,NULL);
INSERT INTO "ressources_codecftmea" VALUES(132,'Manifestations en rapport avec des préoccupations excessives concernant le développement sexuel et son orientation.',752,1,NULL);
INSERT INTO "ressources_codecftmea" VALUES(133,'Autres troubles des conduites sexuelles.',758,1,NULL);
INSERT INTO "ressources_codecftmea" VALUES(134,'Trouble des conduites sexuelles, sans précision.',759,1,NULL);
INSERT INTO "ressources_codecftmea" VALUES(135,'Pyromanie',770,1,NULL);
INSERT INTO "ressources_codecftmea" VALUES(136,'Kleptomanie',771,1,NULL);
INSERT INTO "ressources_codecftmea" VALUES(137,'Trichotillomanie',772,1,NULL);
INSERT INTO "ressources_codecftmea" VALUES(138,'Fugues',773,1,NULL);
INSERT INTO "ressources_codecftmea" VALUES(139,'Violence contre les personnes',774,1,NULL);
INSERT INTO "ressources_codecftmea" VALUES(140,'Conduites à risques',775,1,NULL);
INSERT INTO "ressources_codecftmea" VALUES(141,'Errance',776,1,NULL);
INSERT INTO "ressources_codecftmea" VALUES(142,'Autres troubles caractérisés des conduites',778,1,NULL);
INSERT INTO "ressources_codecftmea" VALUES(143,'Aspects prodromiques',1110,1,NULL);
INSERT INTO "ressources_codecftmea" VALUES(144,'Schizophrénie avérée',1111,1,NULL);
INSERT INTO "ressources_codecftmea" VALUES(145,'Episode maniaque',1410,1,NULL);
INSERT INTO "ressources_codecftmea" VALUES(146,'Episode dépressif',1411,1,NULL);
INSERT INTO "ressources_codecftmea" VALUES(147,'Retard de parole',6010,1,NULL);
INSERT INTO "ressources_codecftmea" VALUES(148,'Retard (simple)de langage',6011,1,NULL);
INSERT INTO "ressources_codecftmea" VALUES(149,'Dysphasie',6012,1,NULL);
INSERT INTO "ressources_codecftmea" VALUES(150,'Autres Troubles du Développement du Langage',6018,1,NULL);
INSERT INTO "ressources_codecftmea" VALUES(151,'Aphasie acquise avec épilepsie (syndrome de Landau-Kleffner)',6020,1,NULL);
INSERT INTO "ressources_codecftmea" VALUES(152,'Autres aphasies acquises',6028,1,NULL);
INSERT INTO "ressources_codecftmea" VALUES(153,'Mutisme Total',6030,1,NULL);
INSERT INTO "ressources_codecftmea" VALUES(154,'Mutisme sélectif',6031,1,NULL);
INSERT INTO "ressources_codecftmea" VALUES(155,'Dyslexie isolée',6100,1,NULL);
INSERT INTO "ressources_codecftmea" VALUES(156,'Trouble de l''orthographe sans trouble de la lecture',6101,1,NULL);
INSERT INTO "ressources_codecftmea" VALUES(157,'Autres troubles lexicographiques',6108,1,NULL);
INSERT INTO "ressources_codecftmea" VALUES(158,'Tics isolés',6210,1,NULL);
INSERT INTO "ressources_codecftmea" VALUES(159,'Maladie de Gilles de la Tourette',6211,1,NULL);
INSERT INTO "ressources_codecftmea" VALUES(160,'Anorexie mentale restrictive',7100,1,NULL);
INSERT INTO "ressources_codecftmea" VALUES(161,'Anorexie mentale boulimique',7101,1,NULL);
INSERT INTO "ressources_codecftmea" VALUES(162,'Usage Continu de stupéfiant',7300,1,NULL);
INSERT INTO "ressources_codecftmea" VALUES(163,'Morphiniques',7301,1,NULL);
INSERT INTO "ressources_codecftmea" VALUES(164,'Cannabis',7302,1,NULL);
INSERT INTO "ressources_codecftmea" VALUES(165,'Hypnotiques et Tranquillisant',7303,1,NULL);
INSERT INTO "ressources_codecftmea" VALUES(166,'Cocaïne',7304,1,NULL);
INSERT INTO "ressources_codecftmea" VALUES(167,'Autres psychostimulants et dysleptiques',7305,1,NULL);
INSERT INTO "ressources_codecftmea" VALUES(168,'Tabac - Caféine',7306,1,NULL);
INSERT INTO "ressources_codecftmea" VALUES(169,'Solvants',7307,1,NULL);
INSERT INTO "ressources_codecftmea" VALUES(170,'Polytoxicomanies',7308,1,NULL);
INSERT INTO "ressources_codecftmea" VALUES(171,'Autres ou non spécifié',7309,1,NULL);
INSERT INTO "ressources_codecftmea" VALUES(172,'Usage occasionnel de stupéfiant',7310,1,NULL);
INSERT INTO "ressources_codecftmea" VALUES(173,'En rémission',7320,1,NULL);
INSERT INTO "ressources_codecftmea" VALUES(174,'Autre stupéfiant',7380,1,NULL);
INSERT INTO "ressources_codecftmea" VALUES(175,'Non spécifié',7390,1,NULL);
INSERT INTO "ressources_codecftmea" VALUES(176,'Trouble de l''identité sexuelle de l''enfance',7500,1,NULL);
INSERT INTO "ressources_codecftmea" VALUES(177,'Trouble de l''identité sexuelle chez lez adolescents',7501,1,NULL);
INSERT INTO "ressources_codecftmea" VALUES(178,'Episode maniaque actuel s''inscrivant dans un trouble affectif bipolaire',14100,1,NULL);
INSERT INTO "ressources_codecftmea" VALUES(179,'Manie sans symptômes psychotiques',14101,1,NULL);
INSERT INTO "ressources_codecftmea" VALUES(180,'Manie avec symptômes psychotiques',14102,1,NULL);
INSERT INTO "ressources_codecftmea" VALUES(181,'etat mixte',14103,1,NULL);
INSERT INTO "ressources_codecftmea" VALUES(182,'Hypomanie',14104,1,NULL);
INSERT INTO "ressources_codecftmea" VALUES(183,'Episode dépressif actuel s''inscrivant dans un trouble affectif bipolaire',14110,1,NULL);
INSERT INTO "ressources_codecftmea" VALUES(184,'Episode dépressif sévère sans dimension mélancolique manifeste',14111,1,NULL);
INSERT INTO "ressources_codecftmea" VALUES(185,'Episode dépressif sévère sans dimension mélancolique manifeste, avec symptômes psychotiques',14112,1,NULL);
INSERT INTO "ressources_codecftmea" VALUES(186,'Episode dépressif sévère avec dimension mélancolique',14113,1,NULL);
INSERT INTO "ressources_codecftmea" VALUES(187,'Episode dépressif sévère avec mélancolie délirante',14114,1,NULL);
INSERT INTO "ressources_codecftmea" VALUES(188,'B1 - Bébé à risque de troubles sévères du développement',15001,1,NULL);
INSERT INTO "ressources_codecftmea" VALUES(189,'B2 - Les dépressions du bébé',15002,1,NULL);
INSERT INTO "ressources_codecftmea" VALUES(190,'B3 - Bébé à risque d''évolution dysharmonique',15003,1,NULL);
INSERT INTO "ressources_codecftmea" VALUES(191,'B4 - Les états du stress',15004,1,NULL);
INSERT INTO "ressources_codecftmea" VALUES(192,'B5 - Hypermaturité et hyperécoute pathologiques',15005,1,NULL);
INSERT INTO "ressources_codecftmea" VALUES(193,'B6 - Distortion du lien',15006,1,NULL);
INSERT INTO "ressources_codecftmea" VALUES(194,'B7 - Retards d''acquisition divers',15007,1,NULL);
INSERT INTO "ressources_codecftmea" VALUES(195,'B8 - Troubles des grandes fonctions psychosomatiques',15008,1,NULL);
INSERT INTO "ressources_codecftmea" VALUES(196,'PAS DE FACTEURS ORGANIQUES RECONNUS',10,2,NULL);
INSERT INTO "ressources_codecftmea" VALUES(197,'FACTEURS ANTE-NATAUX D''ORIGINE MATERNELLE',11,2,NULL);
INSERT INTO "ressources_codecftmea" VALUES(198,'FACTEURS PERINATAUX',12,2,NULL);
INSERT INTO "ressources_codecftmea" VALUES(199,'ATTEINTES CEREBRALES POST-NATALES',13,2,NULL);
INSERT INTO "ressources_codecftmea" VALUES(200,'MALADIES D''ORIGINES GENETIQUES ET CONGENITALES',14,2,NULL);
INSERT INTO "ressources_codecftmea" VALUES(201,'INFIRMITES ET AFFECTIONS SOMATIQUES INVALIDANTES',15,2,NULL);
INSERT INTO "ressources_codecftmea" VALUES(202,'CONVULSIONS ET EPILEPSIES',16,2,NULL);
INSERT INTO "ressources_codecftmea" VALUES(203,'ANTECEDENTS DE MALADIES SOMATIQUES DANS L''ENFANCE',17,2,NULL);
INSERT INTO "ressources_codecftmea" VALUES(204,'AUTRES',18,2,NULL);
INSERT INTO "ressources_codecftmea" VALUES(205,'PAS DE REPONSE POSSIBLE PAR DEFAUT D''INFORMATION',19,2,NULL);
INSERT INTO "ressources_codecftmea" VALUES(206,'Pas de facteurs organiques reconnus',100,2,NULL);
INSERT INTO "ressources_codecftmea" VALUES(207,'Atteinte infectieuse ou parasitaire',110,2,NULL);
INSERT INTO "ressources_codecftmea" VALUES(208,'Atteinte toxique',111,2,NULL);
INSERT INTO "ressources_codecftmea" VALUES(209,'Atteinte liée à une maladie maternelle',112,2,NULL);
INSERT INTO "ressources_codecftmea" VALUES(210,'Autres',113,2,NULL);
INSERT INTO "ressources_codecftmea" VALUES(211,'Prématurité, dysmaturité',120,2,NULL);
INSERT INTO "ressources_codecftmea" VALUES(212,'Souffrance cérébrale périnatale',121,2,NULL);
INSERT INTO "ressources_codecftmea" VALUES(213,'Incompatibilité sanguine foeto-maternelle',122,2,NULL);
INSERT INTO "ressources_codecftmea" VALUES(214,'Autres',123,2,NULL);
INSERT INTO "ressources_codecftmea" VALUES(215,'Atteinte cérébrale post-natale d''origine infectieuse ou parasitaire',130,2,NULL);
INSERT INTO "ressources_codecftmea" VALUES(216,'Atteinte cérébrale post-natale d''origine toxique',131,2,NULL);
INSERT INTO "ressources_codecftmea" VALUES(217,'Atteinte liée à un traumatisme cérébral',132,2,NULL);
INSERT INTO "ressources_codecftmea" VALUES(218,'Tumeurs cérébrales',133,2,NULL);
INSERT INTO "ressources_codecftmea" VALUES(219,'Autres',134,2,NULL);
INSERT INTO "ressources_codecftmea" VALUES(220,'Autres',138,2,NULL);
INSERT INTO "ressources_codecftmea" VALUES(221,'Trisomie 21 ou mongolisme',140,2,NULL);
INSERT INTO "ressources_codecftmea" VALUES(222,'Autre maladie liée à une anomalie chromosomique autosomique',141,2,NULL);
INSERT INTO "ressources_codecftmea" VALUES(223,'Maladie liée à une anomalie chromosomique gonosomique',142,2,NULL);
INSERT INTO "ressources_codecftmea" VALUES(224,'Phénylcétonurie',143,2,NULL);
INSERT INTO "ressources_codecftmea" VALUES(225,'Autres maladies métaboliques',144,2,NULL);
INSERT INTO "ressources_codecftmea" VALUES(226,'Hypothyroïdies congénitales',145,2,NULL);
INSERT INTO "ressources_codecftmea" VALUES(227,'Neuro-ectodermoses congénitales',146,2,NULL);
INSERT INTO "ressources_codecftmea" VALUES(228,'Malformations cérébrales congénitales',147,2,NULL);
INSERT INTO "ressources_codecftmea" VALUES(229,'Autres',148,2,NULL);
INSERT INTO "ressources_codecftmea" VALUES(230,'Déficits sensoriels',150,2,NULL);
INSERT INTO "ressources_codecftmea" VALUES(231,'Atteinte motrice d''origine cérébrale',151,2,NULL);
INSERT INTO "ressources_codecftmea" VALUES(232,'Atteinte neurologique d''origine non cérébrale',152,2,NULL);
INSERT INTO "ressources_codecftmea" VALUES(233,'Affections musculaires',153,2,NULL);
INSERT INTO "ressources_codecftmea" VALUES(234,'Malformations congénitales autres que cérébrales',154,2,NULL);
INSERT INTO "ressources_codecftmea" VALUES(235,'Séquelles d''accident physique sans atteinte cérébrale',155,2,NULL);
INSERT INTO "ressources_codecftmea" VALUES(236,'Déficit immunitaire congénital ou acquis',156,2,NULL);
INSERT INTO "ressources_codecftmea" VALUES(237,'Hémophilie',157,2,NULL);
INSERT INTO "ressources_codecftmea" VALUES(238,'Maladie somatique à long cours',158,2,NULL);
INSERT INTO "ressources_codecftmea" VALUES(239,'Autres',159,2,NULL);
INSERT INTO "ressources_codecftmea" VALUES(240,'Epilepsie idiopathique',160,2,NULL);
INSERT INTO "ressources_codecftmea" VALUES(241,'Encéphalopathie épileptique évolutive et épilepsies sévères',161,2,NULL);
INSERT INTO "ressources_codecftmea" VALUES(242,'Autres épilepsies symptomatiques',162,2,NULL);
INSERT INTO "ressources_codecftmea" VALUES(243,'Manifestations convulsives non épileptiques',163,2,NULL);
INSERT INTO "ressources_codecftmea" VALUES(244,'Autres',164,2,NULL);
INSERT INTO "ressources_codecftmea" VALUES(245,'Autres',168,2,NULL);
INSERT INTO "ressources_codecftmea" VALUES(246,'Antécédents de maladies somatiques dans l''enfance',170,2,NULL);
INSERT INTO "ressources_codecftmea" VALUES(247,'Autres',180,2,NULL);
INSERT INTO "ressources_codecftmea" VALUES(248,'Pas de réponse possible par defaut d''information',190,2,NULL);
INSERT INTO "ressources_codecftmea" VALUES(249,'PAS DE FACTEURS D''ENVIRONNEMENT A RETENIR',20,3,NULL);
INSERT INTO "ressources_codecftmea" VALUES(250,'TROUBLES MENTAUX OU PERTURBATIONS PSYCHOLOGIQUES AVERES DANS LA FAMILLE',21,3,NULL);
INSERT INTO "ressources_codecftmea" VALUES(251,'CARENCES AFFECTIVES, EDUCATIVES, SOCIALES, CULTURELLES',22,3,NULL);
INSERT INTO "ressources_codecftmea" VALUES(252,'MAUVAIS TRAITEMENTS ET NEGLIGENCES GRAVES',23,3,NULL);
INSERT INTO "ressources_codecftmea" VALUES(253,'EVENEMENTS ENTRAINANT LA RUPTURE DE LIENS AFFECTIFS',24,3,NULL);
INSERT INTO "ressources_codecftmea" VALUES(254,'CONTEXTE SOCIO-FAMILIAL PARTICULIER',25,3,NULL);
INSERT INTO "ressources_codecftmea" VALUES(255,'ENFANT NE PAR PROCREATION ARTIFICIELLE',26,3,NULL);
INSERT INTO "ressources_codecftmea" VALUES(256,'AUTRES',28,3,NULL);
INSERT INTO "ressources_codecftmea" VALUES(257,'PAS DE REPONSE POSSIBLE PAR DEFAUT D''INFORMATION',29,3,NULL);
INSERT INTO "ressources_codecftmea" VALUES(258,'Psychose puerpérale',210,3,NULL);
INSERT INTO "ressources_codecftmea" VALUES(259,'Dépression maternelle dans la période post-natale',211,3,NULL);
INSERT INTO "ressources_codecftmea" VALUES(260,'Discontinuité des processus de soins maternels dans la première année',212,3,NULL);
INSERT INTO "ressources_codecftmea" VALUES(261,'Autre trouble important des relations précoces',213,3,NULL);
INSERT INTO "ressources_codecftmea" VALUES(262,'Troubles mentaux d''un ou des parents',214,3,NULL);
INSERT INTO "ressources_codecftmea" VALUES(263,'Troubles mentaux d''un autre membre de la famille',215,3,NULL);
INSERT INTO "ressources_codecftmea" VALUES(264,'Alcoolisme ou toxicomanie parentale',216,3,NULL);
INSERT INTO "ressources_codecftmea" VALUES(265,'Perturbations psychologiques sévères et actuelles dans le réseau familial',217,3,NULL);
INSERT INTO "ressources_codecftmea" VALUES(266,'Autres',218,3,NULL);
INSERT INTO "ressources_codecftmea" VALUES(267,'Autres',219,3,NULL);
INSERT INTO "ressources_codecftmea" VALUES(268,'Carences affectives précoces',220,3,NULL);
INSERT INTO "ressources_codecftmea" VALUES(269,'Carences affectives ultérieures',221,3,NULL);
INSERT INTO "ressources_codecftmea" VALUES(270,'Carences socio-éducatives',222,3,NULL);
INSERT INTO "ressources_codecftmea" VALUES(271,'Autres',223,3,NULL);
INSERT INTO "ressources_codecftmea" VALUES(272,'Autres',228,3,NULL);
INSERT INTO "ressources_codecftmea" VALUES(273,'Sévices et violences physiques',230,3,NULL);
INSERT INTO "ressources_codecftmea" VALUES(274,'Négligences sévères',231,3,NULL);
INSERT INTO "ressources_codecftmea" VALUES(275,'Abus sexuels',232,3,NULL);
INSERT INTO "ressources_codecftmea" VALUES(276,'Autres',233,3,NULL);
INSERT INTO "ressources_codecftmea" VALUES(277,'Autres',238,3,NULL);
INSERT INTO "ressources_codecftmea" VALUES(278,'Hospitalisation ou séjour institutionnel prolongé ou répétitif de l''enfant',240,3,NULL);
INSERT INTO "ressources_codecftmea" VALUES(279,'Rupture itérative des modes de garde',241,3,NULL);
INSERT INTO "ressources_codecftmea" VALUES(280,'Hospitalisation ou séjour institutionnel prolongé ou répétitif des parents',242,3,NULL);
INSERT INTO "ressources_codecftmea" VALUES(281,'Décès d''un ou des parents',243,3,NULL);
INSERT INTO "ressources_codecftmea" VALUES(282,'Décès d''un ou des grands-parents',244,3,NULL);
INSERT INTO "ressources_codecftmea" VALUES(283,'Décès dans la fratrie',245,3,NULL);
INSERT INTO "ressources_codecftmea" VALUES(284,'Abandon parental',246,3,NULL);
INSERT INTO "ressources_codecftmea" VALUES(285,'Autres',247,3,NULL);
INSERT INTO "ressources_codecftmea" VALUES(286,'Autres',248,3,NULL);
INSERT INTO "ressources_codecftmea" VALUES(287,'Gémelité',250,3,NULL);
INSERT INTO "ressources_codecftmea" VALUES(288,'Enfant actuellement placé',251,3,NULL);
INSERT INTO "ressources_codecftmea" VALUES(289,'Enfant adopté',252,3,NULL);
INSERT INTO "ressources_codecftmea" VALUES(290,'Enfant de parents divorcés ou séparés',253,3,NULL);
INSERT INTO "ressources_codecftmea" VALUES(291,'Enfant élevé par les grands-parents',254,3,NULL);
INSERT INTO "ressources_codecftmea" VALUES(292,'Famille mono-parentale',255,3,NULL);
INSERT INTO "ressources_codecftmea" VALUES(293,'Famille immigrée ou trnaplantée',256,3,NULL);
INSERT INTO "ressources_codecftmea" VALUES(294,'Maladie organique grave d''un parent',257,3,NULL);
INSERT INTO "ressources_codecftmea" VALUES(295,'Milieu socio-familial très défavorisé',258,3,NULL);
INSERT INTO "ressources_codecftmea" VALUES(296,'Autre',259,3,NULL);
CREATE TABLE "ressources_familymotive" ("id" integer NOT NULL PRIMARY KEY AUTOINCREMENT, "name" varchar(150) NOT NULL);
INSERT INTO "ressources_familymotive" VALUES(1,'VULNERABILITE FAMILLE/ENVIRONNEMENT');
INSERT INTO "ressources_familymotive" VALUES(2,'RETARD GLOBAL DE DEVELOPPEMENT');
INSERT INTO "ressources_familymotive" VALUES(3,'MALADIE GENERIQUE');
INSERT INTO "ressources_familymotive" VALUES(4,'TROUBLES DU COMPORTEMENT');
INSERT INTO "ressources_familymotive" VALUES(5,'SURVEILLANCE PERINATALE');
INSERT INTO "ressources_familymotive" VALUES(6,'RETARD PSYCHOMOTEUR');
INSERT INTO "ressources_familymotive" VALUES(7,'RETARD DE PAROLE ET DE LANGAGE');
INSERT INTO "ressources_familymotive" VALUES(8,'RETARD DES ACQUISITIONS');
INSERT INTO "ressources_familymotive" VALUES(9,'TROUBLE SENSORIEL/AUDITIF');
INSERT INTO "ressources_familymotive" VALUES(10,'TROUBLE SENSORIEL/VISUEL');
INSERT INTO "ressources_familymotive" VALUES(11,'TROUBLES MOTEURS');
INSERT INTO "ressources_familymotive" VALUES(12,'ENCEPHALOPATHIE D''ETIOLOGIE NON REVELEE');
INSERT INTO "ressources_familymotive" VALUES(13,'ANTECEDENTS MEDICAUX LOURDS');
INSERT INTO "ressources_familymotive" VALUES(14,'SYNDROME PARTICULIER');
INSERT INTO "ressources_familymotive" VALUES(15,'AUTRES');
CREATE TABLE "ressources_familysituationtype" ("id" integer NOT NULL PRIMARY KEY AUTOINCREMENT, "name" varchar(150) NOT NULL);
INSERT INTO "ressources_familysituationtype" VALUES(1,'Couple');
INSERT INTO "ressources_familysituationtype" VALUES(2,'Mère seule');
INSERT INTO "ressources_familysituationtype" VALUES(3,'Père seul');
INSERT INTO "ressources_familysituationtype" VALUES(4,'Enfant placé');
INSERT INTO "ressources_familysituationtype" VALUES(5,'Parents séparés');
CREATE TABLE "ressources_holidaytype" ("id" integer NOT NULL PRIMARY KEY AUTOINCREMENT, "name" varchar(150) NOT NULL, "for_group" bool NOT NULL);
INSERT INTO "ressources_holidaytype" VALUES(1,'Jour férié',1);
INSERT INTO "ressources_holidaytype" VALUES(2,'Congés annuels',1);
INSERT INTO "ressources_holidaytype" VALUES(3,'Congés trimestriels',1);
INSERT INTO "ressources_holidaytype" VALUES(4,'RTT',0);
INSERT INTO "ressources_holidaytype" VALUES(5,'RTT et récupération',0);
INSERT INTO "ressources_holidaytype" VALUES(6,'Récupération',0);
INSERT INTO "ressources_holidaytype" VALUES(7,'En formation',0);
INSERT INTO "ressources_holidaytype" VALUES(8,'Donne une formation',0);
INSERT INTO "ressources_holidaytype" VALUES(9,'Réunion à l''extérieur',0);
INSERT INTO "ressources_holidaytype" VALUES(10,'Congé exceptionnel',0);
INSERT INTO "ressources_holidaytype" VALUES(11,'Congé maladie',0);
INSERT INTO "ressources_holidaytype" VALUES(12,'Congé maternité',0);
INSERT INTO "ressources_holidaytype" VALUES(13,'Heures de délégation',0);
INSERT INTO "ressources_holidaytype" VALUES(14,'Congé sans solde',0);
INSERT INTO "ressources_holidaytype" VALUES(15,'Fin de contrat',0);
INSERT INTO "ressources_holidaytype" VALUES(16,'Journée de solidarité',0);
INSERT INTO "ressources_holidaytype" VALUES(17,'Congé ancienneté',0);
INSERT INTO "ressources_holidaytype" VALUES(18,'Motif inconnu',0);
CREATE TABLE "ressources_inscriptionmotive" ("id" integer NOT NULL PRIMARY KEY AUTOINCREMENT, "name" varchar(150) NOT NULL);
CREATE TABLE "ressources_job" ("id" integer NOT NULL PRIMARY KEY AUTOINCREMENT, "name" varchar(150) NOT NULL);
INSERT INTO "ressources_job" VALUES(1,'EXPLOITANT AGRICOLE');
INSERT INTO "ressources_job" VALUES(2,'ARTISAN - COMMERCANT	');
INSERT INTO "ressources_job" VALUES(3,'CHEF D''ENTREPRISE	');
INSERT INTO "ressources_job" VALUES(4,'PROFESSIONS LIBERALES');
INSERT INTO "ressources_job" VALUES(5,'CADRE	');
INSERT INTO "ressources_job" VALUES(6,'ENSEIGNANT	');
INSERT INTO "ressources_job" VALUES(7,'PROFESSION DE SANTE');
INSERT INTO "ressources_job" VALUES(8,'RELIGIEUX - CLERGE');
INSERT INTO "ressources_job" VALUES(9,'TECHNICIEN - CONTREMAITRE');
INSERT INTO "ressources_job" VALUES(10,'POLICIER');
INSERT INTO "ressources_job" VALUES(11,'MILITAIRE');
INSERT INTO "ressources_job" VALUES(12,'EMPLOYE');
INSERT INTO "ressources_job" VALUES(13,'OUVRIER QUALIFIE');
INSERT INTO "ressources_job" VALUES(14,'OUVRIER NON QUALIFIE');
INSERT INTO "ressources_job" VALUES(15,'TRAVAIL A DOMICILE');
INSERT INTO "ressources_job" VALUES(16,'INVALIDITE');
INSERT INTO "ressources_job" VALUES(17,'ARTISTE');
INSERT INTO "ressources_job" VALUES(18,'RETRAITE');
INSERT INTO "ressources_job" VALUES(19,'FORMATION');
INSERT INTO "ressources_job" VALUES(20,'ETUDIANT – ELEVE');
INSERT INTO "ressources_job" VALUES(21,'CHOMAGE');
INSERT INTO "ressources_job" VALUES(22,'ALLOCATIONS DIVERSES');
INSERT INTO "ressources_job" VALUES(23,'AU FOYER');
INSERT INTO "ressources_job" VALUES(24,'DIVERS');
INSERT INTO "ressources_job" VALUES(25,'OUVRIER AGRICOLE');
INSERT INTO "ressources_job" VALUES(26,'PARENT ABSENT');
INSERT INTO "ressources_job" VALUES(27,'PARENT DECEDE');
INSERT INTO "ressources_job" VALUES(28,'SANS ACTIVITE PROFESSIONNELLE');
CREATE TABLE "ressources_largeregime" ("id" integer NOT NULL PRIMARY KEY AUTOINCREMENT, "name" varchar(150) NOT NULL, "code" varchar(2) NOT NULL);
INSERT INTO "ressources_largeregime" VALUES(1,'REGIME GENERAL','01');
INSERT INTO "ressources_largeregime" VALUES(2,'REGIME AGRICOLE','02');
INSERT INTO "ressources_largeregime" VALUES(3,'ASSURANCE MALADIE DES PROFESSIONS INDEPENDANTES (AMPI)','03');
INSERT INTO "ressources_largeregime" VALUES(4,'S.N.C.F','04');
INSERT INTO "ressources_largeregime" VALUES(5,'R.A.T.P','05');
INSERT INTO "ressources_largeregime" VALUES(6,'ETABLISSEMENT NATIONAL DES INVALIDES DE LA MARINE (ENIM)','06');
INSERT INTO "ressources_largeregime" VALUES(7,'MINEURS ET ASSIMILES','07');
INSERT INTO "ressources_largeregime" VALUES(8,'MILITAIRES DE CARRIERE','08');
INSERT INTO "ressources_largeregime" VALUES(9,'PERSONNEL DE LA BANQUE DE FRANCE','09');
INSERT INTO "ressources_largeregime" VALUES(10,'CLERS ET EMPLOYES DE NOTAIRES','10');
INSERT INTO "ressources_largeregime" VALUES(11,'CHAMBRE DE COMMERCE ET D''INDUSTRIE DE PARIS','12');
INSERT INTO "ressources_largeregime" VALUES(12,'ASSEMBLEE NATIONALE','14');
INSERT INTO "ressources_largeregime" VALUES(13,'SENAT','15');
INSERT INTO "ressources_largeregime" VALUES(14,'PORT AUTONOME DE BORDEAUX','16');
INSERT INTO "ressources_largeregime" VALUES(15,'CAISSE DES FRANCAIS A L''ETRANGER','17');
INSERT INTO "ressources_largeregime" VALUES(16,'MINISTERE DES ANCIENS COMBATTANTS','80');
INSERT INTO "ressources_largeregime" VALUES(17,'CAISSE D''ASSURANCE VIEILLESSE, INVALIDITE ET MALADIE DES CULTES','90');
INSERT INTO "ressources_largeregime" VALUES(18,'MUTUELLE GENERALE DE L''EDUCATION NATIONALE - M.G.E.N -','91');
INSERT INTO "ressources_largeregime" VALUES(19,'MUTUELLE GENERALE - M.G - (ex PTT)','92');
INSERT INTO "ressources_largeregime" VALUES(20,'MUTUELLE GENERALE DE LA POLICE','93');
INSERT INTO "ressources_largeregime" VALUES(21,'MUTUELLES DES FONCTIONNAIRES - SLI -','94');
INSERT INTO "ressources_largeregime" VALUES(22,'M.N. HOSPITALIERS','95');
INSERT INTO "ressources_largeregime" VALUES(23,'MUTUELLE NATIONALE DE L''AVIATION ET DE LA MARINE','96');
INSERT INTO "ressources_largeregime" VALUES(24,'AUTRES MUTUELLES','99');
CREATE TABLE "ressources_managementcode" ("id" integer NOT NULL PRIMARY KEY AUTOINCREMENT, "name" varchar(150) NOT NULL, "code" varchar(10) NOT NULL, "old_id" varchar(256) NULL);
CREATE TABLE "ressources_maritalstatustype" ("id" integer NOT NULL PRIMARY KEY AUTOINCREMENT, "name" varchar(150) NOT NULL);
INSERT INTO "ressources_maritalstatustype" VALUES(1,'Marié');
INSERT INTO "ressources_maritalstatustype" VALUES(2,'Séparé');
INSERT INTO "ressources_maritalstatustype" VALUES(3,'Divorcé');
INSERT INTO "ressources_maritalstatustype" VALUES(4,'Veuf');
INSERT INTO "ressources_maritalstatustype" VALUES(5,'Absent - Inconnu');
INSERT INTO "ressources_maritalstatustype" VALUES(6,'Concubin');
INSERT INTO "ressources_maritalstatustype" VALUES(7,'Décédé');
INSERT INTO "ressources_maritalstatustype" VALUES(8,'Célibataire');
CREATE TABLE "ressources_mdph" ("id" integer NOT NULL PRIMARY KEY AUTOINCREMENT, "department" varchar(200) NOT NULL, "description" text NULL, "phone" varchar(20) NULL, "fax" varchar(20) NULL, "email" varchar(75) NULL, "website" varchar(200) NULL, "address" varchar(120) NULL, "address_complement" varchar(120) NULL, "zip_code" varchar(5) NULL, "city" varchar(80) NULL);
INSERT INTO "ressources_mdph" VALUES(1,'Loire','','0477499191','','','www.loire.fr/display.jsp?id=c_302585','23 rue d’Arcole','','42000','Saint-Etienne');
INSERT INTO "ressources_mdph" VALUES(2,'Haute-Loire','','0471072180','0471072199','accueil@mdph43.fr','','9, rue des Moulins','BP 114','43003','Le Puy en Velay');
INSERT INTO "ressources_mdph" VALUES(3,'Puy-de-Dôme','','0473745120','0473745128','mdph@cg63.fr','','11 rue Vaucanson','','63000','Clermont-Ferrand');
INSERT INTO "ressources_mdph" VALUES(4,'Ardèche','','0800070700','','mdph@cg07.fr','','Pôle Astier-Froment','BP 737','07007','Privas');
CREATE TABLE "ressources_mdphrequest" ("id" integer NOT NULL PRIMARY KEY AUTOINCREMENT, "start_date" date NOT NULL, "comment" text NULL, "created" datetime NOT NULL, "mdph_id" integer NOT NULL REFERENCES "ressources_mdph" ("id"));
CREATE TABLE "ressources_mdphresponse" ("id" integer NOT NULL PRIMARY KEY AUTOINCREMENT, "start_date" date NOT NULL, "end_date" date NOT NULL, "comment" text NULL, "created" datetime NOT NULL, "type_aide" integer NOT NULL, "name" varchar(200) NULL, "rate" varchar(10) NULL, "mdph_id" integer NOT NULL REFERENCES "ressources_mdph" ("id"));
CREATE TABLE "ressources_nationality" ("id" integer NOT NULL PRIMARY KEY AUTOINCREMENT, "name" varchar(150) NOT NULL);
CREATE TABLE "ressources_office" ("id" integer NOT NULL PRIMARY KEY AUTOINCREMENT, "name" varchar(150) NOT NULL, "description" text NULL, "phone" varchar(20) NULL, "fax" varchar(20) NULL, "email" varchar(75) NULL, "address" varchar(120) NULL, "address_complement" varchar(120) NULL, "zip_code" varchar(5) NULL, "city" varchar(80) NULL);
INSERT INTO "ressources_office" VALUES(1,'Association Prévention Soins','CAMSP - CMPP - SESSAD (dysphasie) -  SESSAD TED','0477920570','0477211299','','66-68 rue Marengo','','42000','Saint-Etienne');
CREATE TABLE "ressources_outmotive" ("id" integer NOT NULL PRIMARY KEY AUTOINCREMENT, "name" varchar(150) NOT NULL);
INSERT INTO "ressources_outmotive" VALUES(1,'Arrêt en accord');
INSERT INTO "ressources_outmotive" VALUES(2,'Rupture de la famille');
INSERT INTO "ressources_outmotive" VALUES(3,'déménagement');
INSERT INTO "ressources_outmotive" VALUES(4,'Passage CMPP');
INSERT INTO "ressources_outmotive" VALUES(5,'CLIS');
INSERT INTO "ressources_outmotive" VALUES(6,'I.M.E.');
INSERT INTO "ressources_outmotive" VALUES(7,'secteur pédopsychiatrique');
INSERT INTO "ressources_outmotive" VALUES(8,'Jardin Thérapeutique');
INSERT INTO "ressources_outmotive" VALUES(9,'S.E.S.S.A.D. TED');
INSERT INTO "ressources_outmotive" VALUES(10,'S.S.E.S.D. APF');
INSERT INTO "ressources_outmotive" VALUES(11,'S.E.S.S.A.D. Chantalouette');
INSERT INTO "ressources_outmotive" VALUES(12,'Prise en charge libérale');
INSERT INTO "ressources_outmotive" VALUES(13,'DYS42');
INSERT INTO "ressources_outmotive" VALUES(14,'S.E.S.S.A.D.APS');
INSERT INTO "ressources_outmotive" VALUES(15,'DECES');
INSERT INTO "ressources_outmotive" VALUES(16,'AUTRE CAMSP, Spécialisé');
CREATE TABLE "ressources_outto" ("id" integer NOT NULL PRIMARY KEY AUTOINCREMENT, "name" varchar(150) NOT NULL);
INSERT INTO "ressources_outto" VALUES(1,'CP sans autre prise en charge');
INSERT INTO "ressources_outto" VALUES(2,'CP avec prise en charge libérale');
INSERT INTO "ressources_outto" VALUES(3,'CP avec SESSAD');
INSERT INTO "ressources_outto" VALUES(4,'CLIS');
INSERT INTO "ressources_outto" VALUES(5,'IME Chantalouette');
INSERT INTO "ressources_outto" VALUES(6,'IME Beaulieu');
INSERT INTO "ressources_outto" VALUES(7,'IME Méons');
INSERT INTO "ressources_outto" VALUES(8,'Maxime le Forestier');
INSERT INTO "ressources_outto" VALUES(9,'Les Petits Princes');
INSERT INTO "ressources_outto" VALUES(10,'Maintien en maternelle');
INSERT INTO "ressources_outto" VALUES(11,'PEC libérale uniquement');
INSERT INTO "ressources_outto" VALUES(12,'Secteur Pédopsy');
INSERT INTO "ressources_outto" VALUES(13,'Autre C.A.M.S.P.');
INSERT INTO "ressources_outto" VALUES(14,'IME ANGELUS');
CREATE TABLE "ressources_parentalauthoritytype" ("id" integer NOT NULL PRIMARY KEY AUTOINCREMENT, "name" varchar(150) NOT NULL);
INSERT INTO "ressources_parentalauthoritytype" VALUES(1,'Père');
INSERT INTO "ressources_parentalauthoritytype" VALUES(2,'Mère');
INSERT INTO "ressources_parentalauthoritytype" VALUES(3,'Parents');
INSERT INTO "ressources_parentalauthoritytype" VALUES(4,'Partagée');
INSERT INTO "ressources_parentalauthoritytype" VALUES(5,'Enfant placé');
CREATE TABLE "ressources_parentalcustodytype" ("id" integer NOT NULL PRIMARY KEY AUTOINCREMENT, "name" varchar(150) NOT NULL);
INSERT INTO "ressources_parentalcustodytype" VALUES(1,'1');
INSERT INTO "ressources_parentalcustodytype" VALUES(2,'2');
INSERT INTO "ressources_parentalcustodytype" VALUES(3,'3');
INSERT INTO "ressources_parentalcustodytype" VALUES(4,'4');
INSERT INTO "ressources_parentalcustodytype" VALUES(5,'5');
CREATE TABLE "ressources_patientrelatedlink" ("id" integer NOT NULL PRIMARY KEY AUTOINCREMENT, "name" varchar(150) NOT NULL, "old_camsp_id" varchar(256) NULL, "old_cmpp_id" varchar(256) NULL, "old_sessad_dys_id" varchar(256) NULL, "old_sessad_ted_id" varchar(256) NULL);
INSERT INTO "ressources_patientrelatedlink" VALUES(1,'Père','1','1','1','1');
INSERT INTO "ressources_patientrelatedlink" VALUES(2,'Mère','2','2','2','2');
INSERT INTO "ressources_patientrelatedlink" VALUES(3,'Oncle','','3','','');
INSERT INTO "ressources_patientrelatedlink" VALUES(4,'Tante','','4','','');
INSERT INTO "ressources_patientrelatedlink" VALUES(5,'Enfant assurant lui-même','4','5','','3');
INSERT INTO "ressources_patientrelatedlink" VALUES(6,'Beau-père','','6','','');
INSERT INTO "ressources_patientrelatedlink" VALUES(7,'Grand-père','','7','','');
INSERT INTO "ressources_patientrelatedlink" VALUES(8,'Famille d''accueil','','8','','');
INSERT INTO "ressources_patientrelatedlink" VALUES(9,'Belle-mère','','9','','');
INSERT INTO "ressources_patientrelatedlink" VALUES(10,'Éducateur','','','','4');
INSERT INTO "ressources_patientrelatedlink" VALUES(11,'Grand-mère maternelle','3','','','');
CREATE TABLE "ressources_priceperact" ("id" integer NOT NULL PRIMARY KEY AUTOINCREMENT, "price" decimal NOT NULL, "start_date" date NOT NULL);
CREATE TABLE "ressources_provenance" ("id" integer NOT NULL PRIMARY KEY AUTOINCREMENT, "name" varchar(150) NOT NULL, "old_id" varchar(256) NULL, "old_service" varchar(256) NULL);
INSERT INTO "ressources_provenance" VALUES(1,'Dr BLANCHON','1','SESSAD TED');
INSERT INTO "ressources_provenance" VALUES(2,'CAMSP','2','SESSAD TED');
INSERT INTO "ressources_provenance" VALUES(3,'Dr ROUSSON','3','SESSAD TED');
INSERT INTO "ressources_provenance" VALUES(4,'CMP','4','SESSAD TED');
INSERT INTO "ressources_provenance" VALUES(5,'ENSEIGNANTS','1','CMPP');
INSERT INTO "ressources_provenance" VALUES(6,'ASSISTANTES SOCIALES','2','CMPP');
INSERT INTO "ressources_provenance" VALUES(7,'R.A.S.E.D.','3','CMPP');
INSERT INTO "ressources_provenance" VALUES(8,'C.I.O.','4','CMPP');
INSERT INTO "ressources_provenance" VALUES(9,'MEDECINS SANTE SCOLAIRE','5','CMPP');
INSERT INTO "ressources_provenance" VALUES(10,'C.D.A.','6','CMPP');
INSERT INTO "ressources_provenance" VALUES(11,'PARENTS CONNAISSENT LE SERVICE','7','CMPP');
INSERT INTO "ressources_provenance" VALUES(12,'ENTOURAGE','8','CMPP');
INSERT INTO "ressources_provenance" VALUES(13,'MEDECIN DE FAMILLE','9','CMPP');
INSERT INTO "ressources_provenance" VALUES(14,'PARAMEDICAUX','10','CMPP');
INSERT INTO "ressources_provenance" VALUES(15,'SERVICES SPECIAL. - SAUV. JUGE','11','CMPP');
INSERT INTO "ressources_provenance" VALUES(16,'C.A.M.S.P.','12','CMPP');
INSERT INTO "ressources_provenance" VALUES(17,'DIVERS','13','CMPP');
INSERT INTO "ressources_provenance" VALUES(18,'ENFANT LUI-MEME','14','CMPP');
INSERT INTO "ressources_provenance" VALUES(19,'A DEJA ETE SUIVI AU CMPP','15','CMPP');
INSERT INTO "ressources_provenance" VALUES(20,'AUTRE SERVICE DE SOINS','16','CMPP');
INSERT INTO "ressources_provenance" VALUES(21,'AISPAS','17','CMPP');
INSERT INTO "ressources_provenance" VALUES(22,'SESSAD ST ETIENNE','18','CMPP');
INSERT INTO "ressources_provenance" VALUES(23,'CRÈCHE','1','CAMSP');
INSERT INTO "ressources_provenance" VALUES(24,'ECOLE MATERNELLE','2','CAMSP');
INSERT INTO "ressources_provenance" VALUES(25,'MÉDECIN DE PMI','3','CAMSP');
INSERT INTO "ressources_provenance" VALUES(26,'MÉDECIN SCOLAIRE','4','CAMSP');
INSERT INTO "ressources_provenance" VALUES(27,'FAMILLE','5','CAMSP');
INSERT INTO "ressources_provenance" VALUES(28,'C.M.P.P. (FRATRIE)','6','CAMSP');
INSERT INTO "ressources_provenance" VALUES(29,'INTERVENANT LIBÉRAL','7','CAMSP');
INSERT INTO "ressources_provenance" VALUES(30,'PSYCHOLOGUE SCOLAIRE','8','CAMSP');
INSERT INTO "ressources_provenance" VALUES(31,'SERVICE PÉDIATRIQUE CHU','9','CAMSP');
INSERT INTO "ressources_provenance" VALUES(32,'SERVICE NÉONATOLOGIE CHU','10','CAMSP');
INSERT INTO "ressources_provenance" VALUES(33,'SERVICE GÉNÉTIQUE CHU','11','CAMSP');
INSERT INTO "ressources_provenance" VALUES(34,'SERVICE ORL','12','CAMSP');
INSERT INTO "ressources_provenance" VALUES(35,'SECTEUR PSYCHIATRIQUE','13','CAMSP');
INSERT INTO "ressources_provenance" VALUES(36,'MÉDECIN TRAITANT','14','CAMSP');
INSERT INTO "ressources_provenance" VALUES(37,'PÉDIATRE TRAITANT','15','CAMSP');
INSERT INTO "ressources_provenance" VALUES(38,'SAUVEGARDE DE L''ENFANCE','16','CAMSP');
INSERT INTO "ressources_provenance" VALUES(39,'AUTRE SERVICE DE SOINS','17','CAMSP');
INSERT INTO "ressources_provenance" VALUES(40,'C.D.E.S. - C.C.P.E.','18','CAMSP');
INSERT INTO "ressources_provenance" VALUES(41,'AUTRE C.A.M.S.P.','19','CAMSP');
INSERT INTO "ressources_provenance" VALUES(42,'AIDE SOCIALE À L''ENFANCE','20','CAMSP');
INSERT INTO "ressources_provenance" VALUES(43,'CAMSP ST ETIENNE','1','SESSAD DYS');
INSERT INTO "ressources_provenance" VALUES(44,'CAMSP FIRMINY','2','SESSAD DYS');
INSERT INTO "ressources_provenance" VALUES(45,'CAMSP MONTBRISON','3','SESSAD DYS');
INSERT INTO "ressources_provenance" VALUES(46,'INTERSECTEUR','4','SESSAD DYS');
INSERT INTO "ressources_provenance" VALUES(47,'CMPP ST ETIENNE','5','SESSAD DYS');
INSERT INTO "ressources_provenance" VALUES(48,'CMPP ST CHAMOND','6','SESSAD DYS');
INSERT INTO "ressources_provenance" VALUES(49,'CMPP FIRMINY','7','SESSAD DYS');
INSERT INTO "ressources_provenance" VALUES(50,'CENTRE RÉFÉRENT','8','SESSAD DYS');
CREATE TABLE "ressources_provenanceplace" ("id" integer NOT NULL PRIMARY KEY AUTOINCREMENT, "name" varchar(150) NOT NULL);
CREATE TABLE "ressources_ressource" ("id" integer NOT NULL PRIMARY KEY AUTOINCREMENT, "name" varchar(150) NOT NULL, "etablissement_id" integer NOT NULL REFERENCES "ressources_office" ("id"));
CREATE TABLE "ressources_schoollevel" ("id" integer NOT NULL PRIMARY KEY AUTOINCREMENT, "name" varchar(150) NOT NULL, "old_id" varchar(256) NULL, "old_service" varchar(256) NULL);
INSERT INTO "ressources_schoollevel" VALUES(1,'PS','1','SESSAD TED');
INSERT INTO "ressources_schoollevel" VALUES(2,'MS','2','SESSAD TED');
INSERT INTO "ressources_schoollevel" VALUES(3,'GS','3','SESSAD TED');
INSERT INTO "ressources_schoollevel" VALUES(4,'CP','4','SESSAD TED');
INSERT INTO "ressources_schoollevel" VALUES(5,'NON SCOLARISE','5','SESSAD TED');
INSERT INTO "ressources_schoollevel" VALUES(6,'CLIS','6','SESSAD TED');
INSERT INTO "ressources_schoollevel" VALUES(7,'MATERNELLE','1','CMPP');
INSERT INTO "ressources_schoollevel" VALUES(8,'PRIMAIRE','2','CMPP');
INSERT INTO "ressources_schoollevel" VALUES(9,'COLLEGE','3','CMPP');
INSERT INTO "ressources_schoollevel" VALUES(10,'LYCEE','4','CMPP');
INSERT INTO "ressources_schoollevel" VALUES(11,'LYCEE PROFESSIONNEL','5','CMPP');
INSERT INTO "ressources_schoollevel" VALUES(12,'CLASSE DE PERFECTIONNEMENT','6','CMPP');
INSERT INTO "ressources_schoollevel" VALUES(13,'SEGPA (SES)','7','CMPP');
INSERT INTO "ressources_schoollevel" VALUES(14,'ETUDIANT','8','CMPP');
INSERT INTO "ressources_schoollevel" VALUES(15,'EREA','9','CMPP');
INSERT INTO "ressources_schoollevel" VALUES(16,'HANDICAPE MOTEUR','10','CMPP');
INSERT INTO "ressources_schoollevel" VALUES(17,'NON SCOLARISE','11','CMPP');
INSERT INTO "ressources_schoollevel" VALUES(18,'INTERNAT','12','CMPP');
INSERT INTO "ressources_schoollevel" VALUES(19,'APPRENTISSAGE','13','CMPP');
INSERT INTO "ressources_schoollevel" VALUES(20,'xxx','1','CAMSP');
INSERT INTO "ressources_schoollevel" VALUES(21,'GRANDE SECTION','1','SESSAD DYS');
INSERT INTO "ressources_schoollevel" VALUES(22,'CP','2','SESSAD DYS');
INSERT INTO "ressources_schoollevel" VALUES(23,'CE1','3','SESSAD DYS');
INSERT INTO "ressources_schoollevel" VALUES(24,'CE2','4','SESSAD DYS');
INSERT INTO "ressources_schoollevel" VALUES(25,'CM1','5','SESSAD DYS');
INSERT INTO "ressources_schoollevel" VALUES(26,'CM2','6','SESSAD DYS');
INSERT INTO "ressources_schoollevel" VALUES(27,'CLIS','7','SESSAD DYS');
INSERT INTO "ressources_schoollevel" VALUES(28,'6ÈME','8','SESSAD DYS');
INSERT INTO "ressources_schoollevel" VALUES(29,'5ÈME','9','SESSAD DYS');
INSERT INTO "ressources_schoollevel" VALUES(30,'4ÈME','10','SESSAD DYS');
INSERT INTO "ressources_schoollevel" VALUES(31,'3ÈME','11','SESSAD DYS');
INSERT INTO "ressources_schoollevel" VALUES(32,'SECONDE','12','SESSAD DYS');
INSERT INTO "ressources_schoollevel" VALUES(33,'6ÈME SEGPA','13','SESSAD DYS');
INSERT INTO "ressources_schoollevel" VALUES(34,'5ÈME SEGPA','14','SESSAD DYS');
INSERT INTO "ressources_schoollevel" VALUES(35,'4ÈME SEGPA','15','SESSAD DYS');
INSERT INTO "ressources_schoollevel" VALUES(36,'3ÈME SEGPA','16','SESSAD DYS');
INSERT INTO "ressources_schoollevel" VALUES(37,'ULIS','17','SESSAD DYS');
INSERT INTO "ressources_schoollevel" VALUES(38,'6ÈME ULIS','18','SESSAD DYS');
INSERT INTO "ressources_schoollevel" VALUES(39,'5ème ULIS','19','SESSAD DYS');
INSERT INTO "ressources_schoollevel" VALUES(40,'4ÈME ULIS','20','SESSAD DYS');
INSERT INTO "ressources_schoollevel" VALUES(41,'3ème ULIS','21','SESSAD DYS');
CREATE TABLE "ressources_schoolteacherrole" ("id" integer NOT NULL PRIMARY KEY AUTOINCREMENT, "name" varchar(150) NOT NULL);
CREATE TABLE "ressources_schooltype" ("id" integer NOT NULL PRIMARY KEY AUTOINCREMENT, "name" varchar(150) NOT NULL);
INSERT INTO "ressources_schooltype" VALUES(1,'Crèche');
INSERT INTO "ressources_schooltype" VALUES(2,'Ecole maternelle');
INSERT INTO "ressources_schooltype" VALUES(3,'Ecole primaire');
INSERT INTO "ressources_schooltype" VALUES(4,'Collège');
INSERT INTO "ressources_schooltype" VALUES(5,'Lycée');
INSERT INTO "ressources_schooltype" VALUES(6,'Etudes supérieures');
INSERT INTO "ressources_schooltype" VALUES(7,'CFA');
INSERT INTO "ressources_schooltype" VALUES(8,'Inconnu');
CREATE TABLE "ressources_service" ("id" integer NOT NULL PRIMARY KEY AUTOINCREMENT, "name" varchar(150) NOT NULL, "slug" varchar(50) NOT NULL, "description" text NOT NULL, "phone" varchar(20) NOT NULL, "fax" varchar(20) NOT NULL, "email" varchar(75) NOT NULL);
INSERT INTO "ressources_service" VALUES(1,'CMPP','cmpp','','','','');
INSERT INTO "ressources_service" VALUES(2,'CAMSP','camsp','','','','');
INSERT INTO "ressources_service" VALUES(3,'SESSAD DYS','sessad-dys','','','','');
INSERT INTO "ressources_service" VALUES(4,'SESSAD TED','sessad-ted','','','','');
CREATE TABLE "ressources_sessiontype" ("id" integer NOT NULL PRIMARY KEY AUTOINCREMENT, "name" varchar(150) NOT NULL);
CREATE TABLE "ressources_socialisationduration" ("id" integer NOT NULL PRIMARY KEY AUTOINCREMENT, "redoublement" bool NOT NULL, "start_date" date NOT NULL, "contact" varchar(200) NULL, "end_date" date NULL, "created" datetime NOT NULL, "comment" text NULL, "level_id" integer NULL REFERENCES "ressources_schoollevel" ("id"), "school_id" integer NULL REFERENCES "ressources_school" ("id"));
CREATE TABLE "ressources_transportcompany" ("id" integer NOT NULL PRIMARY KEY AUTOINCREMENT, "name" varchar(150) NOT NULL, "description" text NULL, "address" varchar(120) NULL, "address_complement" varchar(120) NULL, "zip_code" varchar(5) NULL, "city" varchar(80) NULL, "phone" varchar(20) NULL, "fax" varchar(30) NULL, "email" varchar(75) NULL, "correspondant" varchar(80) NULL, "old_camsp_id" varchar(256) NULL, "old_cmpp_id" varchar(256) NULL, "old_sessad_dys_id" varchar(256) NULL, "old_sessad_ted_id" varchar(256) NULL);
INSERT INTO "ressources_transportcompany" VALUES(1,'TAXI REYMONDON',NULL,'Route du Violet','','42660','SAINT GENEST MALIFAUX','04.77.39.08.88','','taxi.p.r@orange.fr','','1','1','1','');
INSERT INTO "ressources_transportcompany" VALUES(2,'TAXI LAFOND',NULL,'2, Rue C. Coignet','','42160','ANDREZIEUX BOUTHEON','04.7736.61.48','','','','','2','2','');
INSERT INTO "ressources_transportcompany" VALUES(3,'TAXI PIAZON',NULL,'','','','','','','','','2','3','','');
INSERT INTO "ressources_transportcompany" VALUES(4,'TAL''AMBULANCES',NULL,'2, Rue du Stade','','42350','LA TALAUDIERE','04.77.53.41.41','','','','','4','','');
INSERT INTO "ressources_transportcompany" VALUES(5,'BOURGIN TAXIS',NULL,'Le Bourg','','42560','SOLEYMIEUX','04.77.76.71.41','','','','','5','','');
INSERT INTO "ressources_transportcompany" VALUES(6,'TAXI DE VILLE',NULL,'7, Rue Louis Lumière','','42000','SAINT ETIENNE','0427862323','','','Madame BRUYAS','','6','','');
INSERT INTO "ressources_transportcompany" VALUES(7,'Taxi BOURGIN',NULL,'','','42380','ESTIVAREILLES','','','','','','7','','');
INSERT INTO "ressources_transportcompany" VALUES(8,'CENTRE AMBULANCIER MONTBRISONNAIS',NULL,'46, Rue des Grands Chênes','','42600','MONTBRISON','','','','','','8','','');
INSERT INTO "ressources_transportcompany" VALUES(9,'TAXI BOGY',NULL,'Résidence Le Mermoz','Rue Molière - Allée B','42160','ANDREZIEUX','04.7736.55.85','','','','','','3','');
INSERT INTO "ressources_transportcompany" VALUES(10,'CHAMBON AMBULANCES',NULL,'8, Rue du 11 Novembre','','42500','LE CHAMBON FEUGEROLLES','04.77.80.75.88','','','','','','4','');
INSERT INTO "ressources_transportcompany" VALUES(11,'FOURNEL',NULL,'','','','','','','','','','','5','');
INSERT INTO "ressources_transportcompany" VALUES(12,'GAGNAIRE',NULL,'1, Place Jean Jaurès','','42230','ROCHE LA MOLIERE','0477906527','','','','','','6','');
INSERT INTO "ressources_transportcompany" VALUES(13,'Taxi CHANUT',NULL,'1 Bis, Rue du 19 Mars 1962','','42160','SAINT CYPRIEN','0477369321','','','','','','7','');
INSERT INTO "ressources_transportcompany" VALUES(14,'TAXIS St HEAND',NULL,'1 Allée Chancarte','','42570','SAINT HEAND','04.77.30.95.95','','','','4','','','');
INSERT INTO "ressources_transportcompany" VALUES(15,'FAURE -THIZY',NULL,'5 Route de Saint Etienne','','42400','SAINT CHAMOND','04.77.226.239','','','JJ FAURE 06.80.28.45.39   Frédéric THIZY 06.07.33.07.27','5','','','');
CREATE TABLE "ressources_transporttype" ("id" integer NOT NULL PRIMARY KEY AUTOINCREMENT, "name" varchar(150) NOT NULL);
INSERT INTO "ressources_transporttype" VALUES(1,'V.S.L.');
INSERT INTO "ressources_transporttype" VALUES(2,'Transports en commun');
INSERT INTO "ressources_transporttype" VALUES(3,'Voiture particulière');
CREATE TABLE "ressources_uninvoicablecode" ("id" integer NOT NULL PRIMARY KEY AUTOINCREMENT);
CREATE TABLE "ressources_workertype" ("id" integer NOT NULL PRIMARY KEY AUTOINCREMENT, "name" varchar(150) NOT NULL, "intervene" bool NOT NULL);
INSERT INTO "ressources_workertype" VALUES(1,'Directrice pédagogique et administrative',1);
INSERT INTO "ressources_workertype" VALUES(2,'Assistantes sociales',1);
INSERT INTO "ressources_workertype" VALUES(3,'Médecins',1);
INSERT INTO "ressources_workertype" VALUES(4,'Psychologues',1);
INSERT INTO "ressources_workertype" VALUES(5,'Neuropsychologues',1);
INSERT INTO "ressources_workertype" VALUES(6,'Orthophonistes',1);
INSERT INTO "ressources_workertype" VALUES(7,'Psychomotriciens',1);
INSERT INTO "ressources_workertype" VALUES(8,'Ergothérapeutes',1);
INSERT INTO "ressources_workertype" VALUES(9,'Educateurs',1);
INSERT INTO "ressources_workertype" VALUES(10,'Secrétaires',0);
INSERT INTO "ressources_workertype" VALUES(11,'Comptables',0);
INSERT INTO "ressources_workertype" VALUES(12,'Agents d''entretien',0);
INSERT INTO "ressources_workertype" VALUES(13,'Stagiaires',0);
INSERT INTO "ressources_workertype" VALUES(14,'Formateurs',0);
INSERT INTO "ressources_workertype" VALUES(15,'Président',0);
INSERT INTO "ressources_workertype" VALUES(16,'Kinésithérapeute',1);
INSERT INTO "ressources_workertype" VALUES(17,'Psychopédagogue',1);
INSERT INTO "ressources_workertype" VALUES(18,'Non défini',1);
INSERT INTO "ressources_workertype" VALUES(19,'Pédiatre',1);
INSERT INTO "ressources_workertype" VALUES(20,'Médecin généraliste',1);
CREATE TABLE "ressources_schooltype_services" ("id" integer NOT NULL PRIMARY KEY AUTOINCREMENT, "schooltype_id" integer NOT NULL REFERENCES "ressources_schooltype" ("id"), "service_id" integer NOT NULL REFERENCES "ressources_service" ("id"), UNIQUE ("schooltype_id", "service_id"));
INSERT INTO "ressources_schooltype_services" VALUES(1,1,1);
INSERT INTO "ressources_schooltype_services" VALUES(2,1,3);
INSERT INTO "ressources_schooltype_services" VALUES(3,1,2);
INSERT INTO "ressources_schooltype_services" VALUES(4,1,4);
INSERT INTO "ressources_schooltype_services" VALUES(5,2,1);
INSERT INTO "ressources_schooltype_services" VALUES(6,2,3);
INSERT INTO "ressources_schooltype_services" VALUES(7,2,2);
INSERT INTO "ressources_schooltype_services" VALUES(8,2,4);
INSERT INTO "ressources_schooltype_services" VALUES(9,3,1);
INSERT INTO "ressources_schooltype_services" VALUES(10,3,3);
INSERT INTO "ressources_schooltype_services" VALUES(11,3,2);
INSERT INTO "ressources_schooltype_services" VALUES(12,4,1);
INSERT INTO "ressources_schooltype_services" VALUES(13,4,3);
INSERT INTO "ressources_schooltype_services" VALUES(14,5,1);
INSERT INTO "ressources_schooltype_services" VALUES(15,5,3);
INSERT INTO "ressources_schooltype_services" VALUES(16,6,1);
INSERT INTO "ressources_schooltype_services" VALUES(17,6,3);
INSERT INTO "ressources_schooltype_services" VALUES(18,7,1);
INSERT INTO "ressources_schooltype_services" VALUES(19,7,3);
INSERT INTO "ressources_schooltype_services" VALUES(20,8,1);
INSERT INTO "ressources_schooltype_services" VALUES(21,8,3);
INSERT INTO "ressources_schooltype_services" VALUES(22,8,2);
INSERT INTO "ressources_schooltype_services" VALUES(23,8,4);
CREATE TABLE "ressources_school" ("id" integer NOT NULL PRIMARY KEY AUTOINCREMENT, "name" varchar(150) NOT NULL, "display_name" varchar(256) NULL, "description" text NULL, "address" varchar(120) NULL, "address_complement" varchar(120) NULL, "zip_code" varchar(5) NULL, "city" varchar(80) NULL, "phone" varchar(20) NULL, "fax" varchar(30) NULL, "email" varchar(75) NULL, "director_name" varchar(70) NULL, "old_id" varchar(256) NULL, "old_service" varchar(256) NULL, "private" bool NOT NULL, "school_type_id" integer NOT NULL REFERENCES "ressources_schooltype" ("id"));
INSERT INTO "ressources_school" VALUES(1,'Ecole maternelle du Centre','','','Place des écoles du Centre','','42150','LA RICAMARIE','04/77/80/90/35','','','','1','SESSAD TED',0,2);
INSERT INTO "ressources_school" VALUES(2,'Ecole Maternelle Vivaldi','','','Allée Bella Bartok','','42000','SAINT ETIENNE','04/77/74/06/90','','','Mme Galien','2','SESSAD TED',0,2);
INSERT INTO "ressources_school" VALUES(3,'Ecole Maternelle Le Soleil','','','16 rue Monteil','','42000','SAINT ETIENNE','04/77/25/36/60','','','Mme LASSALE','3','SESSAD TED',0,2);
INSERT INTO "ressources_school" VALUES(4,'Ecole Maternelle Jean Ravon','','','Le Plat Haut','','42390','VILLARS','04/77/74/67/22','','','','4','SESSAD TED',0,2);
INSERT INTO "ressources_school" VALUES(5,'Ecole Maternelle La Périvaure','','','6 IMPASSE PERIVAURE','','42490','FRAISSES','04/77/56/14/93','','','','5','SESSAD TED',0,2);
INSERT INTO "ressources_school" VALUES(6,'Ecole des Erables','','','rue des écoles','','42170','ST JUST ST RAMBERT','0477365022','','','','6','SESSAD TED',0,8);
INSERT INTO "ressources_school" VALUES(7,'Ecole Privée Mixte','','','impasse langonnant','','42290','SORBIERS','04/77/53/84/86','','','','7','SESSAD TED',0,8);
INSERT INTO "ressources_school" VALUES(8,'Ecole Maternelle Privée Soleil','','','18 rue de la liberté','','42000','SAINT ETIENNE','04/77/33/54/28','','','Madame PASSELEGUE','8','SESSAD TED',0,2);
INSERT INTO "ressources_school" VALUES(9,'Ecole Maternelle Le Berclay','','','Rivière','44 rue Parmentier','42100','SAINT ETIENNE','04/77/57/00/13','','','','9','SESSAD TED',0,2);
INSERT INTO "ressources_school" VALUES(10,'Ecole Maternelle Métare Réjaillère','','','1 Chemin Claude Berthier','','42100','SAINT ETIENNE','04/77/21/30/57','','','','10','SESSAD TED',0,2);
INSERT INTO "ressources_school" VALUES(11,'Sévigné','','','29 rue Michelet','','42000','SAINT ETIENNE','04 77 32 68 95','','','','11','SESSAD TED',0,8);
INSERT INTO "ressources_school" VALUES(12,'modifiez le nom','','','','','','','','','','','12','SESSAD TED',0,8);
INSERT INTO "ressources_school" VALUES(13,'Ecole Maternelle Louis Pasteur','','','rue de la Paix','','42160','ANDREZIEUX BOUTHEON','04/77/55/04/95','','','','13','SESSAD TED',0,2);
INSERT INTO "ressources_school" VALUES(14,'Ecole St Joseph','','','19 rue du Forez','','42660','ST GENEST MALIFAUX','04/77/51/20/36','','','','14','SESSAD TED',0,8);
INSERT INTO "ressources_school" VALUES(15,'Ecole Marcellin CHAMPAGNAT','','','3 Chemin du Templiers','','42660','MARLHES','04/77/51/80/25','','','','15','SESSAD TED',0,8);
INSERT INTO "ressources_school" VALUES(16,'Ecole ST SAENS','','','13 rue Jean Sébastien Bach','','42000','SAINT ETIENNE','0477793929','','','','16','SESSAD TED',0,8);
INSERT INTO "ressources_school" VALUES(17,'Ecole Chaléassière','','','4 bis rue JF Révollier','','42000','SAINT ETIENNE','04/77/74/36/14','','','','17','SESSAD TED',0,8);
INSERT INTO "ressources_school" VALUES(18,'Ecole le Bourg','','','19 rue Jean Moulin','','42240','UNIEUX','','','','','18','SESSAD TED',0,8);
INSERT INTO "ressources_school" VALUES(19,'Ecole Mat Montrond les bains','','Mme PATEL institutrice (mardi, jeudi, vendredi)  Mme DEMILLY institutrice (lundi)  Mme POUILLON AVS','rue du geyser','','42210','MONTROND LES BAINS','04/77/54/51/79','','','Mme DENTRESSANGLE','19','SESSAD TED',0,2);
INSERT INTO "ressources_school" VALUES(20,'Ecole Bergson','','','8 rue Claude Odde','','42100','SAINT ETIENNE','','','','','20','SESSAD TED',0,8);
INSERT INTO "ressources_school" VALUES(21,'Groupe Scolaire','','','Place Jean Jaurès','','42500','LE CHAMBON FEUGEROLLES','04/77/61/02/70','','','','21','SESSAD TED',0,8);
INSERT INTO "ressources_school" VALUES(22,'Ecole du Valjoly','','','Au Valjoly','','42290','SORBIERS','04/77/53/67/15','','','','22','SESSAD TED',0,8);
INSERT INTO "ressources_school" VALUES(23,'Ecole Maternelle DESCOURS','','','22 rue Descours','','42000','SAINT ETIENNE','04/77/32/19/99','','','','23','SESSAD TED',0,2);
INSERT INTO "ressources_school" VALUES(24,'Ecole Maternelle Jules Ferry','','','5 rue Alexandre pourcel','','42100','SAINT ETIENNE','0477571671','','','','24','SESSAD TED',0,2);
INSERT INTO "ressources_school" VALUES(25,'','','','5 rue Jacques Desgeorges','','42000','SAINT ETIENNE','04/77/49/50/95','','','','25','SESSAD TED',0,8);
INSERT INTO "ressources_school" VALUES(26,'PUBLIQUE','','','','','','','','','','','1','CMPP',0,8);
INSERT INTO "ressources_school" VALUES(27,'PRIVEE','','','','','','','','','','','2','CMPP',0,8);
INSERT INTO "ressources_school" VALUES(28,'NON SCOLARISE','','','','','','','','','','','3','CMPP',0,8);
INSERT INTO "ressources_school" VALUES(29,'NON SOCIALISE','','','','','','','','','','','1','CAMSP',0,8);
INSERT INTO "ressources_school" VALUES(30,'CRECHE-HALTE GARDERIE','','','','','','','','','','','2','CAMSP',0,8);
INSERT INTO "ressources_school" VALUES(31,'CHAMPAGNE','','','14 rue Parmentier','','42100','SAINT ETIENNE','04.77.57.58.20','','','','3','CAMSP',0,8);
INSERT INTO "ressources_school" VALUES(32,'CHAPPE','','','3 Impasse Noël Mazet','','42000','SAINT ETIENNE','04.77.32.91.63','','','','4','CAMSP',0,8);
INSERT INTO "ressources_school" VALUES(33,'CHAVANELLE','','','20 rue Marcellin Allard','','42000','SAINT ETIENNE','04.77.21.34.14','','','','5','CAMSP',0,8);
INSERT INTO "ressources_school" VALUES(34,'COTE CHAUDE','','','9 Impasse Louis Jouvet','','42000','SAINT ETIENNE','04.77.32.48.66','','','','6','CAMSP',0,8);
INSERT INTO "ressources_school" VALUES(35,'COTONNE','','','5 rue Raoul Follereau','','42100','SAINT ETIENNE','04.77.57.47.84','','','','7','CAMSP',0,8);
INSERT INTO "ressources_school" VALUES(36,'DESCOURS','','','20 rue Descours','','42000','SAINT ETIENNE','04.77.32.19.99','','','','8','CAMSP',0,8);
INSERT INTO "ressources_school" VALUES(37,'FAURIEL','','','32 rue des Francs Maçons','','42100','SAINT ETIENNE','04.77.25.20.22','','','Mme Corinne ABDENNEBI','9','CAMSP',0,8);
INSERT INTO "ressources_school" VALUES(38,'JULES FERRY','','','5 rue Alexandre Pourcel','','42100','SAINT ETIENNE','04.77.57.58.35','','','','10','CAMSP',0,8);
INSERT INTO "ressources_school" VALUES(39,'ALMA','','','3 rue de l''Alma','','42000','SAINT ETIENNE','04.77.41.16.05','','','','11','CAMSP',0,8);
INSERT INTO "ressources_school" VALUES(40,'BEAULIEU LA TOUR','','','rue Henri Dunand','','42100','SAINT ETIENNE','04.77.21.29.73','','','','12','CAMSP',0,8);
INSERT INTO "ressources_school" VALUES(41,'BERGSON','','','33 rue Albert Poÿlo','','42000','SAINT ETIENNE','04.77.79.10.88','','','','13','CAMSP',0,8);
INSERT INTO "ressources_school" VALUES(42,'BERKELEY','','','11 rue de la Vapeur','','42100','SAINT ETIENNE','04.77.25.20.96','','','','14','CAMSP',0,8);
INSERT INTO "ressources_school" VALUES(43,'CENTRE DEUX','','','14 rue Claudius Buard','','42100','SAINT ETIENNE','04.77.80.04.76','','','','15','CAMSP',0,8);
INSERT INTO "ressources_school" VALUES(44,'LA CHALEASSIERE','','','4 bis rue Jean François Révollier','','42000','SAINT ETIENNE','04.77.74.36.14','','','','16','CAMSP',0,8);
INSERT INTO "ressources_school" VALUES(45,'COTTENCIERE','','','15 rue de l''Université','','42100','SAINT ETIENNE','04.77.25.09.13','','','','17','CAMSP',0,8);
INSERT INTO "ressources_school" VALUES(46,'PARC DE L''EUROPE','','','11 Allée Coventry','','42100','SAINT ETIENNE','04.77.25.02.55','','','','18','CAMSP',0,8);
INSERT INTO "ressources_school" VALUES(47,'METARE REJAILLERE','','','1 Chemin Cl. Berthier','','42100','SAINT ETIENNE','04.77.21.30.57','','','','19','CAMSP',0,8);
INSERT INTO "ressources_school" VALUES(48,'GASPARD MONGE','','','21 rue de la Richelandière','','42100','Saint Etienne','04.77.33.12.26','','','','20','CAMSP',0,8);
INSERT INTO "ressources_school" VALUES(49,'LE MONT','','','2 rue de l''Egalerie','','42100','SAINT ETIENNE','04.77.57.15.54','','','','21','CAMSP',0,8);
INSERT INTO "ressources_school" VALUES(50,'LE GRAND CLOS','','','4 Allée Vital Descos','','42000','SAINT ETIENNE','04.77.32.01.49','','','','22','CAMSP',0,8);
INSERT INTO "ressources_school" VALUES(51,'GUIZAY','','','10 rue Dr Laënnec','','42100','SAINT ETIENNE','04.77.57.53.67','','','','23','CAMSP',0,8);
INSERT INTO "ressources_school" VALUES(52,'JOMAYERE','','','77 rue de la Jomayère','','42100','SAINT ETIENNE','04.77.57.23.52','','','','24','CAMSP',0,8);
INSERT INTO "ressources_school" VALUES(53,'METARE BAPTISTE','','','','3 rue Baptiste Marcet','42100','SAINT ETIENNE','04.77.46.48.49','','','','25','CAMSP',0,8);
INSERT INTO "ressources_school" VALUES(54,'MONTAT','','','102 rue dela Montat','','42100','SAINT ETIENNE','04.77.25.53.50','','','','26','CAMSP',0,8);
INSERT INTO "ressources_school" VALUES(55,'MONTAUD','','','5 rue Albert 1er','','42000','SAINt ETIENNE','04.77.74.37.24','','','','27','CAMSP',0,8);
INSERT INTO "ressources_school" VALUES(56,'MONTCHOVET','','','4 Impasse de la Palle','','42100','SAINT ETIENNE','04.77.25.21.05','','','','28','CAMSP',0,8);
INSERT INTO "ressources_school" VALUES(57,'MONTFERRE','','','5 Allée Rachel','','42100','SAINT ETIENNE','04.77.57.10.42','','','','29','CAMSP',0,8);
INSERT INTO "ressources_school" VALUES(58,'MONTREYNAUD FLEMING','','','23 rue Fleming','','42000','SAINT ETIENNE','04.77.74.19.52','','','Mme Brigitte MONIER','30','CAMSP',0,8);
INSERT INTO "ressources_school" VALUES(59,'MONTREYNAUD GOUNOD','','','17 rue Gounod','','42000','SAINT ETIENNE','04.77.74.21.04','','','Mr Yves SCANU','31','CAMSP',0,8);
INSERT INTO "ressources_school" VALUES(60,'MONTREYNAUD MOLINA','','','9 Impasse Schubert','','42000','SAINT ETIENNE','04.77.79.32.93','','','Mme Laurence SERGENT','32','CAMSP',0,8);
INSERT INTO "ressources_school" VALUES(61,'PETIT COIN','','','21 rue Palluat de Besset','','42000','SAINT ETIENNE','04.77.32.91.61','','','','33','CAMSP',0,8);
INSERT INTO "ressources_school" VALUES(62,'RICHELANDIERE LE CHAT','','','97 rue de la Richelandière','','42100','SAINT ETIENNE','04.77.33.13.34','','','','34','CAMSP',0,8);
INSERT INTO "ressources_school" VALUES(63,'RIVIERE','','','44 rue Parmentier','','42100','SAINT ETIENNE','04.77.57.00.13','','','','35','CAMSP',0,8);
INSERT INTO "ressources_school" VALUES(64,'ROUGET DE LISLE','','','24 rue rouget de l''Isle','','42000','SAINT ETIENNE','04.77.32.08.06','','','','36','CAMSP',0,8);
INSERT INTO "ressources_school" VALUES(65,'MONTREYNAUD PAGANINI','','','','7 rue Paganini','42000','SAINT ETIENNE','04.77.74.53.47','','','','37','CAMSP',0,8);
INSERT INTO "ressources_school" VALUES(66,'MONTREYNAUD SAINT SAENS (Triolet)','','','13 rue Jean Sébastien Bach','','42000','SAINT ETIENNE','04.77.79.39.29','','','','38','CAMSP',0,8);
INSERT INTO "ressources_school" VALUES(67,'MONTRAYNAUD VIVALDI','','','Allée Bela Bartok','','42000','SAINT ETIENNE','04.77.74.13.36','','','','39','CAMSP',0,8);
INSERT INTO "ressources_school" VALUES(68,'OVIDES','','','8 rue des Ovides','','42100','SAINT ETIENNE','04.77.21.48.86','','','','40','CAMSP',0,8);
INSERT INTO "ressources_school" VALUES(69,'PAILLON','','','2 rue Basson','','42000','SAINT ETIENNE','04.77.33.04.77','','','','41','CAMSP',0,8);
INSERT INTO "ressources_school" VALUES(70,'SOLAURE','','','23 rue Ambroise Paré','','42100','SAINT ETIENNE','04.77.57.56.62','','','','42','CAMSP',0,8);
INSERT INTO "ressources_school" VALUES(71,'SOLEIL','','','16 rue du Monteil','','42000','SAINT ETIENNE','04.77.25.36.60','','','','43','CAMSP',0,8);
INSERT INTO "ressources_school" VALUES(72,'TARDY','','','2 rue Robert Maurice','','42100','SAINT ETIENNE','04.77.25.42.43','','','','44','CAMSP',0,8);
INSERT INTO "ressources_school" VALUES(73,'TARENTAIZE','','','7 Place Jean François Gonon','','42000','SAINT ETIENNE','04.77.38.04.05','','','','45','CAMSP',0,8);
INSERT INTO "ressources_school" VALUES(74,'TERRASSE','','','15 rue Léon Lamaizière','','42000','SAINT ETIENNE','04.77.74.08.19','','','','46','CAMSP',0,8);
INSERT INTO "ressources_school" VALUES(75,'TERRENOIRE BOURG','','','4 rue Jaboulay','','42000','SAINT ETIENNE','04.77.95.52.90','','','','47','CAMSP',0,8);
INSERT INTO "ressources_school" VALUES(76,'TERRENOIRE JANON','','','rue Frédéric Bait','','42100','SAINT ETIENNE','04.77.95.83.89','','','','48','CAMSP',0,8);
INSERT INTO "ressources_school" VALUES(77,'TERRENOIRE PERROTIERE','','','rue de la Perrotière','','42000','SAINT ETIENNE','04.77.95.82.24','','','','49','CAMSP',0,8);
INSERT INTO "ressources_school" VALUES(78,'VILLEBOEUF LE HAUT','','','','','','','04.77.25.12.20','','','','50','CAMSP',0,8);
INSERT INTO "ressources_school" VALUES(79,'VIVARAIZE','','','4 impasse du Pré des Soeurs','','42100','SAINT ETIENNE','04.77.57.04.67','','','','51','CAMSP',0,8);
INSERT INTO "ressources_school" VALUES(80,'MONTHIEU','','','5 Allée Jean Racine','','42100','SAINT ETIENNE','04.77.33.24.59','','','','52','CAMSP',0,8);
INSERT INTO "ressources_school" VALUES(81,'JULES JANIN - GALLOIS','','','2 rue du Treyve','','42000','SAINT ETIENNE','04.77.79.05.70','','','','53','CAMSP',0,8);
INSERT INTO "ressources_school" VALUES(82,'GASPARD MONGE','','','','','','','04.77.33.12.26','','','','54','CAMSP',0,8);
INSERT INTO "ressources_school" VALUES(83,'METARE COTTANCIERE','','','15 rue de l''Université','','42100','SAINT ETIENNE','04.77.25.09.13','','','','55','CAMSP',0,8);
INSERT INTO "ressources_school" VALUES(84,'SAINT VICTOR LE BREAT CONDAMINE','','','','','','','04.77.90.82.24','','','','56','CAMSP',0,8);
INSERT INTO "ressources_school" VALUES(85,'LES HAUTS DE TERRENOIRE','','','','','','','04.77.95.61.31','','','','57','CAMSP',0,8);
INSERT INTO "ressources_school" VALUES(86,'SAINT FRANCOIS','','','','','','','04.77.33.62.63','','','','58','CAMSP',0,8);
INSERT INTO "ressources_school" VALUES(87,'St ENNEMOND','','','','','','','04.77.32.61.07','','','','59','CAMSP',0,8);
INSERT INTO "ressources_school" VALUES(88,'CURE d''ARS','','','6 rue Marcelllin Champagnat','','42100','SAINT ETIENNE','04.77.25.14.18','','','','60','CAMSP',0,8);
INSERT INTO "ressources_school" VALUES(89,'LES CHARTREUX SAINTE FAMILLE','','','36 rue du Vernay','','42100','SAINT ETIENNE','04.77.25.14.86','04.77.33.02.86','','','61','CAMSP',0,8);
INSERT INTO "ressources_school" VALUES(90,'MONTAUD','','','','','','','04.77.93.27.95','','','','62','CAMSP',0,8);
INSERT INTO "ressources_school" VALUES(91,'PRIVEE COTE CHAUDE','','','','','','','04.77.32.62.83','','','','63','CAMSP',0,8);
INSERT INTO "ressources_school" VALUES(92,'SAINTE MARIE','','','','','','','04.77.33.14.00','','','','64','CAMSP',0,8);
INSERT INTO "ressources_school" VALUES(93,'SOLEIL','','','','','','','04.77.33.54.28','','','','65','CAMSP',0,8);
INSERT INTO "ressources_school" VALUES(94,'MONTAUD','','','10 rue Lamartine','','42000','SAINT ETIENNE','04.77.93.27.95','','','','66','CAMSP',0,8);
INSERT INTO "ressources_school" VALUES(95,'LES PRES FLEURIS','','','171 rue Bergson','','','','04.77.74.04.80','','','','67','CAMSP',0,8);
INSERT INTO "ressources_school" VALUES(96,'St LOUIS','','','','','','','04.77.32.82.53','','','','68','CAMSP',0,8);
INSERT INTO "ressources_school" VALUES(97,'SAINT MICHEL','','','4 rue Jules V','Vallès','42100','SAINT-ETIENNE','04.77.49.44.60','','','','69','CAMSP',0,8);
INSERT INTO "ressources_school" VALUES(98,'SAINT PAUL','','','5 rue Jacques Desgeorges','','42000','SAINT-ETIENNE','04.77.49.50.95','04.77.49.50.80','','','70','CAMSP',0,8);
INSERT INTO "ressources_school" VALUES(99,'SEVIGNE','','','29 rue Michelet','','42000','SAINT ETIENNE','04.77.32.68.95','04.77.32.09.88','','','71','CAMSP',0,8);
INSERT INTO "ressources_school" VALUES(100,'P et M CURIE - GRANDE EGLISE','','','8 rue Pierre et Marie Curie','','42000','SAINT ETIENNE','04.77.32.87.78','','','','72','CAMSP',0,8);
INSERT INTO "ressources_school" VALUES(101,'SAINT CHARLES','','','','','','','04.77.21.86.38','','','','73','CAMSP',0,8);
INSERT INTO "ressources_school" VALUES(102,'SAINT PIERRE SAINT PAUL La Rivière','','','63 rue Parmentier','','42100','SAINT ETIENNE','04.77.57.08.59','04.77.80.62.50','','','74','CAMSP',0,8);
INSERT INTO "ressources_school" VALUES(103,'SAINTE ANNE','','','22 rue Elisée Reclus','','42000','SAINT ETIENNE','04.77.37.15.59','','','','75','CAMSP',0,8);
INSERT INTO "ressources_school" VALUES(104,'VALBENOITE','','','','','','','04.77.81.86.06','','','','76','CAMSP',0,8);
INSERT INTO "ressources_school" VALUES(105,'NOTRE DAME DU ROND POINT 04.77.46.32.46','','','','','42000','SAINT ETIENNE','','','','','77','CAMSP',0,8);
INSERT INTO "ressources_school" VALUES(106,'ROCHE LA MOLIERE JEAN YVES COUSTEAU 04.77.90.60.09','','','','','','','','','','','78','CAMSP',0,8);
INSERT INTO "ressources_school" VALUES(107,'ROCHE LA MOLIERE CENTRE 04.77.90.68.77','','','','','','','','','','','79','CAMSP',0,8);
INSERT INTO "ressources_school" VALUES(108,'ROCHE LA MOLIERE DE LA POTIERE 04.77.90.64.03','','','','','','','','','','','80','CAMSP',0,8);
INSERT INTO "ressources_school" VALUES(109,'ROCHE LA MOLIERE 1 DU CENTRE 04.77.90.68.74','','','','','','','','','','','81','CAMSP',0,8);
INSERT INTO "ressources_school" VALUES(110,'ROCHE LA MOLIERE DU PONTIN 04.77.90.63.35','','','','','','','','','','','82','CAMSP',0,8);
INSERT INTO "ressources_school" VALUES(111,'VILLARD DU BOURG 04.77.74.74.21','','','','','','','','','','','83','CAMSP',0,8);
INSERT INTO "ressources_school" VALUES(112,'VILLARD JEAN RAVON 04.77.74.67.22','','','','','','','','','','','84','CAMSP',0,8);
INSERT INTO "ressources_school" VALUES(113,'VILLARD DU BOIS MONZIL 04.77.74.29.38','','','','','','','','','','','85','CAMSP',0,8);
INSERT INTO "ressources_school" VALUES(114,'VILLARD L''HIPPODROME 04.77.74.75.02','','','','','','','','','','','86','CAMSP',0,8);
INSERT INTO "ressources_school" VALUES(115,'PRIVEE NOTRE DAME SAINT GENEST LERPT 04.77.90.92.15','','','','','','','','','','','87','CAMSP',0,8);
INSERT INTO "ressources_school" VALUES(116,'SAINT JEAN BONNEFOND BARAILLERE 04.77.95.08.02','','','','','','','','','','','88','CAMSP',0,8);
INSERT INTO "ressources_school" VALUES(117,'SAINT JEAN BONNEFOND LAMARTINE 04.77.95.15.44','','','','','','','','','','','89','CAMSP',0,8);
INSERT INTO "ressources_school" VALUES(118,'SAINT JEAN BONNEFOND SAINT JOSEPHE 04.77.95.09.21','','','','','','','','','','','90','CAMSP',0,8);
INSERT INTO "ressources_school" VALUES(119,'SORBIERS GRAND QUARTIER','','','','','','','04.77.53.14.85','','','','91','CAMSP',0,8);
INSERT INTO "ressources_school" VALUES(120,'SORBIERS VALJOLY','','','','','','','04.77.53.40.22','','','','92','CAMSP',0,8);
INSERT INTO "ressources_school" VALUES(121,'TALAUDIERE DANTON 04.77.53.65.11','','','','','','','','','','','93','CAMSP',0,8);
INSERT INTO "ressources_school" VALUES(122,'SORBIERS BENOIT LAURAS','','','7 Impasse du Parc','','42290','SORBIERS','04.77.53.24.15','','','','94','CAMSP',0,8);
INSERT INTO "ressources_school" VALUES(123,'JACQUES PREVERT St Just St Rambert','','','rue Jacques Prévert','','42170','SAINT JUST SAINT RAMBERT','04.77.52.48.81','','','','95','CAMSP',0,8);
INSERT INTO "ressources_school" VALUES(124,'BOIS DE LA DAME St Just St Rambert','','','rue Colette','','42170','SAINT JUST SAINT RAMBERT','04.77.52.03.79','','','','96','CAMSP',0,8);
INSERT INTO "ressources_school" VALUES(125,'LES ERABLES St Just St Rambert','','','rue des Ecoles','','42170','SAINT JUST SAINT RAMBERT','04.77.36.50.22','','','','97','CAMSP',0,8);
INSERT INTO "ressources_school" VALUES(126,'LES PEUPLIERS St Just St Rambert','','','Place Jean Gabiand','','42170','SAINt JUST SAINT RAMBERT','04.77.55.29.14','','','','98','CAMSP',0,8);
INSERT INTO "ressources_school" VALUES(127,'TALAUDIERE MAXIMILIEN EVRARD 04.77.53.20.77','','','','','','','','','','','99','CAMSP',0,8);
INSERT INTO "ressources_school" VALUES(128,'TALAUDIERE PRIVEE 04.77.53.22.01','','','','','','','','','','','100','CAMSP',0,8);
INSERT INTO "ressources_school" VALUES(129,'SORBIERS LA COTE','','','7 rue de la Côte','','42290','SORBIERS','04.77.53.31.48','','','','101','CAMSP',0,8);
INSERT INTO "ressources_school" VALUES(130,'SAINT PRIEST EN JAREZ GEORGE SAND 04.77.79.13.90','','','','','','','','','','','102','CAMSP',0,8);
INSERT INTO "ressources_school" VALUES(131,'ANDREZIEUX JEANNE D''ARC PRIVEE 04.77.36.78.36','','','','','','','','','','','103','CAMSP',0,8);
INSERT INTO "ressources_school" VALUES(132,'SAINT JUST SAINT RAMBERT JAYOL PRIVEE 04.77.36.49.70','','','','','','','','','','','104','CAMSP',0,8);
INSERT INTO "ressources_school" VALUES(133,'ST JUST ST RAMBERT LES BARQUES','','','54 Chemin des bâteliers','','42170','SAINT JUST SAINT RAMBERT','04.77.52.31.70','','','','105','CAMSP',0,8);
INSERT INTO "ressources_school" VALUES(134,'ST JUST ST RAMBERT Groupe Thibaud','','','11 bd de la Libération','','42170','SAINT JUST SAINT RAMBERT','04.77.52.34.10','','','','106','CAMSP',0,8);
INSERT INTO "ressources_school" VALUES(135,'SAINT CHRISTO EN JAREZ  PUBLIQUE 04.77.20.85.43','','','','','','','','','','','107','CAMSP',0,8);
INSERT INTO "ressources_school" VALUES(136,'AUTRES (VOIR FICHE MÉMO)','','','','','','','','','','','108','CAMSP',0,8);
INSERT INTO "ressources_school" VALUES(137,'TERRENOIRE SAINTE BLANDINE','','','7 Impasse Thivollet','','42100','SAINT ETIENNE','04.77.95.58.15','','','','109','CAMSP',0,8);
INSERT INTO "ressources_school" VALUES(138,'SORBIERS BENOIT LAURAS IMPASSE DU PARC 04.77.53.24.15','','','','','','','','','','','110','CAMSP',0,8);
INSERT INTO "ressources_school" VALUES(139,'NOTRE DAME D''ESPERANCE','','','16 rue Jean François Révollier','','42000','SAINT ETIENNE','04.77.93.54.20','04.77.74.75.40','','','111','CAMSP',0,8);
INSERT INTO "ressources_school" VALUES(140,'MONTREYNAUD PAGANINI','','','7 rue Paganini','','42000','SAINT ETIENNE','04.77.74.53.47','','','','112','CAMSP',0,8);
INSERT INTO "ressources_school" VALUES(141,'LE JARDIN D''EVEIL','','','Centre Social de Beaulieu 11 Bd Karl Marx','','42100','SAINT ETIENNE','04.77.33.54.68','','','','113','CAMSP',0,8);
INSERT INTO "ressources_school" VALUES(142,'modifiez le nom','','','','','','','','','','','114','CAMSP',0,8);
INSERT INTO "ressources_school" VALUES(143,'INTERGENERATIONNELLE','','','Les Hortensias','6 B Alfred De Musset','42000','SAINT ETIENNE','04.77.37.90.69','','','','115','CAMSP',0,8);
INSERT INTO "ressources_school" VALUES(144,'LES PETITS CALINS','','','7 rue Ferdinand','','42000','SAINT ETIENNE','04.77.37.31.52','04.77.34.25.39','','','116','CAMSP',0,8);
INSERT INTO "ressources_school" VALUES(145,'LES PILLOUS','','','rue du Guizay','','42100','SAINT ETIENNE','04.77.38.78.04','','','','117','CAMSP',0,8);
INSERT INTO "ressources_school" VALUES(146,'GRENETTE','','','rue Grenette','','42000','SAINT ETIENNE','04.77.32.06.13','','','','118','CAMSP',0,8);
INSERT INTO "ressources_school" VALUES(147,'CLAIR MATIN','','','22 rue Paul Petit','','42100','SAINT ETIENNE','04.77.49.00.25','','','','119','CAMSP',0,8);
INSERT INTO "ressources_school" VALUES(148,'VIVARAIZE','','','9 passage du Pré des Soeurs','','42100','SAINT ETIENNE','04.77.25.37.15','04.77.4614.45','','','120','CAMSP',0,8);
INSERT INTO "ressources_school" VALUES(149,'L''ANGELUS','','','1 rue du Dr Paul Michelon','','42100','SAINT ETIENNE','04.77.25.37.15','','','','121','CAMSP',0,8);
INSERT INTO "ressources_school" VALUES(150,'LES JARDINS DU GRAND CLOS','','','10 rue Benoit Frachon','','42000','SAINT ETIENNE','04.77.33.56.75','','','','122','CAMSP',0,8);
INSERT INTO "ressources_school" VALUES(151,'ACARS','','','6 bd Alfred de Musset','','42000','SAINT ETIENNE','04.77.38.71.50','','','','123','CAMSP',0,8);
INSERT INTO "ressources_school" VALUES(152,'ANEF LOIRE FOYER','','','32 rue de la Convention','','42100','SAINT ETIENNE','','04.77.38.71.50','','','124','CAMSP',0,8);
INSERT INTO "ressources_school" VALUES(153,'CENTRE SOCIAL DE LA RIVIERE','','','28 rue des Forges','','42100','SAINT ETIENNE','04.77.81.22.98','','','','125','CAMSP',0,8);
INSERT INTO "ressources_school" VALUES(154,'ATTITUDE','','','39 Bd de la Palle','','42100','SAINT ETIENNE','04.77.30.97.33','','','','126','CAMSP',0,8);
INSERT INTO "ressources_school" VALUES(155,'COLLÈGE J. DASTÉ','','','68, RUE J. PAROT','','42000','ST ETIENNE','04.77.25.87.73','','','','1','SESSAD DYS',0,4);
INSERT INTO "ressources_school" VALUES(156,'FAURIEL','','','','','','','','','','','2','SESSAD DYS',0,8);
INSERT INTO "ressources_school" VALUES(157,'ECOLE ST JOSEPH - BD BELLEVUE - 42330 ST GALMIER 04.77.54.01.55','','','','','','','','','','','3','SESSAD DYS',0,8);
INSERT INTO "ressources_school" VALUES(158,'ECOLE PRIMAIRE LA COLOMBE - 42330 ST GALMIER 04.77.54.01.50','','','','','','','','','','','4','SESSAD DYS',0,3);
INSERT INTO "ressources_school" VALUES(159,'CÔTE CHAUDE-11,RUE DE LA ROCHE DU GEAI ST ETIENNE 04.77.32.81.71','','','','','','','','','','','5','SESSAD DYS',0,8);
INSERT INTO "ressources_school" VALUES(160,'ECOLE VITONE - 2,PLACE VITONE À MONTAUD 04.77.32.13.37','','','','','','','','','','','6','SESSAD DYS',0,8);
INSERT INTO "ressources_school" VALUES(161,'COLLEGE J.DASTÉ - 68,RUE J.PAROT - 04.77.25.87.73','','','','','','','','','','','7','SESSAD DYS',0,4);
INSERT INTO "ressources_school" VALUES(162,'FAURIEL - 16,COURS FAURIEL - 04.77.25.24.52','','','','','','','','','','','8','SESSAD DYS',0,8);
INSERT INTO "ressources_school" VALUES(163,'COLLEGE JULES ROMAINS RTE DE CUZIEU ST GALMIER - 04.77.54.00.94','','','','','','','','','','','9','SESSAD DYS',0,4);
INSERT INTO "ressources_school" VALUES(164,'ECOLE MICHELET - RUE MICHELET LA TALAUDIERE - 04.77.53.60.69','','','','','','','','','','','10','SESSAD DYS',0,8);
INSERT INTO "ressources_school" VALUES(165,'ECOLE PRIVÉE STLUCIE - 7,RUE JULES VERNE 42240 UNIEUX 0477567364','','','','','','','','','','','11','SESSAD DYS',0,8);
INSERT INTO "ressources_school" VALUES(166,'CHEVRIÈRES - ROUTE DE ST GALMIER 42140 CHEVRIERES 04.77.94.02.51','','','','','','','','','','','12','SESSAD DYS',0,8);
INSERT INTO "ressources_school" VALUES(167,'ECOLE DE MALRAY 42600 ESSERTINES EN CHATELNEUF - 04.77.58.52.43','','','','','','','','','','','13','SESSAD DYS',0,8);
INSERT INTO "ressources_school" VALUES(168,'MONTHIEU 3,RUE LINOSSIER 04.77.33.38.56.','','','','','','','','','','','14','SESSAD DYS',0,8);
INSERT INTO "ressources_school" VALUES(169,'PUITS DE LA LOIRE 17,RUE ANTOINE ROCHE 04.77.43.46.50','','','','','','','','','','','15','SESSAD DYS',0,8);
INSERT INTO "ressources_school" VALUES(170,'ECOLE DU SOLEIL - 10,RUE DU MONTEIL ST ETIENNE 04.77.32.30.15','','','','','','','','','','','16','SESSAD DYS',0,8);
INSERT INTO "ressources_school" VALUES(171,'ECOLE DU CENTRE LA RICAMARIE 04.77.80.41.19','','','','','','','','','','','17','SESSAD DYS',0,8);
INSERT INTO "ressources_school" VALUES(172,'ECOLE J.MONET 42610 ST ROMAIN LE PUY 04.77.76.61.38','','','','','','','','','','','18','SESSAD DYS',0,8);
INSERT INTO "ressources_school" VALUES(173,'ECOLE PRIVÉE - LE BOURG - 42330 ST BONNET LES OULES 04.77.54.17.29','','','','','','','','','','','19','SESSAD DYS',0,8);
INSERT INTO "ressources_school" VALUES(174,'ECOLE PAILLON - RUE PAILLON - 42000 SAINT ETIENNE - 04.77.33.23.37','','','','','','','','','','','20','SESSAD DYS',0,8);
INSERT INTO "ressources_school" VALUES(175,'COLLÈGE ST MARIE - 39, RUE DES FRÈRES CHAPPE - 42000 ST ETIENNE - 0477322130','','','','','','','','','','','21','SESSAD DYS',0,4);
INSERT INTO "ressources_school" VALUES(176,'ECOLE SOLAURE - 19, RUE AMBROISE PARÉ - 42000 ST ETIENNE - 04.77.57.41.10','','','','','','','','','','','22','SESSAD DYS',0,8);
INSERT INTO "ressources_school" VALUES(177,'ECOLE PUBLIQUE - 42210 CRAINTILLEUX','','','','','','','','','','','23','SESSAD DYS',0,8);
INSERT INTO "ressources_school" VALUES(178,'ECOLE PRIVÉE ST CHARLES - MONTBRISON','','','','','','','','','','','24','SESSAD DYS',0,8);
INSERT INTO "ressources_school" VALUES(179,'ECOLE PRIMAIRE PUBLIQUE J. MONET - 42610 SAINT ROMAIN LE PUY 0477766138','','','','','','','','','','','25','SESSAD DYS',0,3);
INSERT INTO "ressources_school" VALUES(180,'ECOLE PRIMAIRE PUBLIQUE J.Y. COUSTEAU - 42230 ROCHE LA MOLIERE 0477906009','','','','','','','','','','','26','SESSAD DYS',0,3);
INSERT INTO "ressources_school" VALUES(181,'ECOLE PRIMAIRE PUBLIQUE LES CÈDRES - RUE ST JUST - 42480 LA FOUILLOUSE','','','','','','','','','','','27','SESSAD DYS',0,3);
INSERT INTO "ressources_school" VALUES(182,'ECOLE PASTEUR - 2, BOULEVARD PASTEUR - 42160 ANDREZIEUX','','','','','','','','','','','28','SESSAD DYS',0,8);
INSERT INTO "ressources_school" VALUES(183,'COLLÈGE NOTRE DAME DE L''ESPÉRANCE - 16, RUE J.F. RÉVOLLIER - 42000 SAINT ETIENNE','','','','','','','','','','','29','SESSAD DYS',0,4);
INSERT INTO "ressources_school" VALUES(184,'ECOLE PRIVÉE ST JOSEPH - AVENUE ORELU - 42450 SURY LE COMTAL','','','','','','','','','','','30','SESSAD DYS',0,8);
INSERT INTO "ressources_school" VALUES(185,'EREA SORBIERS - MONTCHAUVET - 42290 SORBIERS','','','','','','','','','','','31','SESSAD DYS',0,8);
INSERT INTO "ressources_school" VALUES(186,'COLLÈGE R. FOLLEREAU 21, ROUTE DE ST GALMIER 42140 CHAZELLES S/LYON','','','','','','','','','','','32','SESSAD DYS',0,4);
INSERT INTO "ressources_school" VALUES(187,'COLLÈGE J. PRÉVERT - UPI DYS - 42160 ANDREZIEUX','','','','','','','','','','','33','SESSAD DYS',0,4);
INSERT INTO "ressources_school" VALUES(188,'COLLÈGE ST STÉPHANIE - 42330 ST GALMIER','','','','','','','','','','','34','SESSAD DYS',0,4);
INSERT INTO "ressources_school" VALUES(189,'COLÈGE M. CHAMPAGNAT - BP 86 6 RUE J. FERRY - 42110 FEURS','','','','','','','','','','','35','SESSAD DYS',0,8);
INSERT INTO "ressources_school" VALUES(190,'ECOLE J. FERRY - PONTCHARRA - 3, RUE DES OVIDES - 42500 LE CHAMBON FEUGEROLLES','','','','','','','','','','','36','SESSAD DYS',0,8);
INSERT INTO "ressources_school" VALUES(191,'ECOLE DU BOURG A. LANGARD - 13, RUE A. LANGARD - 42152 LHORME','','','','','','','','','','','37','SESSAD DYS',0,8);
INSERT INTO "ressources_school" VALUES(192,'COLLÈGE GAMBETTA - 34 BIS RUE MICHELET - BP 112 - 42000 SAINT ETIENNE','','','','','','','','','','','38','SESSAD DYS',0,4);
INSERT INTO "ressources_school" VALUES(193,'COLLÈGE PUBLIC - 5, RUE DE L''ANCIENNE POSTE - 42610 ST ROMAIN LE PUY','','','','','','','','','','','39','SESSAD DYS',0,4);
INSERT INTO "ressources_school" VALUES(194,'Ecole Massenet Pasteur','','','1, Rue de Bretagne','','42400','SAINT CHAMOND','0477225617','','','','40','SESSAD DYS',0,8);
INSERT INTO "ressources_school" VALUES(195,'modifiez le nom','','','','','','','','','','','41','SESSAD DYS',0,8);
INSERT INTO "ressources_school" VALUES(196,'modifiez le nom','','','','','','','','','','','42','SESSAD DYS',0,8);
INSERT INTO "ressources_school" VALUES(197,'modifiez le nom','','','','','','','','','','','43','SESSAD DYS',0,8);
INSERT INTO "ressources_school" VALUES(198,'modifiez le nom','','','','','','','','','','','44','SESSAD DYS',0,8);
INSERT INTO "ressources_school" VALUES(199,'modifiez le nom','','','','','','','','','','','45','SESSAD DYS',0,8);
INSERT INTO "ressources_school" VALUES(200,'modifiez le nom','','','','','','','','','','','46','SESSAD DYS',0,8);
CREATE TABLE "ressources_school_services" ("id" integer NOT NULL PRIMARY KEY AUTOINCREMENT, "school_id" integer NOT NULL REFERENCES "ressources_school" ("id"), "service_id" integer NOT NULL REFERENCES "ressources_service" ("id"), UNIQUE ("school_id", "service_id"));
CREATE TABLE "ressources_healthcenter" ("id" integer NOT NULL PRIMARY KEY AUTOINCREMENT, "name" varchar(150) NOT NULL, "code" varchar(4) NULL, "dest_organism" varchar(8) NOT NULL, "computer_center_code" varchar(8) NULL, "abbreviation" varchar(8) NULL, "health_fund" varchar(3) NOT NULL, "active" bool NOT NULL, "address" varchar(120) NOT NULL, "address_complement" varchar(120) NULL, "zip_code" varchar(8) NOT NULL, "city" varchar(80) NOT NULL, "phone" varchar(30) NOT NULL, "fax" varchar(30) NULL, "email" varchar(75) NULL, "accounting_number" varchar(30) NULL, "correspondant" varchar(80) NOT NULL, "hc_invoice_id" integer NULL REFERENCES "ressources_healthcenter" ("id"), "large_regime_id" integer NOT NULL REFERENCES "ressources_largeregime" ("id"));
INSERT INTO "ressources_healthcenter" VALUES(1,'ADREA MUTUELLE PI AMAD ALPES','4300','201','002','True','001',1,'31-33 Bd de la République','','38200','VIENNE ','04.74.85.03.35','',NULL,NULL,'',NULL,3);
INSERT INTO "ressources_healthcenter" VALUES(2,'ADREA MUTUELLE PI AMAD PROVENCE','2600','237','002','True','043',1,'','','','','','',NULL,NULL,'',NULL,3);
INSERT INTO "ressources_healthcenter" VALUES(3,'ADREA MUTUELLE PI AMAD RHONE','4200','146','002','True','045',1,'31-33, boulevard de la République','','38203','VIENNE  CEDEX ','04.74.85.03.35','',NULL,NULL,'',NULL,3);
INSERT INTO "ressources_healthcenter" VALUES(4,'ADREA MUTUELLE PI BOURGOGNE','5600','035','001','True','009',1,'bp 70288','','71107','CHALON SUR SAONE  CEDEX','0.810.810.008','03.85.48.21.14',NULL,NULL,'',NULL,3);
INSERT INTO "ressources_healthcenter" VALUES(5,'ADREA MUTUELLE PI CENTRE AUVERGNE','5200','025','002','True','007',1,'11, rue Marcellin-Desboutin','BP 841 ','03008','MOULINS CEDEX','04.70.34.10.10 ','04.70.34.10.14',NULL,NULL,'',NULL,3);
INSERT INTO "ressources_healthcenter" VALUES(6,'ADREA MUTUELLE PI FRANCHE-COMTE','4200','320','001','True','019',1,'','','','','','',NULL,NULL,'',NULL,3);
INSERT INTO "ressources_healthcenter" VALUES(7,'ADREA MUTUELLE PI MUTI','3400','103','001','True','029',1,'12, avenue du Six Juin','','14028','CAEN  CEDEX 4 ','02.31.15.30.30 ','02.31.15.30.29',NULL,NULL,'',NULL,3);
INSERT INTO "ressources_healthcenter" VALUES(8,'ADREA MUTUELLE PI PAYS DE L AIN','5100','147','002','True','045',1,'58, rue Bourgmayer','','01001','BOURG EN BRESSE','04.74.32.37.00','',NULL,NULL,'',NULL,3);
INSERT INTO "ressources_healthcenter" VALUES(9,'ADREA MUTUELLE PI PAYS DE SAVOIE','4200','003','002','True','001',1,'130, Galerie de Chartreuse','BARBERAS','73000','CHAMBERY','04.79.70.40.09','',NULL,NULL,'',NULL,3);
INSERT INTO "ressources_healthcenter" VALUES(10,'ADREA MUTUELLE PI UNILIA','5400','074','002','True','021',1,'393, Rue de l''Hostellerie  ','Ville Active','30018','NIMES  CEDEX 9','04.66.29.09.06','04.66.29.39.49',NULL,NULL,'',NULL,3);
INSERT INTO "ressources_healthcenter" VALUES(11,'ADREA Pays de la Loire','4200','325','001','True','037',1,'','','','','','',NULL,NULL,'',NULL,3);
INSERT INTO "ressources_healthcenter" VALUES(12,'AGEN','0000','471','005','True','471',1,'2, Rue Diderot','Place Armand Fallieres','47914','AGEN CEDEX 9','05 53 69 11 14','05 53 69 10 59',NULL,NULL,'',NULL,1);
INSERT INTO "ressources_healthcenter" VALUES(13,'AGEN','0000','471','821','True','471',1,'1. quai du Docteur-Calabet','','47913','AGEN CEDEX','05.53.67.77.77','05.53.67.78.58',NULL,NULL,'',NULL,2);
INSERT INTO "ressources_healthcenter" VALUES(14,'AGEN','0000','472','821','True','472',1,'55, rue Camille Desmoulins','','47031','AGEN CEDEX','05 53 48 24 56','',NULL,NULL,'',NULL,2);
INSERT INTO "ressources_healthcenter" VALUES(15,'AGEN','0000','471','821','True','475',1,'1. quai du Docteur-Calabet','','47913','AGEN CEDEX','05.53.67.77.77','05.53.67.78.58',NULL,NULL,'',NULL,2);
INSERT INTO "ressources_healthcenter" VALUES(16,'AJACCIO','0000','201','021','True','201',1,'Boulevard Abbé Recco Les Paludes','BP 910','20702','AJACCIO CEDEX 9','04 95 23 52 00','04 95 20 64 74',NULL,NULL,'',NULL,1);
INSERT INTO "ressources_healthcenter" VALUES(17,'AJACCIO','0000','201','381','True','201',1,'Parc Cunéo-d''Ornano','B.P. 407 ','20184','AJACCIO CEDEX','04.95.29.27.00 ','04.95.29.27.64',NULL,NULL,'',NULL,2);
INSERT INTO "ressources_healthcenter" VALUES(18,'AJACCIO','0000','201','381','True','205',1,'Parc Cunéo-d''Ornano','B.P. 407 ','20184','AJACCIO CEDEX','04.95.29.27.00 ','04.95.29.27.64',NULL,NULL,'',NULL,2);
INSERT INTO "ressources_healthcenter" VALUES(19,'AJACCIO','0000','992','381','True','992',1,'Résid. Laétitia Bonaparte','Avenue de la Grande Armée','20000','AJACCIO','04 95 22 22 34','',NULL,NULL,'',NULL,2);
INSERT INTO "ressources_healthcenter" VALUES(20,'ALBI','0000','811','002','True','811',1,'5 Place Lapérouse','','81016','ALBI CEDEX 9','0 811 709 081','0563487057',NULL,NULL,'',NULL,1);
INSERT INTO "ressources_healthcenter" VALUES(21,'ALBI','0000','811','821','True','811',1,'14, rue de Ciron','','81017','ALBI CEDEX 9','05 63 68 40 40','05 63 68 40 99',NULL,NULL,'',NULL,2);
INSERT INTO "ressources_healthcenter" VALUES(22,'ALBI','0000','812','821','True','812',1,'Résidence ''Les Impériales''','30, avenue Albert Thomas','81030','ALBI CEDEX 9','05 63 60 36 14','',NULL,NULL,'',NULL,2);
INSERT INTO "ressources_healthcenter" VALUES(23,'ALBI','0000','811','821','True','815',1,'14, rue de Ciron','','81017','ALBI CEDEX 9','05 63 68 40 40','05 63 68 40 99',NULL,NULL,'',NULL,2);
INSERT INTO "ressources_healthcenter" VALUES(24,'ALENCON','0000','611','001','True','611',1,'34, Place du Général Bonet','','61012','ALENCON CEDEX','0 820 904 161','02 33 32 36 40',NULL,NULL,'',NULL,1);
INSERT INTO "ressources_healthcenter" VALUES(25,'ALENCON','0000','611','351','True','611',1,'52, bd. du 1er Chasseurs','','61011','ALENCON CEDEX','02 33 31 40 00','02 33 31 41 97',NULL,NULL,'',NULL,2);
INSERT INTO "ressources_healthcenter" VALUES(26,'ALENCON','0000','612','351','True','612',1,'33, rue de Bretagne','','61015','ALENCON CEDEX','02 33 26 79 40','',NULL,NULL,'',NULL,2);
INSERT INTO "ressources_healthcenter" VALUES(27,'ALENCON','0000','611','351','True','615',1,'52, bd. du 1er Chasseurs','','61011','ALENCON CEDEX','02 33 31 40 00','02 33 31 41 97',NULL,NULL,'',NULL,2);
INSERT INTO "ressources_healthcenter" VALUES(28,'AMIENS','0000','801','011','True','801',1,'642 rue de Cagny','','80033','AMIENS CEDEX','03 22 97 50 00','',NULL,NULL,'',NULL,1);
INSERT INTO "ressources_healthcenter" VALUES(29,'AMIENS','0000','801','591','True','801',1,'27. rue Frédéric Petit','','80019','AMIENS CEDEX 9','03.22.82.62.62 ','03.22.82.63.05',NULL,NULL,'',NULL,2);
INSERT INTO "ressources_healthcenter" VALUES(30,'AMIENS','0000','802','591','True','802',1,'1, rue de l''Amiral Lejeune','','80055','AMIENS CEDEX 1 ','03 22 72 37 60','0322912677',NULL,NULL,'',NULL,2);
INSERT INTO "ressources_healthcenter" VALUES(31,'AMIENS','0000','801','591','True','805',1,'27. rue Frédéric Petit','','80019','AMIENS CEDEX 9','03.22.82.62.62 ','03.22.82.63.05',NULL,NULL,'',NULL,2);
INSERT INTO "ressources_healthcenter" VALUES(32,'ANGERS','0000','491','351','True','491',1,'3, RUE CHARLES LACRETELLE','BEAUCOUZE','49938','ANGERS CEDEX 9','02.41.31.75.75','02.41.31.78.62',NULL,NULL,'',NULL,2);
INSERT INTO "ressources_healthcenter" VALUES(33,'ANGERS','0000','492','351','True','492',1,'1, rue Francis Meilland','','49044','ANGERS CEDEX 01 ','02 41 47 96 39','',NULL,NULL,'',NULL,2);
INSERT INTO "ressources_healthcenter" VALUES(34,'ANGERS','0000','491','351','True','495',1,'3, RUE CHARLES LACRETELLE','BEAUCOUZE','49938','ANGERS CEDEX 9','02.41.31.75.75','02.41.31.78.62',NULL,NULL,'',NULL,2);
INSERT INTO "ressources_healthcenter" VALUES(35,'ANGOULEME','0000','161','008','True','161',1,'Boulevard de Bury','','16910','ANGOULEME CEDEX 9','0820904143','0545943609',NULL,NULL,'',NULL,1);
INSERT INTO "ressources_healthcenter" VALUES(36,'ANGOULEME','0000','161','821','True','161',1,'Rue du Docteur Charles-Duroselle','','16016','ANGOULEME CEDEX','05.45.97.80.80','05.45.92.62.38',NULL,NULL,'',NULL,2);
INSERT INTO "ressources_healthcenter" VALUES(37,'ANGOULEME','0000','162','752','True','162',1,'15, boulevard de Bury','','16021','ANGOULEME CEDEX','05 45 68 70 23','',NULL,NULL,'',NULL,2);
INSERT INTO "ressources_healthcenter" VALUES(38,'ANGOULEME','0000','161','821','True','165',1,'Rue du Docteur Charles-Duroselle','','16016','ANGOULEME CEDEX','05.45.97.80.80 ','05.45.92.62.38',NULL,NULL,'',NULL,2);
INSERT INTO "ressources_healthcenter" VALUES(39,'ANNECY','0000','741','016','True','741',1,'Service Informatique de Production','2 rue Robert Schuman','74984','ANNECY CEDEX 9','04 50 88 68 18','04 50 88 52 74',NULL,NULL,'',NULL,1);
INSERT INTO "ressources_healthcenter" VALUES(40,'ANNECY','0000','741','381','True','741',1,'2, bd. du Fier','','74993','ANNECY CEDEX','09 69 36 87 00 ','04 50 57 92 92',NULL,NULL,'',NULL,2);
INSERT INTO "ressources_healthcenter" VALUES(41,'ANNECY','0000','741','381','True','745',1,'2, bd. du Fier','','74993','ANNECY  CEDEX','09 69 36 87 00','04 50 57 92 92',NULL,NULL,'',NULL,2);
INSERT INTO "ressources_healthcenter" VALUES(42,'ANNONAY','0000','071','016','True','071',1,'27, Avenue de l''Europe','','07108','ANNONAY CEDEX','04 75 69 13 24','04 75 67 07 78',NULL,NULL,'',NULL,1);
INSERT INTO "ressources_healthcenter" VALUES(43,'ARMENTIERES','0000','591','011','True','591',1,'6, Rue des Nieulles','BP 121','59428','ARMENTIERES CEDEX','03 20 44 39 39','',NULL,NULL,'',NULL,1);
INSERT INTO "ressources_healthcenter" VALUES(44,'ARRAS','0000','621','011','True','621',1,'Boulevard Allende','','62014','ARRAS CEDEX','03 21 22 96 13','',NULL,NULL,'',NULL,1);
INSERT INTO "ressources_healthcenter" VALUES(45,'ARRAS','0000','621','591','True','621',1,'1. rue A. Gatoux','','62024','ARRAS CEDEX','03.21.24.60.62 ','03.21.24.60.84',NULL,NULL,'',NULL,2);
INSERT INTO "ressources_healthcenter" VALUES(46,'ARRAS','0000','622','591','True','622',1,'7, rue du Cardinal','','62012','ARRAS CEDEX','03 21 51 49 24','',NULL,NULL,'',NULL,2);
INSERT INTO "ressources_healthcenter" VALUES(47,'ARRAS','0000','621','591','True','625',1,'1. rue A. Gatoux','','62024','ARRAS CEDEX','03.21.24.60.62 ','03.21.24.60.84',NULL,NULL,'',NULL,2);
INSERT INTO "ressources_healthcenter" VALUES(48,'AUCH','0000','321','002','True','321',1,'11, Rue de Châteaudun','','32012','AUCH CEDEX','0 820 904 134','05 62 61 61 78',NULL,NULL,'',NULL,1);
INSERT INTO "ressources_healthcenter" VALUES(49,'AUCH','0000','321','321','True','321',1,'21. Avenue de la Marne','','32018','AUCH CEDEX','05.62.60.30.09','05.62.60.30.07',NULL,NULL,'',NULL,2);
INSERT INTO "ressources_healthcenter" VALUES(50,'AUCH','0000','322','321','True','322',1,'9, place Jean David','','32000','AUCH','05 62 05 38 56','',NULL,NULL,'',NULL,2);
INSERT INTO "ressources_healthcenter" VALUES(51,'AUCH','0000','321','321','True','325',1,'21. Avenue de la Marne','','32018','AUCH CEDEX','05.62.60.30.39 ','05.62.60.30.07',NULL,NULL,'',NULL,2);
INSERT INTO "ressources_healthcenter" VALUES(52,'AURILLAC','0000','151','016','True','151',1,'15, Rue Pierre Marty','','15010','AURILLAC CEDEX','04 71 46 57 00','',NULL,NULL,'',NULL,1);
INSERT INTO "ressources_healthcenter" VALUES(53,'AURILLAC','0000','151','381','True','151',1,'9. rue Jean-de-Bonnefon','B.P. 72 ','15011','AURILLAC CEDEX','04.71.64.49.37 ','04.71.64.49.51',NULL,NULL,'',NULL,2);
INSERT INTO "ressources_healthcenter" VALUES(54,'AURILLAC','0000','151','381','True','155',1,'9. rue Jean-de-Bonnefon','B.P. 72 ','15011','AURILLAC CEDEX','04.71.64.49.37 ','04.71.64.49.51',NULL,NULL,'',NULL,2);
INSERT INTO "ressources_healthcenter" VALUES(55,'AURILLAC','0000','982','351','True','982',1,'Plateforme AAEXA / Parc d''activité de Tronquieres','14 avenue du Garric','15000','AURILLAC','04 71 63 85 44','04 71 63 85 46',NULL,NULL,'',NULL,2);
INSERT INTO "ressources_healthcenter" VALUES(56,'AUXERRE','0000','891','010','True','891',1,'1 et 3, Rue du Moulin','','89024','AUXERRE CEDEX','0 820 904 167','03 86 83 42 99',NULL,NULL,'',NULL,1);
INSERT INTO "ressources_healthcenter" VALUES(57,'AUXERRE','0000','891','541','True','891',1,'14bis. rue Georges Guynemer','B.P. 95 ','89001','AUXERRE CEDEX','03.86.47.37.00 ','03.86.47.37.01',NULL,NULL,'',NULL,2);
INSERT INTO "ressources_healthcenter" VALUES(58,'AUXERRE','0000','892','541','True','892',1,'18, rue Jules Ferry','','89000','AUXERRE','03 86 46 16 40','',NULL,NULL,'',NULL,2);
INSERT INTO "ressources_healthcenter" VALUES(59,'AUXERRE','0000','891','541','True','895',1,'14bis. rue Georges Guynemer','B.P. 95 ','89001','AUXERRE CEDEX','03.86.47.37.00','03.86.47.37.01',NULL,NULL,'',NULL,2);
INSERT INTO "ressources_healthcenter" VALUES(60,'AVENIR SANTE MUTUELLE','3100','208','002','True','046',1,'12 AVENUE DU GENERAL MANGIN','','78027','VERSAILLES CEDEX','01.39.23.39.39','',NULL,NULL,'',NULL,3);
INSERT INTO "ressources_healthcenter" VALUES(61,'AVENIR SANTE MUTUELLE','3100','180','002','True','047',1,'12, avenue du Général Mangin','','78027','VERSAILLES CEDEX','01.39.55.87.86','',NULL,NULL,'',NULL,3);
INSERT INTO "ressources_healthcenter" VALUES(62,'AVENIR SANTE MUTUELLE','3100','212','002','True','048',1,'12 AVENUE DU GENERAL MANGIN','','78027','VERSAILLES CEDEX','01.39.23.39.39','',NULL,NULL,'',NULL,3);
INSERT INTO "ressources_healthcenter" VALUES(63,'AVENIR SANTE MUTUELLE','3100','158','002','True','050',1,'12, avenue du Général Mangin','','78027','VERSAILLES  CEDEX','01.39.55.87.86','',NULL,NULL,'',NULL,3);
INSERT INTO "ressources_healthcenter" VALUES(64,'AVENIR SANTE MUTUELLE','3100','216','002','True','052',1,'12 AVENUE DU GENERAL MANGIN','','78027','VERSAILLES CEDEX','01.39.23.39.39','',NULL,NULL,'',NULL,3);
INSERT INTO "ressources_healthcenter" VALUES(65,'AVIGNON','0000','841','021','True','841',1,'7, Rue François 1er','','84043','AVIGNON CEDEX 9','0 811 709 084','',NULL,NULL,'',NULL,1);
INSERT INTO "ressources_healthcenter" VALUES(66,'AVIGNON','0000','841','341','True','841',1,'1. place des Maraîchers','','84056','AVIGNON','04.90.13.66.66 ','04.90.87.72.05',NULL,NULL,'',NULL,2);
INSERT INTO "ressources_healthcenter" VALUES(67,'AVIGNON','0000','842','752','True','842',1,'3, avenue Alphonse Daudet','BP 137 ','84961','LE PONTET  CEDEX','04 90 32 22 57','',NULL,NULL,'',NULL,2);
INSERT INTO "ressources_healthcenter" VALUES(68,'AVIGNON','0000','841','341','True','845',1,'1. place des Maraîchers','','84056','AVIGNON','04.90.13.66.66 ','04.90.87.72.05',NULL,NULL,'',NULL,2);
INSERT INTO "ressources_healthcenter" VALUES(69,'BAR LE DUC','0000','551','013','True','551',1,'1, Rue de Polval','Case off. n°9','55015','BAR le DUC CEDEX','0 820 904 165','',NULL,NULL,'',NULL,1);
INSERT INTO "ressources_healthcenter" VALUES(70,'BASTIA','0000','202','021','True','202',1,'5 avenue Jean Zuccarelli','','20406','BASTIA CEDEX','36.46','',NULL,NULL,'',NULL,1);
INSERT INTO "ressources_healthcenter" VALUES(71,'BAYONNE','0000','641','005','True','641',1,'68-72, Allées Marines','','64111','BAYONNE CEDEX','05 59 52 73 00','',NULL,NULL,'',NULL,1);
INSERT INTO "ressources_healthcenter" VALUES(72,'BEAUVAIS','0000','601','591','True','601',1,'8. avenue Victor Hugo','B.P. 70828','60010','BEAUVAIS CEDEX','03.44.06.81.00 ','03.44.06.81.01',NULL,NULL,'',NULL,2);
INSERT INTO "ressources_healthcenter" VALUES(73,'BEAUVAIS','0000','601','591','True','605',1,'8. avenue Victor Hugo','B.P. 328-1 ','60010','BEAUVAIS CEDEX','03.44.06.81.00 ','03.44.06.81.01',NULL,NULL,'',NULL,2);
INSERT INTO "ressources_healthcenter" VALUES(74,'BELFORT','0000','901','010','True','901',1,'12, Rue du Général Strolz','','90021','BELFORT CEDEX','03 84 46 53 53','',NULL,NULL,'',NULL,1);
INSERT INTO "ressources_healthcenter" VALUES(75,'BESANCON','0000','251','541','True','251',1,'13. avenue Elisée-Cusenier','','25090','BESANCON CEDEX 9 ','03.81.65.60.60 ','03.81.65.60.09',NULL,NULL,'',NULL,2);
INSERT INTO "ressources_healthcenter" VALUES(76,'BESANCON','0000','252','541','True','252',1,'3, rue Voirin','','25000','BESANCON','03 81 81 72 33','',NULL,NULL,'',NULL,2);
INSERT INTO "ressources_healthcenter" VALUES(77,'BESANCON','0000','251','541','True','255',1,'13. avenue Elisée-Cusenier','','25090','BESANCON CEDEX 9 ','03.81.65.60.60 ','03.81.65.60.09',NULL,NULL,'',NULL,2);
INSERT INTO "ressources_healthcenter" VALUES(78,'BEZIERS','0000','341','002','True','341',1,'Place du Général de Gaulle','BP 743','34523','BEZIERS CEDEX','04 67 49 72 72','',NULL,NULL,'',NULL,1);
INSERT INTO "ressources_healthcenter" VALUES(79,'BLOIS','0000','411','008','True','411',1,'6, Rue Louis Armand','','41022','BLOIS CEDEX','36 46','02.54.50.16.24',NULL,NULL,'',NULL,1);
INSERT INTO "ressources_healthcenter" VALUES(80,'BLOIS','0000','411','411','True','411',1,'19. avenue de Vendôme','','41023','BLOIS CEDEX','02.54.44.87.87 ','02.54.74.82.97',NULL,NULL,'',NULL,2);
INSERT INTO "ressources_healthcenter" VALUES(81,'BLOIS','0000','412','411','True','412',1,'12, bis avenue Vendôme','','41000','BLOIS','02 54 78 36 41','',NULL,NULL,'',NULL,2);
INSERT INTO "ressources_healthcenter" VALUES(82,'BLOIS','0000','411','411','True','415',1,'19. avenue de Vendôme','','41023','BLOIS CEDEX','02.54.44.87.87 ','02.54.74.82.97',NULL,NULL,'',NULL,2);
INSERT INTO "ressources_healthcenter" VALUES(83,'BOBIGNY','0000','931','004','True','931',1,'195, Avenue Paul Vaillant Couturier','','93014','BOBIGNY CEDEX','01 48 96 48 48','',NULL,NULL,'',NULL,1);
INSERT INTO "ressources_healthcenter" VALUES(84,'BOIS GUILLAUME','0000','761','591','True','761',1,'Cité de l''Agriculture','','76236','BOIS-GUILLAUME  CEDEX','02.35.12.71.69','02.35.61.59.55',NULL,NULL,'',NULL,2);
INSERT INTO "ressources_healthcenter" VALUES(85,'BOIS GUILLAUME','0000','761','591','True','765',1,'Cité de l''Agriculture','','76236','BOIS-GUILLAUME  CEDEX','02.35.12.71.69','02.35.61.59.55',NULL,NULL,'',NULL,2);
INSERT INTO "ressources_healthcenter" VALUES(86,'BORDEAUX','0000','331','005','True','331',1,'Cité du Grand Parc','Place de l''Europe','33085','BORDEAUX CEDEX','3646','05 56 11 54 15',NULL,NULL,'',NULL,1);
INSERT INTO "ressources_healthcenter" VALUES(87,'BORDEAUX','0000','331','331','True','331',1,'13. rue Ferrere','','33052','BORDEAUX CEDEX','05.56.01.83.83 ','05.56.79.35.98',NULL,NULL,'',NULL,2);
INSERT INTO "ressources_healthcenter" VALUES(88,'BORDEAUX','0000','332','331','True','332',1,'Immeuble Aquitaine','Rue du Corps Franc Pommies ','33087','BORDEAUX CEDEX','05 56 96 15 90','',NULL,NULL,'',NULL,2);
INSERT INTO "ressources_healthcenter" VALUES(89,'BORDEAUX','0000','331','331','True','335',1,'13. rue Ferrere','','33052','BORDEAUX CEDEX','05.56.01.83.83 ','05.56.79.35.98',NULL,NULL,'',NULL,2);
INSERT INTO "ressources_healthcenter" VALUES(90,'BOULOGNE SUR MER','0000','622','011','True','622',1,'47, Boulevard Mariette','BP 489','62321','BOULOGNE sur MER CEDEX','03 21 87 70 00','03 21 87 70 46',NULL,NULL,'',NULL,1);
INSERT INTO "ressources_healthcenter" VALUES(91,'BOURG EN BRESSE','0000','011','016','True','011',1,'1 Place de la Grenouillere','','01015','BOURG en BRESSE CEDEX','3646','04 74 45 84 00',NULL,NULL,'',NULL,1);
INSERT INTO "ressources_healthcenter" VALUES(92,'BOURG EN BRESSE','0000','011','011','True','011',1,'15, avenue du Champs de Foire','','01059','Bourg en Bresse  CEDEX 9 ','04 74 45 99 00 ','04 74 45 98 98',NULL,NULL,'',NULL,2);
INSERT INTO "ressources_healthcenter" VALUES(93,'BOURG EN BRESSE','0000','011','011','True','015',1,'15, avenue du Champs de Foire','','01059','Bourg en Bresse  Cédex 9 ','04 74 45 99 00','04 74 45 98 98',NULL,NULL,'',NULL,2);
INSERT INTO "ressources_healthcenter" VALUES(94,'BOURGES','0000','181','008','True','181',1,'Boulevard de la République','','18030','BOURGES CEDEX 9','0 820 904 180','02 48 55 49 62',NULL,NULL,'',NULL,1);
INSERT INTO "ressources_healthcenter" VALUES(95,'BOURGES','0000','181','591','True','181',1,'7. rue de l''Ile-d''Or','B.P. 133 ','18032','BOURGES CEDEX','02.48.55.40.40 ','02.48.55.40.02',NULL,NULL,'',NULL,2);
INSERT INTO "ressources_healthcenter" VALUES(96,'BOURGES','0000','182','591','True','182',1,'23 place St Charles','','45918','ORLEANS CEDEX 9 ','02 38 24 96 18','',NULL,NULL,'',NULL,2);
INSERT INTO "ressources_healthcenter" VALUES(97,'BOURGES','0000','181','591','True','185',1,'7. rue de l''Ile-d''Or','B.P. 133 ','18032','BOURGES CEDEX','02.48.55.40.40 ','02.48.55.40.02',NULL,NULL,'',NULL,2);
INSERT INTO "ressources_healthcenter" VALUES(98,'BREST','0000','292','351','True','292',1,'Immeuble Kervor  Port de Commerce','310 rue Ernest Heminguay  CS 11815','29218','BREST CEDEX 1','02 98 30 32 57','',NULL,NULL,'',NULL,2);
INSERT INTO "ressources_healthcenter" VALUES(99,'C.M.P.A.C.N. RADIANCE (NORD)','3200','112','001','True','033',1,'','','','','','',NULL,NULL,'',NULL,3);
INSERT INTO "ressources_healthcenter" VALUES(100,'C.P du personnel du Port de Bordeaux','0000','331','001','True','331',1,'152, quai de bacalan','BP 350 ','33042','Bordeaux Cedex','05-56-90-59-20','',NULL,NULL,'',NULL,14);
INSERT INTO "ressources_healthcenter" VALUES(101,'C.P.S.A.C. de L INDRE (CENTRE)','5800','050','001','True','013',1,'46, rue de la Gare','','36016','CHATEAUROUX  CEDEX ','02.54.34.62.24','',NULL,NULL,'',NULL,3);
INSERT INTO "ressources_healthcenter" VALUES(102,'CAEN','0000','141','001','True','141',1,'Boulevard du Général Weygand','BP 6048','14031','CAEN CEDEX','02 31 45 71 20','02 31 15 18 53',NULL,NULL,'',NULL,1);
INSERT INTO "ressources_healthcenter" VALUES(103,'CAEN','0000','141','351','True','141',1,'37. rue de Maltot','','14026','CAEN CEDEX','02.31.25.39.39 ','02.31.25.39.79',NULL,NULL,'',NULL,2);
INSERT INTO "ressources_healthcenter" VALUES(104,'CAEN','0000','142','351','True','142',1,'12, rue du Clos Herbert','','14052','CAEN CEDEX ','02 31 43 56 94','',NULL,NULL,'',NULL,2);
INSERT INTO "ressources_healthcenter" VALUES(105,'CAEN','0000','141','351','True','145',1,'37. rue de Maltot','','14026','CAEN CEDEX','02.31.25.39.39 ','02.31.25.39.79',NULL,NULL,'',NULL,2);
INSERT INTO "ressources_healthcenter" VALUES(106,'CAHORS','0000','461','002','True','461',1,'238 rue Hautesserre','','46015','CAHORS CEDEX 9','05 65 20 40 40','',NULL,NULL,'',NULL,1);
INSERT INTO "ressources_healthcenter" VALUES(107,'CAHORS','0000','461','821','True','461',1,'Rue du Pape Jean XXIII','B.P. 279 ','46014','CAHORS CEDEX','05.65.35.43.82 ','05.65.22.18.73',NULL,NULL,'',NULL,2);
INSERT INTO "ressources_healthcenter" VALUES(108,'CAHORS','0000','461','821','True','465',1,'Rue du Pape Jean XXIII','B.P. 279 ','46014','CAHORS  CEDEX','05.65.35.43.82 ','05.65.22.18.73',NULL,NULL,'',NULL,2);
INSERT INTO "ressources_healthcenter" VALUES(109,'Caisse d assurance Vieillesse Invalidite et Maladie des cultes','0000','100','004','True','100',1,'119, rue du Président Wilson','','92309','LEVALLOIS-PERRET CEDEX ','01 49 68 57 00','',NULL,NULL,'',NULL,17);
INSERT INTO "ressources_healthcenter" VALUES(110,'Caisse d assurance Vieillesse Invalidite et Maladie des cultes','0011','100','004','True','100',1,'','','','','','',NULL,NULL,'',NULL,17);
INSERT INTO "ressources_healthcenter" VALUES(111,'Caisse de Coordination aux Assurances Sociales (CCAS)','0000','051','001','True','051',1,'CH30  LAC GR1','30 rue Championnet','75887','PARIS CEDEX 18','','',NULL,NULL,'',NULL,5);
INSERT INTO "ressources_healthcenter" VALUES(112,'Caisse de Prevoyance','0000','110','001','True','110',1,'17 avenue du général Leclerc','','13347','Marseille cedex 1','04.95.04.04.04','',NULL,NULL,'',NULL,4);
INSERT INTO "ressources_healthcenter" VALUES(113,'CAISSE de PREVOYANCE MULHOUSIENNE (ALSACE)','3200','010','001','True','003',1,'45, rue de la Sinne','BP 1189 ','68053','MULHOUSE CEDEX','03.89.45.44.14 ','03.89.46.44.72',NULL,NULL,'',NULL,3);
INSERT INTO "ressources_healthcenter" VALUES(114,'Caisse de Ret.et Prev. Clercs et Emp. Notaires','2101','980','004','True','980',1,'5, bis rue de Madrid','','75395','Paris Cedex 08','01 44 90 20 20','',NULL,NULL,'',NULL,10);
INSERT INTO "ressources_healthcenter" VALUES(115,'Caisse de TEST','0000','999','999','True','999',1,'5, bd Alexandre Oyon','','72019','LE MANS  CEDEX 2 ','02 43 57 42 00','',NULL,NULL,'',NULL,1);
INSERT INTO "ressources_healthcenter" VALUES(116,'Caisse des Cadres superieurs','0000','110','001','True','120',1,'17 avenue du général Leclerc','','13347','Marseille  cedex 1','04.95.04.04.04','',NULL,NULL,'',NULL,4);
INSERT INTO "ressources_healthcenter" VALUES(117,'Caisse Maladie d Alsace Lorraine','0000','110','001','True','220',1,'17 avenue du général Leclerc','','13347','Marseille  cedex 1','04.95.04.04.04','',NULL,NULL,'',NULL,4);
INSERT INTO "ressources_healthcenter" VALUES(118,'CAMBRAI','0000','592','011','True','592',1,'10, Rue Saint Lazare','','59408','CAMBRAI CEDEX','03 27 73 59 59','',NULL,NULL,'',NULL,1);
INSERT INTO "ressources_healthcenter" VALUES(119,'CAMIEG','0603','939','038','True','939',1,'','','92011','NANTERRE','','',NULL,NULL,'',NULL,24);
INSERT INTO "ressources_healthcenter" VALUES(120,'CARCASSONNE','0000','111','002','True','111',1,'2, Allée de Bezons','','11017','CARCASSONNE CEDEX 9','04 68 77 76 00','',NULL,NULL,'',NULL,1);
INSERT INTO "ressources_healthcenter" VALUES(121,'CARCASSONNE','0000','111','821','True','111',1,'6.  rue du Palais','B.P. 854 ','11011','CARCASSONNE CEDEX','04.68.11.77.11 ','04.68.47.84.82',NULL,NULL,'',NULL,2);
INSERT INTO "ressources_healthcenter" VALUES(122,'CARCASSONNE','0000','111','821','True','115',1,'6.  rue du Palais','B.P. 854 ','11011','CARCASSONNE CEDEX','04.68.11.77.11 ','04.68.47.84.82',NULL,NULL,'',NULL,2);
INSERT INTO "ressources_healthcenter" VALUES(123,'CAYENNE','0000','973','026','True','973',1,'Espace Turenne Radamonthe','Route de Raban','97307','CAYENNE CEDEX','05 94 39 60 00','',NULL,NULL,'',NULL,1);
INSERT INTO "ressources_healthcenter" VALUES(124,'CERGY PONTOISE','0000','951','036','True','951',1,'Immeuble Les Marjoberts','2, Rue des Chauffours','95017','CERGY-PONTOISE CEDEX','01 34 22 22 22','01 30 32 51 57',NULL,NULL,'',NULL,1);
INSERT INTO "ressources_healthcenter" VALUES(125,'CHALONS SUR MARNE','0000','512','541','True','512',1,'10, rue Gambetta','','51042','CHALONS EN CHAMPAGNE  CEDEX','03 26 68 65 85','',NULL,NULL,'',NULL,2);
INSERT INTO "ressources_healthcenter" VALUES(126,'CHAMBERY','0000','731','025','True','731',1,'5, Avenue Jean Jaures','','73015','CHAMBERY CEDEX','04 79 96 81 00','04 79 96 45 09',NULL,NULL,'',NULL,1);
INSERT INTO "ressources_healthcenter" VALUES(127,'CHAMBERY','0000','731','381','True','731',1,'106, rue Juiverie','','73016','CHAMBERY CEDEX','09 69 36 87 00 ','04 79 69 42 24',NULL,NULL,'',NULL,2);
INSERT INTO "ressources_healthcenter" VALUES(128,'CHAMBERY','0000','731','381','True','735',1,'106, rue Juiverie','','73016','CHAMBERY CEDEX','09 69 36 87 00 ','04 79 69 42 24',NULL,NULL,'',NULL,2);
INSERT INTO "ressources_healthcenter" VALUES(129,'CHARLEVILLE','0000','081','541','True','081',1,'30, Av. Jean-Jaures','','08108','CHARLEVILLE MEZIERES ','03 24 59 52 72 ','03 24 59 52 98',NULL,NULL,'',NULL,2);
INSERT INTO "ressources_healthcenter" VALUES(130,'CHARLEVILLE','0000','081','541','True','085',1,'30, Av. Jean-Jaures','','08108','CHARLEVILLE MEZIERES ','03 24 59 52 72 ','03 24 59 52 98',NULL,NULL,'',NULL,2);
INSERT INTO "ressources_healthcenter" VALUES(131,'CHARLEVILLE MEZIERES','0000','081','013','True','081',1,'14, Avenue G. Corneau','','08101','CHARLEVILLE MEZIERES CEDEX','0 820 904 148','',NULL,NULL,'',NULL,1);
INSERT INTO "ressources_healthcenter" VALUES(132,'CHARTRES','0000','281','008','True','281',1,'11, Rue du Docteur André Haye','','28034','CHARTRES CEDEX','0 820 904 101','',NULL,NULL,'',NULL,1);
INSERT INTO "ressources_healthcenter" VALUES(133,'CHARTRES','0000','281','411','True','281',1,'5. rue de Chanzy','','28037','CHARTRES CEDEX','02.37.30.45.00 ','02.37.30.45.04',NULL,NULL,'',NULL,2);
INSERT INTO "ressources_healthcenter" VALUES(134,'CHARTRES','0000','282','752','True','282',1,'Espace Océam','53 avenue d''Orléans','28038','CHARTRES CEDEX','02 37 84 14 30','',NULL,NULL,'',NULL,2);
INSERT INTO "ressources_healthcenter" VALUES(135,'CHARTRES','0000','281','411','True','285',1,'5. rue de Chanzy','','28037','CHARTRES CEDEX','02.37.30.45.00 ','02.37.30.45.04',NULL,NULL,'',NULL,2);
INSERT INTO "ressources_healthcenter" VALUES(136,'CHATEAUROUX','0000','361','008','True','361',1,'8, Rue Jacques Sadron','','36026','CHATEAUROUX CEDEX','0 820 904 181','02 54 07 37 48',NULL,NULL,'',NULL,1);
INSERT INTO "ressources_healthcenter" VALUES(137,'CHATEAUROUX','0000','361','591','True','361',1,'33-35. rue de Mousseaux','','36025','CHATEAUROUX CEDEX','02.54.29.46.46 ','02.54.29.45.55',NULL,NULL,'',NULL,2);
INSERT INTO "ressources_healthcenter" VALUES(138,'CHATEAUROUX','0000','362','591','True','362',1,'18, Place Gambetta','','36028','CHATEAUROUX CEDEX','02 54 08 95 76','',NULL,NULL,'',NULL,2);
INSERT INTO "ressources_healthcenter" VALUES(139,'CHATEAUROUX','0000','361','591','True','365',1,'33-35. rue de Mousseaux','','36025','CHATEAUROUX CEDEX','02.54.29.46.46 ','02.54.29.45.55',NULL,NULL,'',NULL,2);
INSERT INTO "ressources_healthcenter" VALUES(140,'CHAUMONT','0000','521','013','True','521',1,'18, Bld Maréchal de Lattre de Tassigny','BP 2028','52915','CHAUMONT CEDEX 9','03 25 02 85 85','',NULL,NULL,'',NULL,1);
INSERT INTO "ressources_healthcenter" VALUES(141,'CHAUMONT','0000','521','541','True','521',1,'4. avenue Emile-Cassez','B.P. 504 ','52017','CHAUMONT CEDEX ','03.25.30.33.00 ','03.25.32.67.37',NULL,NULL,'',NULL,2);
INSERT INTO "ressources_healthcenter" VALUES(142,'CHAUMONT','0000','521','541','True','525',1,'4. avenue Emile-Cassez','B.P. 504 ','52017','CHAUMONT CEDEX','03.25.30.33.00 ','03.25.32.67.37',NULL,NULL,'',NULL,2);
INSERT INTO "ressources_healthcenter" VALUES(143,'CHOLET','0000','492','023','True','492',1,'2, Rue Saint Eloi','BP 311','49328','CHOLET CEDEX','02 41 71 37 45','02 41 71 37 46',NULL,NULL,'',NULL,1);
INSERT INTO "ressources_healthcenter" VALUES(144,'CLERMONT FERRAND','0000','631','016','True','631',1,'Cité Administrative','Rue Pélissier','63031','CLERMONT-FERRAND CEDEX 9','0820904145','0473425570',NULL,NULL,'',NULL,1);
INSERT INTO "ressources_healthcenter" VALUES(145,'CLERMONT FERRAND','0000','631','381','True','631',1,'75. Boulevard F. Mitterrand','','63041','CLERMONT-FERRAND  CEDEX','04.73.43.75.00 ','04.73.43.75.11',NULL,NULL,'',NULL,2);
INSERT INTO "ressources_healthcenter" VALUES(146,'CLERMONT FERRAND','0000','631','381','True','635',1,'75. Boulevard F. Mitterrand','','63041','CLERMONT-FERRAND  CEDEX','04.73.43.75.00 ','04.73.43.75.11',NULL,NULL,'',NULL,2);
INSERT INTO "ressources_healthcenter" VALUES(147,'CLERMONT-FERRAND','0000','632','381','True','632',1,'Résidence du Square','25, avenue Julien ','63037','CLERMONT-Fd  CEDEX','04 73 34 79 52','',NULL,NULL,'',NULL,2);
INSERT INTO "ressources_healthcenter" VALUES(148,'CMP RADIANCE','3100','115','001','True','035',1,'Avenue Winston Churchill','','62013','ARRAS  CEDEX ','03.21.23.83.00','',NULL,NULL,'',NULL,3);
INSERT INTO "ressources_healthcenter" VALUES(149,'CNMSS Agents caisse','0200','758','050','True','758',1,'247 Avenue Jacques CARTIER','','83090','TOULON Cedex 09 Cedex 09','04 94 16 36 00','04 94 16 95 49',NULL,NULL,'',NULL,8);
INSERT INTO "ressources_healthcenter" VALUES(150,'CNMSS Assures militaires de carriere','0100','756','050','True','756',1,'247  Avenue Jacques CARTIER','','83009','TOULON Cedex 09 Cedex 09','04 94 16 36 00','04 94 16 95 49',NULL,NULL,'',NULL,8);
INSERT INTO "ressources_healthcenter" VALUES(151,'CNMSS Soins gratuits-Art L115','0300','835','052','True','835',1,'','','','','','',NULL,NULL,'',NULL,8);
INSERT INTO "ressources_healthcenter" VALUES(152,'COLMAR','0000','681','017','True','681',1,'19, Boulevard du Champ de Mars','BP 40454','68022','COLMAR CEDEX','03 89 21 78 23 / 24','03 89 21 77 04',NULL,NULL,'',NULL,1);
INSERT INTO "ressources_healthcenter" VALUES(153,'COLMAR','0000','681','541','True','681',1,'9 , rue de Guebwiller','','68023','COLMAR CEDEX','03.89.20.78.68','03.89.20.79.00',NULL,NULL,'',NULL,2);
INSERT INTO "ressources_healthcenter" VALUES(154,'COLMAR','0000','681','541','True','685',1,'9, rue de Guebwiller','','68023','COLMAR CEDEX','03.89.20.78.68 ','03.89.20.79.00',NULL,NULL,'',NULL,2);
INSERT INTO "ressources_healthcenter" VALUES(155,'Communaux de la vienne - COVIMUT','0652','862','137','True','861',1,'5, rue des Carmes ','','86036','POITIERS  CEDEX','','',NULL,NULL,'',NULL,24);
INSERT INTO "ressources_healthcenter" VALUES(156,'CPAM de l Aisne','0000','021','011','True','021',1,'2 rue Charles Péguy','','02009','LAON CEDEX','0 820 904 229','03 23 26 23 16',NULL,NULL,'',NULL,1);
INSERT INTO "ressources_healthcenter" VALUES(157,'CPAM de l Ardeche','0000','072','016','True','072',1,'6, Avenue de l''Europe Unie','','07007','PRIVAS CEDEX','04 75 66 52 22','04 75 66 52 09',NULL,NULL,'',NULL,1);
INSERT INTO "ressources_healthcenter" VALUES(158,'CPAM de l Artois','0000','624','011','True','624',1,'11 boulevard du Président Allendé','','62014','ARRAS Cedex','03 21 14 07 10','03 21 14 05 74',NULL,NULL,'',NULL,1);
INSERT INTO "ressources_healthcenter" VALUES(159,'CPAM de l Herault','0000','342','002','True','342',1,'29, Cours Gambetta','','34934','MONTPELLIER CEDEX 9','04 99 52 53 52','',NULL,NULL,'',NULL,1);
INSERT INTO "ressources_healthcenter" VALUES(160,'CPAM de l Isere','0000','381','025','True','381',1,'2, Rue des Alliés','','38045','GRENOBLE CEDEX 9','04 76 68 50 50','04 76 68 50 48',NULL,NULL,'',NULL,1);
INSERT INTO "ressources_healthcenter" VALUES(161,'CPAM de l Oise','0000','601','011','True','601',1,'Rue de Savoie','','60013','BEAUVAIS CEDEX','03 44 10 12 52','03 44 10 11 50',NULL,NULL,'',NULL,1);
INSERT INTO "ressources_healthcenter" VALUES(162,'CPAM de la Cote d Opale','0000','623','011','True','623',1,'35, Rue Descartes','','62108','CALAIS CEDEX','03 21 46 84 00','03 21 97 81 47',NULL,NULL,'',NULL,1);
INSERT INTO "ressources_healthcenter" VALUES(163,'CPAM de la Loire','0000','422','016','True','422',1,'3, Avenue du Pdt Emile Loubet','','42027','SAINT ETIENNE CEDEX 1','04 77 42 20 00','',NULL,NULL,'',NULL,1);
INSERT INTO "ressources_healthcenter" VALUES(164,'CPAM de Lille-Douai','0000','595','011','True','595',1,'2, Rue d''Iéna','BP 01','59895','LILLE CEDEX 9','03 20 42 72 91','03 20 42 72 97',NULL,NULL,'',NULL,1);
INSERT INTO "ressources_healthcenter" VALUES(165,'CPAM de Loire-Atlantique','0000','441','023','True','441',1,'9, Rue Gaëtan Rondeau','','44958','NANTES CEDEX 9','0811709044','',NULL,NULL,'',NULL,1);
INSERT INTO "ressources_healthcenter" VALUES(166,'CPAM de Maine et Loire','0000','491','023','True','491',1,'32 Rue Louis Gain','','49037','ANGERS CEDEX 01','0820 904 158','02 41 81 76 00',NULL,NULL,'',NULL,1);
INSERT INTO "ressources_healthcenter" VALUES(167,'CPAM de Meurthe et Moselle','0000','542','013','True','542',1,'9, Boulevard Joffre','','54047','NANCY CEDEX','03 83 85 50 00','03 83 32 27 19',NULL,NULL,'',NULL,1);
INSERT INTO "ressources_healthcenter" VALUES(168,'CPAM de Moselle','0000','571','017','True','571',1,'18-22, Rue Haute Seille','BP 21001','57751','METZ CEDEX 9','03 87 39 36 36','',NULL,NULL,'',NULL,1);
INSERT INTO "ressources_healthcenter" VALUES(169,'CPAM de Roubaix-Tourcoing','0000','597','011','True','597',1,'6, Rue Rémi Cogghe','BP 769','59065','ROUBAIX CEDEX 1','3646','',NULL,NULL,'',NULL,1);
INSERT INTO "ressources_healthcenter" VALUES(170,'CPAM de Rouen-Elbeuf-Dieppe-Seine-Maritime','0000','764','001','True','764',1,'50, Avenue de Bretagne','','76039','ROUEN CEDEX','02 35 03 63 63','',NULL,NULL,'',NULL,1);
INSERT INTO "ressources_healthcenter" VALUES(171,'CPAM des Flandres-Dunkerque-Armentieres','0000','594','011','True','594',1,'2 Rue de la Batellerie','BP 4523','59386','DUNKERQUE CEDEX 1','03 28 26 39 39','03 28 26 38 80',NULL,NULL,'',NULL,1);
INSERT INTO "ressources_healthcenter" VALUES(172,'CPAM du Bas-Rhin','0000','673','017','True','673',1,'16, Rue de Lausanne','BP 408 R 2','67090','STRASBOURG CEDEX','0811 709 067','',NULL,NULL,'',NULL,1);
INSERT INTO "ressources_healthcenter" VALUES(173,'CPAM du Doubs','0000','251','010','True','251',1,'2, Rue Denis Papin','','25036','BESANCON CEDEX','0381475378','0381475280',NULL,NULL,'',NULL,1);
INSERT INTO "ressources_healthcenter" VALUES(174,'CPAM du Finistere','0000','291','018','True','291',1,'Rue de Savoie','','29282','BREST CEDEX','3646','02 98 34 53 00',NULL,NULL,'',NULL,1);
INSERT INTO "ressources_healthcenter" VALUES(175,'CPAM du Hainaut','0000','599','011','True','599',1,'63, rue du Rempart','BP 499','59321','VALENCIENNES CEDEX','03 27 23 95 95','',NULL,NULL,'',NULL,1);
INSERT INTO "ressources_healthcenter" VALUES(176,'CPAM du Haut-Rhin','0000','682','017','True','682',1,'19, bd du Champ de Mars','BP 40454','68022','COLMAR CEDEX','03 89 46 97 00','',NULL,NULL,'',NULL,1);
INSERT INTO "ressources_healthcenter" VALUES(177,'CPAM du Rhone','0000','691','025','True','691',1,'CPAM de LYON','','69907','LYON CEDEX 20','0 811 709 069','',NULL,NULL,'',NULL,1);
INSERT INTO "ressources_healthcenter" VALUES(178,'CRAMIF Ile de France','0000','759','004','True','759',1,'','','','','','',NULL,NULL,'',NULL,1);
INSERT INTO "ressources_healthcenter" VALUES(179,'CREIL','0000','602','011','True','602',1,'Rue Ribot','BP 201','60313','CREIL CEDEX','03 44 61 70 84','03 44 24 34 36',NULL,NULL,'',NULL,1);
INSERT INTO "ressources_healthcenter" VALUES(180,'CRETEIL','0000','941','004','True','941',1,'1 a 9, Avenue du Général de Gaulle','','94031','CRETEIL CEDEX','01 43 99 33 33','',NULL,NULL,'',NULL,1);
INSERT INTO "ressources_healthcenter" VALUES(181,'DIEPPE','0000','761','001','True','761',1,'Boulevard Georges Clémenceau','','76882','DIEPPE CEDEX','02 35 04 78 00','',NULL,NULL,'',NULL,1);
INSERT INTO "ressources_healthcenter" VALUES(182,'DIGNE','0000','041','021','True','041',1,'3 rue Alphonse Richard','','04010','DIGNE les BAINS CEDEX','04 92 30 25 50','04 92 30 24 45',NULL,NULL,'',NULL,1);
INSERT INTO "ressources_healthcenter" VALUES(183,'DIJON','0000','211','010','True','211',1,'BP 34548','','21045','DIJON CEDEX','0380593759','',NULL,NULL,'',NULL,1);
INSERT INTO "ressources_healthcenter" VALUES(184,'DIJON','0000','211','541','True','211',1,'14. rue Félix-Trutat','','21046','DIJON CEDEX','03.80.63.22.00 ','03.80.63.23.23',NULL,NULL,'',NULL,2);
INSERT INTO "ressources_healthcenter" VALUES(185,'DIJON','0000','212','541','True','212',1,'7, Bld. Rembrandt','Apogée C    BP 77017','21070','DIJON','03 80 71 20 42','03 80 71 40 14',NULL,NULL,'',NULL,2);
INSERT INTO "ressources_healthcenter" VALUES(186,'DIJON','0000','211','541','True','215',1,'14. rue Félix-Trutat','','21046','DIJON CEDEX','03.80.63.22.00 ','03.80.63.23.23',NULL,NULL,'',NULL,2);
INSERT INTO "ressources_healthcenter" VALUES(187,'DOUAI','0000','593','011','True','593',1,'125, Rue Saint Sulpice','BP 821','59508','DOUAI CEDEX','03 27 93 35 35','',NULL,NULL,'',NULL,1);
INSERT INTO "ressources_healthcenter" VALUES(188,'DRAGUIGNAN','0000','831','381','True','831',1,'Rue Jean-Aicard','','83013','DRAGUIGNAN CEDEX','04.94.60.38.38 ','04.94.68.47.58',NULL,NULL,'',NULL,2);
INSERT INTO "ressources_healthcenter" VALUES(189,'DRAGUIGNAN','0000','831','381','True','835',1,'Rue Jean-Aicard','','83013','DRAGUIGNAN CEDEX','04.94.60.38.38 ','04.94.68.47.58',NULL,NULL,'',NULL,2);
INSERT INTO "ressources_healthcenter" VALUES(190,'ELBEUF','0000','762','001','True','762',1,'Rue de la Prairie','BP400','76504','ELBEUF SUR SEINE CEDEX','02 32 96 92 69','02 35 81 64 06',NULL,NULL,'',NULL,1);
INSERT INTO "ressources_healthcenter" VALUES(191,'ENIM - CLP Bordeaux','0200','200','029','True','200',1,'','','','','','',NULL,NULL,'',NULL,6);
INSERT INTO "ressources_healthcenter" VALUES(192,'ENIM - CLP Lorient','0800','200','029','True','200',1,'','','','','','',NULL,NULL,'',NULL,6);
INSERT INTO "ressources_healthcenter" VALUES(193,'ENIM - CLP Saint-malo','0400','200','029','True','200',1,'','','','','','',NULL,NULL,'',NULL,6);
INSERT INTO "ressources_healthcenter" VALUES(194,'EOVI MUTUELLE DROME ARPICA','5200','148','002','True','045',1,'13 cours du palias','BP 228','07000','PRIVAS','04.75.66.48.48','',NULL,NULL,'',NULL,3);
INSERT INTO "ressources_healthcenter" VALUES(195,'EOVI MUTUELLE DROME ARPICA','5400','005','002','True','001',1,'5, rue Belle Image','','26000','VALENCE','04.75.82.25.25','',NULL,NULL,'',NULL,3);
INSERT INTO "ressources_healthcenter" VALUES(196,'EOVI Mutuelles Presence','3300','144','002','True','045',1,'76/78, rue de Créqui','','69472','LYON CEDEX 06 ','04.72.43.59.20 ','04.72.43.59.39',NULL,NULL,'',NULL,3);
INSERT INTO "ressources_healthcenter" VALUES(197,'EPINAL','0000','881','013','True','881',1,'14, Rue de la Clé d''Or','BP 584','88015','EPINAL CEDEX','0820904166','0329643419',NULL,NULL,'',NULL,1);
INSERT INTO "ressources_healthcenter" VALUES(198,'EPINAL','0000','881','541','True','881',1,'8, av. Général de Gaulle ','BP 277 ','88017','EPINAL CEDEX','03 29 64 88 00 ','03 29 82 00 71',NULL,NULL,'',NULL,2);
INSERT INTO "ressources_healthcenter" VALUES(199,'EPINAL','0000','881','541','True','885',1,'8, av. Général de Gaulle','BP 277 ','88017','EPINAL CEDEX','03 29 64 88 00 ','03 29 82 00 71',NULL,NULL,'',NULL,2);
INSERT INTO "ressources_healthcenter" VALUES(200,'EVREUX','0000','271','001','True','271',1,'1bis, Place Saint Taurin','','27030','EVREUX CEDEX','36 46','',NULL,NULL,'',NULL,1);
INSERT INTO "ressources_healthcenter" VALUES(201,'EVREUX','0000','271','591','True','271',1,'32. rue Politzer','','27036','EVREUX CEDEX','02.32.23.43.23 ','02.32.28.00.98',NULL,NULL,'',NULL,2);
INSERT INTO "ressources_healthcenter" VALUES(202,'EVREUX','0000','272','591','True','272',1,'32 rue Borville Dupuis','','27000','EVREUX','02 32 62 01 75','',NULL,NULL,'',NULL,2);
INSERT INTO "ressources_healthcenter" VALUES(203,'EVREUX','0000','271','591','True','275',1,'32. rue Politzer','','27036','EVREUX CEDEX','02.32.23.43.23 ','02.32.28.00.98',NULL,NULL,'',NULL,2);
INSERT INTO "ressources_healthcenter" VALUES(204,'EVRY','0000','911','004','True','911',1,'Boulevard François Mitterrand','','91039','EVRY CEDEX','01 60 79 79 79','',NULL,NULL,'',NULL,1);
INSERT INTO "ressources_healthcenter" VALUES(205,'FOIX','0000','091','002','True','091',1,'1, Avenue de Sibian','','09015','FOIX CEDEX','05 61 65 74 00','05 61 02 92 99',NULL,NULL,'',NULL,1);
INSERT INTO "ressources_healthcenter" VALUES(206,'FOIX','0000','091','821','True','091',1,'26. Allées-de-Villote','','09002','FOIX CEDEX','05.61.65.30.55 ','05.61.02.66.52',NULL,NULL,'',NULL,2);
INSERT INTO "ressources_healthcenter" VALUES(207,'FOIX','0000','091','821','True','095',1,'26. Allées-de-Villote','','09002','FOIX CEDEX','05.61.65.30.55 ','05.61.02.66.52',NULL,NULL,'',NULL,2);
INSERT INTO "ressources_healthcenter" VALUES(208,'Fonds de Securite Sociale de l Assemblee Nationale','0000','100','001','True','100',1,'126, rue de l''Université','','75355','PARIS CEDEX 07','01.40.63.86.22','01.40.63.86.92',NULL,NULL,'',NULL,12);
INSERT INTO "ressources_healthcenter" VALUES(209,'FORT DE FRANCE','0000','972','026','True','972',1,'Place d''Armes','','97210','LE LAMENTIN CEDEX 2','05 96 51 00 08','',NULL,NULL,'',NULL,1);
INSERT INTO "ressources_healthcenter" VALUES(210,'GAP','0000','051','021','True','051',1,'10, Boulevard G. Pompidou','','05012','GAP CEDEX','04 92 53 11 91','04.92.51.38.70',NULL,NULL,'',NULL,1);
INSERT INTO "ressources_healthcenter" VALUES(211,'GAP','0000','051','301','True','051',1,'25 B Avenue Commandant Dumont','B.P. 79 ','05015','GAP CEDEX','04.92.40.11.00','04.92.51.49.23',NULL,NULL,'',NULL,2);
INSERT INTO "ressources_healthcenter" VALUES(212,'GAP','0000','051','301','True','055',1,'25 B Avenue Commandant Dumont','B.P. 79 ','05015','GAP CEDEX','04.92.40.11.00','04.92.51.49.23',NULL,NULL,'',NULL,2);
INSERT INTO "ressources_healthcenter" VALUES(213,'GRENOBLE','0000','381','381','True','381',1,'5. place Gustave-Rivet','','38048','GRENOBLE CEDEX','04.76.88.76.00 ','04.76.88.76.88',NULL,NULL,'',NULL,2);
INSERT INTO "ressources_healthcenter" VALUES(214,'GRENOBLE','0000','382','381','True','382',1,'47, avenue Alsace Lorraine','','38061','GRENOBLE CEDEX 1 ','04 76 43 43 65','',NULL,NULL,'',NULL,2);
INSERT INTO "ressources_healthcenter" VALUES(215,'GRENOBLE','0000','381','381','True','385',1,'5. place Gustave-Rivet','','38048','GRENOBLE CEDEX','04.76.88.76.00 ','04.76.88.76.88',NULL,NULL,'',NULL,2);
INSERT INTO "ressources_healthcenter" VALUES(216,'GROUPE MUTUALISTE DE L EST','3200','063','001','True','019',1,'1, rue des Cras','','25086','BESANCON  CEDEX 9','','',NULL,NULL,'',NULL,3);
INSERT INTO "ressources_healthcenter" VALUES(217,'GUERET','0000','231','008','True','231',1,'Rue Marcel Brunet','','23014','GUERET CEDEX','05 55 41 23 00','05 55 41 23 13',NULL,NULL,'',NULL,1);
INSERT INTO "ressources_healthcenter" VALUES(218,'GUERET','0000','231','821','True','231',1,'Avenue d''Auvergne','B.P. 169 ','23011','GUERET CEDEX','05.55.51.30.00 ','05.55.51.30.14',NULL,NULL,'',NULL,2);
INSERT INTO "ressources_healthcenter" VALUES(219,'GUERET','0000','232','821','True','232',1,'19, avenue Manouvrier','','23000','GUERET','05 55 51 01 76','',NULL,NULL,'',NULL,2);
INSERT INTO "ressources_healthcenter" VALUES(220,'GUERET','0000','231','821','True','235',1,'Avenue d''Auvergne','B.P. 169 ','23011','GUERET CEDEX','05.55.51.30.00 ','05.55.51.30.14',NULL,NULL,'',NULL,2);
INSERT INTO "ressources_healthcenter" VALUES(221,'HAGUENAU','0000','671','017','True','671',1,'17, Rue du Maréchal Joffre','','67505','HAGUENAU CEDEX','03 88 63 45 00','',NULL,NULL,'',NULL,1);
INSERT INTO "ressources_healthcenter" VALUES(222,'HARMONIE MUTUALITE','2700','315','002','True','007',1,'','','','','','',NULL,NULL,'',NULL,3);
INSERT INTO "ressources_healthcenter" VALUES(223,'HARMONIE MUTUALITE','2700','302','001','True','013',1,'','','','','','',NULL,NULL,'',NULL,3);
INSERT INTO "ressources_healthcenter" VALUES(224,'HARMONIE MUTUALITE','2700','303','001','True','015',1,'','','','','','',NULL,NULL,'',NULL,3);
INSERT INTO "ressources_healthcenter" VALUES(225,'HARMONIE MUTUALITE','2700','304','002','True','017',1,'','','','','','',NULL,NULL,'',NULL,3);
INSERT INTO "ressources_healthcenter" VALUES(226,'HARMONIE MUTUALITE','2700','305','002','True','023',1,'','','','','','',NULL,NULL,'',NULL,3);
INSERT INTO "ressources_healthcenter" VALUES(227,'HARMONIE MUTUALITE','2700','306','002','True','027',1,'','','','','','',NULL,NULL,'',NULL,3);
INSERT INTO "ressources_healthcenter" VALUES(228,'HARMONIE MUTUALITE','2700','307','001','True','034',1,'','','','','','',NULL,NULL,'',NULL,3);
INSERT INTO "ressources_healthcenter" VALUES(229,'HARMONIE MUTUALITE','2700','308','001','True','037',1,'','','','','','',NULL,NULL,'',NULL,3);
INSERT INTO "ressources_healthcenter" VALUES(230,'HARMONIE MUTUALITE','2700','309','002','True','041',1,'Madame MONNERIE','B.P. 70467','86012','POITIERS CEDEX','05 49 39 51 22','',NULL,NULL,'',NULL,3);
INSERT INTO "ressources_healthcenter" VALUES(231,'HARMONIE MUTUALITE','2700','310','002','True','043',1,'','','','','','',NULL,NULL,'',NULL,3);
INSERT INTO "ressources_healthcenter" VALUES(232,'HARMONIE MUTUALITE','2700','311','002','True','046',1,'','','','','','',NULL,NULL,'',NULL,3);
INSERT INTO "ressources_healthcenter" VALUES(233,'HARMONIE MUTUALITE','2700','312','002','True','052',1,'','','','','','',NULL,NULL,'',NULL,3);
INSERT INTO "ressources_healthcenter" VALUES(234,'HARMONIE MUTUALITE','5100','024','002','True','007',1,'Place du 1er Mai','','63043','CLERMONT FERRAND  CEDEX 2 ','04.73.31.50.50 ','04.73.31.50.96',NULL,NULL,'',NULL,3);
INSERT INTO "ressources_healthcenter" VALUES(235,'HARMONIE MUTUALITE','5100','046','001','True','013',1,'9, rue Charles Durant','PIPACT CEDEX ','18023','BOURGES ','02.48.69.77.00','08.48.69.79.00',NULL,NULL,'',NULL,3);
INSERT INTO "ressources_healthcenter" VALUES(236,'HARMONIE MUTUALITE','5100','119','001','True','037',1,'4, rue Désiré Colombe','BP 80507','44105','NANTES  CEDEX 4','02.40.99.22.00','02.40.20.55.79',NULL,NULL,'',NULL,3);
INSERT INTO "ressources_healthcenter" VALUES(237,'HARMONIE MUTUALITE','5200','047','001','True','013',1,'4, rue Emile Zola','BP 1909 ','37019','TOURS CEDEX 1 ','02.47.60.57.00','',NULL,NULL,'',NULL,3);
INSERT INTO "ressources_healthcenter" VALUES(238,'HARMONIE MUTUALITE','5200','120','001','True','037',1,'67, rue des Ponts de Cé','','49026','ANGERS  CEDEX 01 ','02.41.68.88.00 ','02.41.66.88.60',NULL,NULL,'',NULL,3);
INSERT INTO "ressources_healthcenter" VALUES(239,'HARMONIE MUTUALITE','5400','133','002','True','041',1,'HARMONIE MUTUALITE  Monsieur VEZIEN','B.P. 70467','86012','POITIERS CEDEX','05.49.39.51.29','05.49.60.23.59',NULL,NULL,'',NULL,3);
INSERT INTO "ressources_healthcenter" VALUES(240,'HARMONIE MUTUALITE','5500','123','001','True','037',1,'112, boulevard d''Italie','','85014','LA ROCHE SUR YON  CEDEX ','02.51.44.29.29 ','02.51.44.29.49',NULL,NULL,'',NULL,3);
INSERT INTO "ressources_healthcenter" VALUES(241,'HCL','0610','005','224','True','691',1,'12, rue du Port du Temple ','BP 2251 ','69229','Lyon  Cedex 02','','',NULL,NULL,'',NULL,24);
INSERT INTO "ressources_healthcenter" VALUES(242,'INTERIALE MUTUELLE LILLE','0604','015','002','True','021',1,'6, rue des Posandiers','','34958','MONTPELLIER CEDEX 02','','',NULL,NULL,'',NULL,24);
INSERT INTO "ressources_healthcenter" VALUES(243,'INTERIALE MUTUELLE LILLE','0604','015','002','True','022',1,'11, rue Thiers','','59040','LILLE CEDEX','03.20.15.83.00','03.20.15.83.01',NULL,NULL,'',NULL,24);
INSERT INTO "ressources_healthcenter" VALUES(244,'INTERIALE MUTUELLE LILLE','0604','015','002','True','061',1,'','','','','','',NULL,NULL,'',NULL,24);
INSERT INTO "ressources_healthcenter" VALUES(245,'INTERIALE MUTUELLE LILLE','0604','015','002','True','071',1,'','','','','0821 089 000 - 0,12/mn','',NULL,NULL,'',NULL,24);
INSERT INTO "ressources_healthcenter" VALUES(246,'INTERIALE MUTUELLE LILLE','0604','015','002','True','081',1,'','','','','0821 089 000 - 0,12/mn','',NULL,NULL,'',NULL,24);
INSERT INTO "ressources_healthcenter" VALUES(247,'INTERIALE MUTUELLE LILLE','0604','014','002','True','131',1,'2, bis bd Jourdan','','13014','MARSEILLE CEDEX','04.91.02.17.47','04.91.02.20.24',NULL,NULL,'',NULL,24);
INSERT INTO "ressources_healthcenter" VALUES(248,'INTERIALE MUTUELLE LILLE','0604','015','002','True','261',1,'','','','','0821 089 000 - 0,12/mn','',NULL,NULL,'',NULL,24);
INSERT INTO "ressources_healthcenter" VALUES(249,'INTERIALE MUTUELLE LILLE','0604','015','002','True','301',1,'','','','','0821 089 000 - 0,12/mn','',NULL,NULL,'',NULL,24);
INSERT INTO "ressources_healthcenter" VALUES(250,'INTERIALE MUTUELLE LILLE','0604','015','002','True','381',1,'','','','','0821 089 000 - 0,12/mn','',NULL,NULL,'',NULL,24);
INSERT INTO "ressources_healthcenter" VALUES(251,'INTERIALE MUTUELLE LILLE','0604','015','002','True','382',1,'','','','','0821 089 000 - 0,12/mn','',NULL,NULL,'',NULL,24);
INSERT INTO "ressources_healthcenter" VALUES(252,'INTERIALE MUTUELLE LILLE','0604','015','002','True','421',1,'','','','','0821 089 000 - 0,12/mn','',NULL,NULL,'',NULL,24);
INSERT INTO "ressources_healthcenter" VALUES(253,'INTERIALE MUTUELLE LILLE','0604','548','002','True','541',1,'31/33 rue Christian Prifter ','','54042','Nancy  CEDEX ','03.83.90.89.00 ','03.83.90.89.01',NULL,NULL,'',NULL,24);
INSERT INTO "ressources_healthcenter" VALUES(254,'INTERIALE MUTUELLE LILLE','0604','549','002','True','542',1,'31/33 rue Christian Prifter ','','54042','Nancy  CEDEX ','03.83.90.89.00 ','03.83.90.89.01',NULL,NULL,'',NULL,24);
INSERT INTO "ressources_healthcenter" VALUES(255,'INTERIALE MUTUELLE LILLE','0604','015','002','True','571',1,'','','','','','',NULL,NULL,'',NULL,24);
INSERT INTO "ressources_healthcenter" VALUES(256,'INTERIALE MUTUELLE LILLE','0604','015','002','True','572',1,'','','','','','',NULL,NULL,'',NULL,24);
INSERT INTO "ressources_healthcenter" VALUES(257,'INTERIALE MUTUELLE LILLE','0604','015','002','True','573',1,'','','','','','',NULL,NULL,'',NULL,24);
INSERT INTO "ressources_healthcenter" VALUES(258,'INTERIALE MUTUELLE LILLE','0604','015','002','True','591',1,'11, rue Thiers','','59040','LILLE CEDEX','03.20.15.83.00 ','03.20.15.83.01',NULL,NULL,'',NULL,24);
INSERT INTO "ressources_healthcenter" VALUES(259,'INTERIALE MUTUELLE LILLE','0604','015','002','True','592',1,'11, rue Thiers','','59040','LILLE CEDEX','03.20.15.83.00','03.20.15.83.01',NULL,NULL,'',NULL,24);
INSERT INTO "ressources_healthcenter" VALUES(260,'INTERIALE MUTUELLE LILLE','0604','015','002','True','593',1,'11, rue Thiers','','59040','LILLE CEDEX','03.20.15.83.00 ','03.20.15.83.01',NULL,NULL,'',NULL,24);
INSERT INTO "ressources_healthcenter" VALUES(261,'INTERIALE MUTUELLE LILLE','0604','015','002','True','594',1,'11, rue Thiers','','59040','LILLE CEDEX ','03.20.15.83.00 ','03.20.15.83.01',NULL,NULL,'',NULL,24);
INSERT INTO "ressources_healthcenter" VALUES(262,'INTERIALE MUTUELLE LILLE','0604','015','002','True','595',1,'11, rue Thiers','','59040','LILLE CEDEX','03.20.15.83.00 ','03.20.15.83.01',NULL,NULL,'',NULL,24);
INSERT INTO "ressources_healthcenter" VALUES(263,'INTERIALE MUTUELLE LILLE','0604','015','002','True','596',1,'11, rue Thiers','','59040','LILLE CEDEX','03.20.15.83.00 ','03.20.15.83.01',NULL,NULL,'',NULL,24);
INSERT INTO "ressources_healthcenter" VALUES(264,'INTERIALE MUTUELLE LILLE','0604','015','002','True','597',1,'11, rue Thiers','','59040','LILLE CEDEX','03.20.15.83.00 ','03.20.15.83.01',NULL,NULL,'',NULL,24);
INSERT INTO "ressources_healthcenter" VALUES(265,'INTERIALE MUTUELLE LILLE','0604','015','002','True','598',1,'11, rue Thiers','','59040','LILLE CEDEX','03.20.15.83.00 ','03.20.15.83.01',NULL,NULL,'',NULL,24);
INSERT INTO "ressources_healthcenter" VALUES(266,'INTERIALE MUTUELLE LILLE','0604','015','002','True','599',1,'11, rue Thiers','','59040','LILLE CEDEX ','03.20.15.83.00 ','03.20.15.83.01',NULL,NULL,'',NULL,24);
INSERT INTO "ressources_healthcenter" VALUES(267,'INTERIALE MUTUELLE LILLE','0604','015','002','True','601',1,'11, rue Thiers','','59040','LILLE CEDEX','03.20.15.83.00 ','03.20.15.83.01',NULL,NULL,'',NULL,24);
INSERT INTO "ressources_healthcenter" VALUES(268,'INTERIALE MUTUELLE LILLE','0604','015','002','True','602',1,'11, rue Thiers','','59040','LILLE CEDEX','03.20.15.83.00 ','03.20.15.83.01',NULL,NULL,'',NULL,24);
INSERT INTO "ressources_healthcenter" VALUES(269,'INTERIALE MUTUELLE LILLE','0604','015','002','True','621',1,'11, rue Thiers','','59040','LILLE CEDEX','03.20.15.83.00 ','03.20.15.83.01',NULL,NULL,'',NULL,24);
INSERT INTO "ressources_healthcenter" VALUES(270,'INTERIALE MUTUELLE LILLE','0604','015','002','True','622',1,'11, rue Thiers','','59040','LILLE CEDEX','03.20.15.83.00 ','03.20.15.83.01',NULL,NULL,'',NULL,24);
INSERT INTO "ressources_healthcenter" VALUES(271,'INTERIALE MUTUELLE LILLE','0604','015','002','True','623',1,'11, rue Thiers','','59040','LILLE CEDEX','03.20.15.83.00 ','03.20.15.83.01',NULL,NULL,'',NULL,24);
INSERT INTO "ressources_healthcenter" VALUES(272,'INTERIALE MUTUELLE LILLE','0604','015','002','True','624',1,'11, rue Thiers','','59040','LILLE CEDEX','03.20.15.83.00 ','03.20.15.83.01',NULL,NULL,'',NULL,24);
INSERT INTO "ressources_healthcenter" VALUES(273,'INTERIALE MUTUELLE LILLE','0604','015','002','True','691',1,'','','','','','',NULL,NULL,'',NULL,24);
INSERT INTO "ressources_healthcenter" VALUES(274,'INTERIALE MUTUELLE LILLE','0604','015','002','True','692',1,'','','','','0821 089 000 - 0,12/mn','',NULL,NULL,'',NULL,24);
INSERT INTO "ressources_healthcenter" VALUES(275,'INTERIALE MUTUELLE LILLE','0604','015','002','True','731',1,'','','','','0821 089 000 - 0,12/mn','',NULL,NULL,'',NULL,24);
INSERT INTO "ressources_healthcenter" VALUES(276,'INTERIALE MUTUELLE LILLE','0604','015','002','True','741',1,'','','','','0821 089 000 - 0,12/mn','',NULL,NULL,'',NULL,24);
INSERT INTO "ressources_healthcenter" VALUES(277,'INTERIALE MUTUELLE LILLE','0604','015','002','True','751',1,'','','','','','',NULL,NULL,'',NULL,24);
INSERT INTO "ressources_healthcenter" VALUES(278,'INTERIALE MUTUELLE LILLE','0604','015','002','True','761',1,'11, rue Thiers','','59040','LILLE CEDEX','03.20.15.83.00 ','03.20.15.83.01',NULL,NULL,'',NULL,24);
INSERT INTO "ressources_healthcenter" VALUES(279,'INTERIALE MUTUELLE LILLE','0604','015','002','True','762',1,'11, rue Thiers','','59040','LILLE CEDEX','03.20.15.83.00 ','03.20.15.83.01',NULL,NULL,'',NULL,24);
INSERT INTO "ressources_healthcenter" VALUES(280,'INTERIALE MUTUELLE LILLE','0604','015','002','True','763',1,'11, rue Thiers','','59040','LILLE CEDEX','03.20.15.83.00 ','03.20.15.83.01',NULL,NULL,'',NULL,24);
INSERT INTO "ressources_healthcenter" VALUES(281,'INTERIALE MUTUELLE LILLE','0604','015','002','True','764',1,'11, rue Thiers','','59040','LILLE CEDEX','03.20.15.83.00 ','03.20.15.83.01',NULL,NULL,'',NULL,24);
INSERT INTO "ressources_healthcenter" VALUES(282,'INTERIALE MUTUELLE LILLE','0604','015','002','True','771',1,'','','','','0821 089 000 - 0,12/mn','',NULL,NULL,'',NULL,24);
INSERT INTO "ressources_healthcenter" VALUES(283,'INTERIALE MUTUELLE LILLE','0604','015','002','True','781',1,'','','','','','',NULL,NULL,'',NULL,24);
INSERT INTO "ressources_healthcenter" VALUES(284,'INTERIALE MUTUELLE LILLE','0604','015','002','True','801',1,'11, rue Thiers','','59040','LILLE CEDEX','03.20.15.83.00 ','03.20.15.83.01',NULL,NULL,'',NULL,24);
INSERT INTO "ressources_healthcenter" VALUES(285,'INTERIALE MUTUELLE LILLE','0604','015','002','True','831',1,'','','','','0821 089 000 - 0,12/mn','',NULL,NULL,'',NULL,24);
INSERT INTO "ressources_healthcenter" VALUES(286,'INTERIALE MUTUELLE LILLE','0604','015','002','True','911',1,'','','','','','',NULL,NULL,'',NULL,24);
INSERT INTO "ressources_healthcenter" VALUES(287,'INTERIALE MUTUELLE LILLE','0604','015','002','True','921',1,'','','','','','',NULL,NULL,'',NULL,24);
INSERT INTO "ressources_healthcenter" VALUES(288,'INTERIALE MUTUELLE LILLE','0604','015','002','True','931',1,'','','','','','',NULL,NULL,'',NULL,24);
INSERT INTO "ressources_healthcenter" VALUES(289,'INTERIALE MUTUELLE LILLE','0604','015','002','True','941',1,'','','','','','',NULL,NULL,'',NULL,24);
INSERT INTO "ressources_healthcenter" VALUES(290,'INTERIALE MUTUELLE LILLE','0604','015','002','True','951',1,'','','','','','',NULL,NULL,'',NULL,24);
INSERT INTO "ressources_healthcenter" VALUES(291,'INTERIALE MUTUELLE PANTIN','0555','754','012','True','751',1,'138 av Jean Lolive ','','93507','PANTIN CEDEX ','01 49 15 96 08','01 48 91 62 55',NULL,NULL,'',NULL,24);
INSERT INTO "ressources_healthcenter" VALUES(292,'INTERIALE MUTUELLE PANTIN','0555','774','012','True','771',1,'','','','','','',NULL,NULL,'',NULL,24);
INSERT INTO "ressources_healthcenter" VALUES(293,'INTERIALE MUTUELLE PANTIN','0555','914','012','True','911',1,'138 av Jean Lolive ','','93507','PANTIN CEDEX ','01 49 15 96 08','01 48 91 62 55',NULL,NULL,'',NULL,24);
INSERT INTO "ressources_healthcenter" VALUES(294,'INTERIALE MUTUELLE PANTIN','0555','928','012','True','921',1,'138 av Jean Lolive ','','93507','PANTIN  CEDEX ','01 49 15 96 08','01 48 91 62 55',NULL,NULL,'',NULL,24);
INSERT INTO "ressources_healthcenter" VALUES(295,'INTERIALE MUTUELLE PANTIN','0555','935','012','True','931',1,'138 av Jean Lolive ','','93507','PANTIN  CEDEX','01 49 15 96 08','01 48 91 62 55',NULL,NULL,'',NULL,24);
INSERT INTO "ressources_healthcenter" VALUES(296,'INTERIALE MUTUELLE PANTIN','0555','944','012','True','941',1,'138 av Jean Lolive ','','93507','PANTIN  CEDEX ','01 49 15 96 08','01 48 91 62 55',NULL,NULL,'',NULL,24);
INSERT INTO "ressources_healthcenter" VALUES(297,'JUST ENSEMBLE NORD','3400','113','001','True','033',1,'19, rue de la Poste','BP 259 ','59306','VALENCIENNES  CEDEX ','03.27.28.98.98','',NULL,NULL,'',NULL,3);
INSERT INTO "ressources_healthcenter" VALUES(298,'LA MUTUELLE BLEUE (PROF. ARTIS. ILE DE France)','2100','157','002','True','050',1,'68, rue du Rocher','','75396','PARIS  CEDEX 08','01.53.42.59.59','01.53.42.58.38',NULL,NULL,'',NULL,3);
INSERT INTO "ressources_healthcenter" VALUES(299,'LA MUTUELLE GENERALE AIN','0512','011','001','True','011',1,'16 rue de la grenouillere','BP 60318','01011','BOURG EN BRESSE CEDEX','0 800 455 455','04 74 21 89 55',NULL,NULL,'',NULL,19);
INSERT INTO "ressources_healthcenter" VALUES(300,'LA MUTUELLE GENERALE AISNE','0512','021','001','True','021',1,'22, boulevard Pierre Brossolette','','02011','LAON CEDEX','0 800 455 455','03 23 23 54 74',NULL,NULL,'',NULL,19);
INSERT INTO "ressources_healthcenter" VALUES(301,'LA MUTUELLE GENERALE ALLIER','0512','031','001','True','031',1,'Résidence Vincent d''Indy','Rue de Bardon - B.P 1725','03017','MOULINS CEDEX','0 800 455 455','04 70 46 84 91',NULL,NULL,'',NULL,19);
INSERT INTO "ressources_healthcenter" VALUES(302,'LA MUTUELLE GENERALE ALPES DE HAUTE PROVENCE','0512','041','001','True','041',1,'26, avenue des Charrois','','04008','DIGNE LES BAINS CEDEX','0 800 455 455','04 92 36 63 08',NULL,NULL,'',NULL,19);
INSERT INTO "ressources_healthcenter" VALUES(303,'LA MUTUELLE GENERALE ALPES MARITIMES','0512','061','001','True','061',1,'26, avenue de Fabron','','06283','NICE CEDEX 3','0 800 455 455','04 93 86 41 17',NULL,NULL,'',NULL,19);
INSERT INTO "ressources_healthcenter" VALUES(304,'La Mutuelle Generale ANNONAY','0512','071','001','True','071',1,'Résidence INNOPARC - Bâtiment B - 462, avenue Seguin','B.P. 634','07006','PRIVAS CEDEX','0 800 455 455','04.75.20.25.55',NULL,NULL,'',NULL,19);
INSERT INTO "ressources_healthcenter" VALUES(305,'LA MUTUELLE GENERALE ARDECHE','0512','072','001','True','072',1,'residence Innoparc B 462 av Seguin','BP 634','07006','PRIVAS CEDEX','0 800 455 455','04 75 20 25 55',NULL,NULL,'',NULL,19);
INSERT INTO "ressources_healthcenter" VALUES(306,'LA MUTUELLE GENERALE ARDENNES','0512','081','001','True','081',1,'BP 5059','3 rue Pierre Gillet','08109','CHARLEVILLE-MEZIERES CEDEX','0 800 455 455','03 24 59 83 29',NULL,NULL,'',NULL,19);
INSERT INTO "ressources_healthcenter" VALUES(307,'LA MUTUELLE GENERALE ARIEGE','0512','091','001','True','091',1,'17 cours Gabriel Faure','BP 74','09008','FOIX CEDEX','0 800 455 455','05 34  09 87 09',NULL,NULL,'',NULL,19);
INSERT INTO "ressources_healthcenter" VALUES(308,'La Mutuelle Generale ARMENTIERES','0512','591','001','True','591',1,'282 avenue de la Marne','','59848','MARCQ EN BAROEUL CEDEX','0 800 455 455','03 20 98 42 14',NULL,NULL,'',NULL,19);
INSERT INTO "ressources_healthcenter" VALUES(309,'La Mutuelle Generale ARRAS','0512','621','001','True','621',1,'11 ter bd Robert Shuman-entrée A','BP 20917','62022','ARRAS CEDEX','0 800 455 455','03 21 51 83 29',NULL,NULL,'',NULL,19);
INSERT INTO "ressources_healthcenter" VALUES(310,'LA MUTUELLE GENERALE AUBE','0512','101','001','True','101',1,'12 rue Ravelin','BP 172','10005','TROYES CEDEX','0 800 455 455','03 25 73 21 88',NULL,NULL,'',NULL,19);
INSERT INTO "ressources_healthcenter" VALUES(311,'LA MUTUELLE GENERALE AUDE','0512','111','001','True','111',1,'42, rue Antoine MARTY','','11890','CARCASSONNE CEDEX 9','0 800 455 455','04 68 11 42 40',NULL,NULL,'',NULL,19);
INSERT INTO "ressources_healthcenter" VALUES(312,'LA MUTUELLE GENERALE AVEYRON','0512','121','001','True','121',1,'résidence la Rotonde','1 avenue Jean Monnet BP 3101','12031','RODEZ CEDEX 9','0 800 455 455','05 65 77 35 47',NULL,NULL,'',NULL,19);
INSERT INTO "ressources_healthcenter" VALUES(313,'LA MUTUELLE GENERALE BAS RHIN','0512','673','001','True','673',1,'CS 60018','','67083','STRASBOURG CEDEX','0 800 455 455','03.88.24.98.18',NULL,NULL,'',NULL,19);
INSERT INTO "ressources_healthcenter" VALUES(314,'La Mutuelle Generale BEZIERS','0512','341','001','True','341',1,'48, rue St Guilhem','CS 90046','34046','MONTPELLIER CEDEX 1','0 800 455 455','04 99 74 20 25',NULL,NULL,'',NULL,19);
INSERT INTO "ressources_healthcenter" VALUES(315,'LA MUTUELLE GENERALE BOUCHES DU RHONE','0512','131','001','True','131',1,'18, rue Dieudé','','13292','MARSEILLE CEDEX 06','0 800 455 455','04 91 33 82 40',NULL,NULL,'',NULL,19);
INSERT INTO "ressources_healthcenter" VALUES(316,'La Mutuelle Generale BOULOGNE SUR MER','0512','622','001','True','622',1,'11 ter bd Robert Shuman-entrée A','BP 20917','62022','ARRAS CEDEX','0 800 455 455','03.21.51.83.29',NULL,NULL,'',NULL,19);
INSERT INTO "ressources_healthcenter" VALUES(317,'LA MUTUELLE GENERALE CALVADOS','0512','141','001','True','141',1,'12, rue Paul Toutain','','14090','CAEN CEDEX 9','0 800 455 455','02 31 85 12 48',NULL,NULL,'',NULL,19);
INSERT INTO "ressources_healthcenter" VALUES(318,'La Mutuelle Generale CAMBRAI','0512','592','001','True','592',1,'282 avenue de la Marne','','59848','MARCQ EN BAROEUL CEDEX','0 800 455 455','03.20.98.42.14',NULL,NULL,'',NULL,19);
INSERT INTO "ressources_healthcenter" VALUES(319,'LA MUTUELLE GENERALE CANTAL','0512','151','001','True','151',1,'2 rue Pierre Marty','BP 77','15017','AURILLAC CEDEX','0 800 455 455','04 71 48 58 52',NULL,NULL,'',NULL,19);
INSERT INTO "ressources_healthcenter" VALUES(320,'LA MUTUELLE GENERALE CHARENTE','0512','161','001','True','161',1,'20 avenue du Maréchal Juin','','16022','ANGOULEME CEDEX CEDEX','0 800 455 455','05 45 95 65 98',NULL,NULL,'',NULL,19);
INSERT INTO "ressources_healthcenter" VALUES(321,'LA MUTUELLE GENERALE CHARENTE MARITIME','0512','171','001','True','171',1,'34 rue Gautier','BP 241','17108','SAINTES CEDEX','0 800 455 455','05 46 93 96 07',NULL,NULL,'',NULL,19);
INSERT INTO "ressources_healthcenter" VALUES(322,'LA MUTUELLE GENERALE CHER','0512','181','001','True','181',1,'enclos des Jacobins','BP 213','18014','BOURGES CEDEX','0 800 455 455','02 48 27 58 11',NULL,NULL,'',NULL,19);
INSERT INTO "ressources_healthcenter" VALUES(323,'La Mutuelle Generale CHOLET','0512','492','001','True','492',1,'7 Place Mendes France','','49032','ANGERS CEDEX 01','0 800 455 455','02 41 23 15 01',NULL,NULL,'',NULL,19);
INSERT INTO "ressources_healthcenter" VALUES(324,'La Mutuelle Generale COLMAR','0512','681','001','True','681',1,'25, rue du Logelbach','BP 80496','68020','COLMAR CEDEX','0 800 455 455','03 89 80 35 01',NULL,NULL,'',NULL,19);
INSERT INTO "ressources_healthcenter" VALUES(325,'LA MUTUELLE GENERALE CORREZE','0512','191','001','True','191',1,'1 place de la Halle','','19114','BRIVE LA GAILLARDE CEDEX','0 800 455 455','05 55 17 75 76',NULL,NULL,'',NULL,19);
INSERT INTO "ressources_healthcenter" VALUES(326,'LA MUTUELLE GENERALE CORSE DU SUD','0512','201','001','True','201',1,'','21-23 rue du docteur Del Pellegrino','20090','AJACCIO','0 800 455 455','04 95 20 27 00',NULL,NULL,'',NULL,19);
INSERT INTO "ressources_healthcenter" VALUES(327,'LA MUTUELLE GENERALE COTE D OR','0512','211','001','True','211',1,'21 rue Monge','BP N° 50769','21076','DIJON CEDEX','0 800 455 455','03 80 45 26 49',NULL,NULL,'',NULL,19);
INSERT INTO "ressources_healthcenter" VALUES(328,'LA MUTUELLE GENERALE COTES D ARMOR','0512','221','001','True','221',1,'25, rue de Paris','CS 42103','22021','SAINT BRIEUC CEDEX 1','0 800 455 455','02 96 61 05 27',NULL,NULL,'',NULL,19);
INSERT INTO "ressources_healthcenter" VALUES(329,'La Mutuelle Generale CREIL','0512','602','001','True','602',1,'rue des filatures','BP 70572','60023','Beauvais','0 800 455 455','03 44 48 31 18',NULL,NULL,'',NULL,19);
INSERT INTO "ressources_healthcenter" VALUES(330,'LA MUTUELLE GENERALE CREUSE','0512','231','001','True','231',1,'11, avenue du Bourbonnais','BP 175','23004','GUERET CEDEX','0 800 455 455','05 55 52 09 13',NULL,NULL,'',NULL,19);
INSERT INTO "ressources_healthcenter" VALUES(331,'LA MUTUELLE GENERALE DEUX SEVRES','0512','791','001','True','791',1,'Résidence Le Niorto','20, place du Port BP 8535','79025','NIORT CEDEX 9','0 800 455 455','05 49 73 06 76',NULL,NULL,'',NULL,19);
INSERT INTO "ressources_healthcenter" VALUES(332,'La Mutuelle Generale DIEPPE','0512','761','001','True','761',1,'36, avenue de Bretagne','BP 1001','76171','ROUEN CEDEX 1','0 800 455 455','02 35 03 76 38',NULL,NULL,'',NULL,19);
INSERT INTO "ressources_healthcenter" VALUES(333,'LA MUTUELLE GENERALE DORDOGNE','0512','241','001','True','241',1,'35 rue du Général Morand','','24009','PERIGUEUX CEDEX','0 800 455 455','05 53 53 69 74',NULL,NULL,'',NULL,19);
INSERT INTO "ressources_healthcenter" VALUES(334,'La Mutuelle Generale DOUAI','0512','593','001','True','593',1,'282 avenue de la Marne','','59848','MARCQ EN BAROEUL CEDEX','0 800 455 455','03.20.98.42.14',NULL,NULL,'',NULL,19);
INSERT INTO "ressources_healthcenter" VALUES(335,'LA MUTUELLE GENERALE DOUBS','0512','251','001','True','251',1,'Espace Dodane','7, avenue de Montrapon','25075','BESANCON CEDEX 9','0 800 455 455','03 81 88 99 50',NULL,NULL,'',NULL,19);
INSERT INTO "ressources_healthcenter" VALUES(336,'LA MUTUELLE GENERALE DROME','0512','261','001','True','261',1,'3 place de la Dragonne','BP 2118','26021','VALENCE CEDEX','0 800 455 455','04 75 42 68 28',NULL,NULL,'',NULL,19);
INSERT INTO "ressources_healthcenter" VALUES(337,'La Mutuelle Generale ELBEUF','0512','762','001','True','762',1,'36, avenue de Bretagne','B.P. 1001','76171','ROUEN CEDEX 1','0 800 455 455','02.35.03.76.38',NULL,NULL,'',NULL,19);
INSERT INTO "ressources_healthcenter" VALUES(338,'LA MUTUELLE GENERALE ESSONNE','0512','911','001','True','911',1,'Parc Elysées','11 rue Michel Ange Courcouronnes','91026','EVRY CEDEX','0 800 455 455','01 60 87 33 09',NULL,NULL,'',NULL,19);
INSERT INTO "ressources_healthcenter" VALUES(339,'LA MUTUELLE GENERALE EURE','0512','271','001','True','271',1,'Résidence l''Evasion','62, rue de Pannette - BP 484','27004','EVREUX CEDEX','0 800 455 455','02 32 33 75 66',NULL,NULL,'',NULL,19);
INSERT INTO "ressources_healthcenter" VALUES(340,'LA MUTUELLE GENERALE EURE ET LOIR','0512','281','001','True','281',1,'27, rue Brossolette','','28019','CHARTRES CEDEX','0 800 455 455','02 37 91 18 87',NULL,NULL,'',NULL,19);
INSERT INTO "ressources_healthcenter" VALUES(341,'LA MUTUELLE GENERALE FINISTERE','0512','291','001','True','291',1,'5, allée Emile Le Page','','29109','QUIMPER CEDEX','0 800 455 455','02 98 10 16 99',NULL,NULL,'',NULL,19);
INSERT INTO "ressources_healthcenter" VALUES(342,'LA MUTUELLE GENERALE GARD','0512','301','001','True','301',1,'4 rue Dhuoda','BP 38211','30942','NIMES CEDEX 9','0 800 455 455','04 66 21 84 84',NULL,NULL,'',NULL,19);
INSERT INTO "ressources_healthcenter" VALUES(343,'LA MUTUELLE GENERALE GERS','0512','321','001','True','321',1,'26, rue Dessoles','BP 379','32008','AUCH CEDEX','0 800 455 455','05 62 61 91 94',NULL,NULL,'',NULL,19);
INSERT INTO "ressources_healthcenter" VALUES(344,'LA MUTUELLE GENERALE GIRONDE','0512','331','001','True','331',1,'19 rue Edmond Michelet','','33065','BORDEAUX CEDEX','0 800 455 455','05 56 00 47 29',NULL,NULL,'',NULL,19);
INSERT INTO "ressources_healthcenter" VALUES(345,'LA MUTUELLE GENERALE GUADELOUPE','0512','971','001','True','971',1,'Tour Sécid 4eme étage  Angle des','bd Faidherbe et Légitimus BP 637','97168','POINTE A PITRE CEDEX','0 800 455 455','0 590 20 96 43',NULL,NULL,'',NULL,19);
INSERT INTO "ressources_healthcenter" VALUES(346,'LA MUTUELLE GENERALE GUYANE','0512','973','001','True','973',1,'22 bd Jubelin','','97308','CAYENNE CEDEX','0 800 455 455','0 594 31 76 55',NULL,NULL,'',NULL,19);
INSERT INTO "ressources_healthcenter" VALUES(347,'La Mutuelle Generale HAGUENAU','0512','671','001','True','671',1,'5 place du corbeau','BP 60018','67083','STRASBOURG CEDEX','0 800 455 455','03 88 24 98 18',NULL,NULL,'',NULL,19);
INSERT INTO "ressources_healthcenter" VALUES(348,'LA MUTUELLE GENERALE HAUT RHIN','0512','682','001','True','682',1,'25, rue du Logelbach','B.P. 80496','68020','COLMAR CEDEX','0 800 455 455','03.89.80.35.01',NULL,NULL,'',NULL,19);
INSERT INTO "ressources_healthcenter" VALUES(349,'LA MUTUELLE GENERALE HAUTE CORSE','0512','202','001','True','202',1,'Esplanade de la Gare Rond-Point du Général Leclerc','BP 217','20293','BASTIA CEDEX','0 800 455 455','04 95 32 03 00',NULL,NULL,'',NULL,19);
INSERT INTO "ressources_healthcenter" VALUES(350,'LA MUTUELLE GENERALE HAUTE GARONNE','0512','311','001','True','311',1,'50, rue des sept Troubadours','BP 9005','31049','TOULOUSE CEDEX 9','0 800 455 455','05 34 41 51 00',NULL,NULL,'',NULL,19);
INSERT INTO "ressources_healthcenter" VALUES(351,'LA MUTUELLE GENERALE HAUTE LOIRE','0512','431','001','True','431',1,'41 boulevard St Louis','CS 93308','43009','LE PUY EN VELAY CEDEX','0 800 455 455','04 71 09 47 82',NULL,NULL,'',NULL,19);
INSERT INTO "ressources_healthcenter" VALUES(352,'LA MUTUELLE GENERALE HAUTE MARNE','0512','521','001','True','521',1,'72 rue victoire de la Marne','BP 2080','52903','CHAUMONT CEDEX 09','0 800 455 455','03 25 32 02 31',NULL,NULL,'',NULL,19);
INSERT INTO "ressources_healthcenter" VALUES(353,'LA MUTUELLE GENERALE HAUTE SAONE','0512','701','001','True','701',1,'41 rue de Breuil','BP 377','70014','VESOUL','0 800 455 455','03-84-75-26-32',NULL,NULL,'',NULL,19);
INSERT INTO "ressources_healthcenter" VALUES(354,'LA MUTUELLE GENERALE HAUTE SAVOIE','0512','741','001','True','741',1,'83, rue du Val Vert','BP 94 SEYNOD','74003','ANNECY CEDEX','0 800 455 455','04 50 51 10 61',NULL,NULL,'',NULL,19);
INSERT INTO "ressources_healthcenter" VALUES(355,'LA MUTUELLE GENERALE HAUTE VIENNE','0512','871','001','True','871',1,'44 rue Hoche','BP 83326','87033','LIMOGES cedex 1','0 800 455 455','05.55.79.32.53',NULL,NULL,'',NULL,19);
INSERT INTO "ressources_healthcenter" VALUES(356,'LA MUTUELLE GENERALE HAUTES ALPES','0512','051','001','True','051',1,'8 bd charles de gaulle','','05010','GAP CEDEX','0 800 455 455','04 92 51 86 36',NULL,NULL,'',NULL,19);
INSERT INTO "ressources_healthcenter" VALUES(357,'LA MUTUELLE GENERALE HAUTES PYRENEES','0512','651','001','True','651',1,'1, Place de Verdun','BP 1516','65015','TARBES CEDEX 9','0 800 455 455','05 62 44 35 79',NULL,NULL,'',NULL,19);
INSERT INTO "ressources_healthcenter" VALUES(358,'LA MUTUELLE GENERALE HAUTS DE SEINE','0512','921','001','True','921',1,'17 PLACE DE LA RESISTANCE','','92445','ISSY LES MOULINEAUX CEDEX','0 800 455 455','01 42 02 67 16',NULL,NULL,'',NULL,19);
INSERT INTO "ressources_healthcenter" VALUES(359,'LA MUTUELLE GENERALE HERAULT','0512','342','001','True','342',1,'48 rue St Guilhem','CS 90046','34046','MONTPELLIER CEDEX 1','0 800 455 455','04 99 74 20 25',NULL,NULL,'',NULL,19);
INSERT INTO "ressources_healthcenter" VALUES(360,'LA MUTUELLE GENERALE ILLE ET VILAINE','0512','351','001','True','351',1,'6, cour Raphaël BINET','CS 14324','35043','RENNES CEDEX','0 800 455 455','02 99 85 92 07',NULL,NULL,'',NULL,19);
INSERT INTO "ressources_healthcenter" VALUES(361,'LA MUTUELLE GENERALE INDRE','0512','361','001','True','361',1,'22 rue de la gare','BP 533','36018','CHATEAUROUX CEDEX','0 800 455 455','02 54 07 59 85',NULL,NULL,'',NULL,19);
INSERT INTO "ressources_healthcenter" VALUES(362,'LA MUTUELLE GENERALE INDRE ET LOIRE','0512','371','001','True','371',1,'31 boulevard Beranger','BP 4115','37041','TOURS CEDEX 1','0 800 455 455','02 47 20 00 20',NULL,NULL,'',NULL,19);
INSERT INTO "ressources_healthcenter" VALUES(363,'LA MUTUELLE GENERALE ISERE','0512','381','001','True','381',1,'Eurennepolis Bâtiment II','4, place Robert Schuman BP 1550','38012','GRENOBLE CEDEX 1','0 800 455 455','04 76 21 61 31',NULL,NULL,'',NULL,19);
INSERT INTO "ressources_healthcenter" VALUES(364,'LA MUTUELLE GENERALE JURA','0512','391','001','True','391',1,'2 avenue Thurel','BP N° 30600','39021','LONS LE SAUNIER CEDEX','0 800 455 455','03 84 24 31 06',NULL,NULL,'',NULL,19);
INSERT INTO "ressources_healthcenter" VALUES(365,'LA MUTUELLE GENERALE LANDES','0512','401','001','True','401',1,'217 bd Antoine Lacaze','BP 345','40019','MONT DE MARSAN CEDEX','0 800 455 455','05 58 46 04 12',NULL,NULL,'',NULL,19);
INSERT INTO "ressources_healthcenter" VALUES(366,'LA MUTUELLE GENERALE LOIR ET CHER','0512','411','001','True','411',1,'4, Place Louis XII','','41018','BLOIS CEDEX','0 800 455 455','02 54 27 78 79',NULL,NULL,'',NULL,19);
INSERT INTO "ressources_healthcenter" VALUES(367,'LA MUTUELLE GENERALE LOIRE','0512','422','001','True','422',1,'5 rue de la résistance','BP 30292','42016','SAINT ETIENNE CEDEX 1','0 800 455 455','04 77 47 41 40',NULL,NULL,'',NULL,19);
INSERT INTO "ressources_healthcenter" VALUES(368,'LA MUTUELLE GENERALE LOIRE ATLANTIQUE','0512','441','001','True','441',1,'2 rue de la paix','BP 10501','44005','NANTES CEDEX 1','0 800 455 455','02 40 69 13 38',NULL,NULL,'',NULL,19);
INSERT INTO "ressources_healthcenter" VALUES(369,'LA MUTUELLE GENERALE LOIRET','0512','451','001','True','451',1,'11 bis avenue Jean Zay','','45031','ORLEANS CEDEX 1','0 800 455 455','02 38 24 01 99',NULL,NULL,'',NULL,19);
INSERT INTO "ressources_healthcenter" VALUES(370,'La Mutuelle Generale LONGWY','0512','541','001','True','541',1,'10, rue Victor Poirel','BP 74036','54039','NANCY CEDEX','0 800 455 455','03 83 17 45 51',NULL,NULL,'',NULL,19);
INSERT INTO "ressources_healthcenter" VALUES(371,'LA MUTUELLE GENERALE LOT','0512','461','001','True','461',1,'45, rue Gustave Sindou','BP 255','46005','CAHORS CEDEX 9','0 800 455 455','05 65 35 86 53',NULL,NULL,'',NULL,19);
INSERT INTO "ressources_healthcenter" VALUES(372,'LA MUTUELLE GENERALE LOT ET GARONNE','0512','471','001','True','471',1,'86 cours Victor Hugo','BP 50169','47005','AGEN CEDEX','0 800 455 455','05 53 66 21 61',NULL,NULL,'',NULL,19);
INSERT INTO "ressources_healthcenter" VALUES(373,'LA MUTUELLE GENERALE LOZERE','0512','481','001','True','481',1,'16 boulevard Lucien Arnault','BP 90146','48004','MENDE CEDEX','0 800 455 455','04 66 49 39 79',NULL,NULL,'',NULL,19);
INSERT INTO "ressources_healthcenter" VALUES(374,'LA MUTUELLE GENERALE MAINE ET LOIRE','0512','491','001','True','491',1,'7 Place Mendes France','','49032','ANGERS CEDEX 01','0 800 455 455','02 41 23 15 01',NULL,NULL,'',NULL,19);
INSERT INTO "ressources_healthcenter" VALUES(375,'LA MUTUELLE GENERALE MANCHE','0512','501','001','True','501',1,'49 rue de Villedieu','CS 11608','50000','SAINT LO CEDEX','0 800 455 455','02 33 57 10 13',NULL,NULL,'',NULL,19);
INSERT INTO "ressources_healthcenter" VALUES(376,'LA MUTUELLE GENERALE MARNE','0512','511','001','True','511',1,'8, rue Thomas Martin','','51021','CHALONS EN CHAMPAGNE CEDEX','0 800 455 455','03 26 21 87 09',NULL,NULL,'',NULL,19);
INSERT INTO "ressources_healthcenter" VALUES(377,'LA MUTUELLE GENERALE MARTINIQUE','0512','972','001','True','972',1,'centre commercial Le Trident','RDC Bat A Montgerald','97200','FORT DE FRANCE CEDEX','0 800 455 455','0 596 75 00 25',NULL,NULL,'',NULL,19);
INSERT INTO "ressources_healthcenter" VALUES(378,'La Mutuelle Generale MAUBEUGE','0512','596','001','True','596',1,'282 avenue de la Marne','','59848','MARCQ EN BAROEUL CEDEX','0 800 455 455','03.20.98.42.14',NULL,NULL,'',NULL,19);
INSERT INTO "ressources_healthcenter" VALUES(379,'LA MUTUELLE GENERALE MAYENNE','0512','531','001','True','531',1,'14, rue des Ridelleries','BP N° 1313','53013','LAVAL CEDEX','0 800 455 455','02 43 53 19 18',NULL,NULL,'',NULL,19);
INSERT INTO "ressources_healthcenter" VALUES(380,'LA MUTUELLE GENERALE MEURTHE ET MOSELLE','0512','542','001','True','542',1,'10, rue Victor Poirel','B.P. 4036','54039','NANCY CEDEX','0 800 455 455','03.83.17.45.51',NULL,NULL,'',NULL,19);
INSERT INTO "ressources_healthcenter" VALUES(381,'LA MUTUELLE GENERALE MEUSE','0512','551','001','True','551',1,'98, boulevard de la Rochelle','BP 20546','55013','BAR LE DUC CEDEX','0 800 455 455','03 29 77 17 42',NULL,NULL,'',NULL,19);
INSERT INTO "ressources_healthcenter" VALUES(382,'La Mutuelle Generale MONTBELIARD','0512','252','001','True','252',1,'Espace Dodane','7, avenue de Montrapon','25075','BESANCON CEDEX 9','0 800 455 455','03.81.88.99.50',NULL,NULL,'',NULL,19);
INSERT INTO "ressources_healthcenter" VALUES(383,'LA MUTUELLE GENERALE MORBIHAN','0512','561','001','True','561',1,'50, rue du Commerce','BP 332','56018','VANNES CEDEX','0 800 455 455','02 97 42 71 34',NULL,NULL,'',NULL,19);
INSERT INTO "ressources_healthcenter" VALUES(384,'LA MUTUELLE GENERALE MOSELLE','0512','571','001','True','571',1,'11 rue Sébastien leclec','BP 89004','57000','METZ CEDEX','0 800 455 455','03 87 50 78 85',NULL,NULL,'',NULL,19);
INSERT INTO "ressources_healthcenter" VALUES(385,'LA MUTUELLE GENERALE NIEVRE','0512','581','001','True','581',1,'4 avenue Colbert','BP 14','58019','NEVERS CEDEX','0 800 455 455','03 86 59 78 21',NULL,NULL,'',NULL,19);
INSERT INTO "ressources_healthcenter" VALUES(386,'LA MUTUELLE GENERALE NORD 1','0512','594','001','True','594',1,'282 avenue de la Marne','','59848','MARCQ EN BAROEUL CEDEX','0 800 455 455','03.20.98.42.14',NULL,NULL,'',NULL,19);
INSERT INTO "ressources_healthcenter" VALUES(387,'LA MUTUELLE GENERALE NORD 2','0512','595','001','True','595',1,'282 avenue de la Marne','','59848','MARCQ EN BAROEUL CEDEX','0 800 455 455','03.20.98.42.14',NULL,NULL,'',NULL,19);
INSERT INTO "ressources_healthcenter" VALUES(388,'LA MUTUELLE GENERALE NORD 3','0512','597','001','True','597',1,'282 avenue de la Marne','','59848','MARCQ EN BAROEUL CEDEX','0 800 455 455','03.20.98.42.14',NULL,NULL,'',NULL,19);
INSERT INTO "ressources_healthcenter" VALUES(389,'LA MUTUELLE GENERALE NORD 4','0512','599','001','True','599',1,'282 avenue de la Marne','','59848','MARCQ EN BAROEUL CEDEX','0 800 455 455','03.20.98.42.14',NULL,NULL,'',NULL,19);
INSERT INTO "ressources_healthcenter" VALUES(390,'LA MUTUELLE GENERALE OISE','0512','601','001','True','601',1,'rue des filatures','BP 70572','60023','BEAUVAIS CEDEX','0 800 455 455','03 44 48 31 18',NULL,NULL,'',NULL,19);
INSERT INTO "ressources_healthcenter" VALUES(391,'LA MUTUELLE GENERALE ORNE','0512','611','001','True','611',1,'44 rue du maréchal De Lattre De Tassigny','BP 315','61009','ALENCON CEDEX','0 800 455 455','02 33 26 76 03',NULL,NULL,'',NULL,19);
INSERT INTO "ressources_healthcenter" VALUES(392,'LA MUTUELLE GENERALE PARIS','0512','751','001','True','751',1,'N TSA 80254','','94281','Le Kremlin Bicetre CEDEX','0 800 455 455','01 45 59 83 59',NULL,NULL,'',NULL,19);
INSERT INTO "ressources_healthcenter" VALUES(393,'LA MUTUELLE GENERALE PAS DE CALAIS 1','0512','623','001','True','623',1,'11 ter bd Robert Shuman-entrée A','BP 20917','62022','ARRAS CEDEX','0 800 455 455','03.21.51.83.29',NULL,NULL,'',NULL,19);
INSERT INTO "ressources_healthcenter" VALUES(394,'LA MUTUELLE GENERALE PAS DE CALAIS 2','0512','624','001','True','624',1,'11 ter bd Robert Shuman-entrée A','BP 20917','62022','ARRAS CEDEX','0 800 455 455','03.21.51.83.29',NULL,NULL,'',NULL,19);
INSERT INTO "ressources_healthcenter" VALUES(395,'LA MUTUELLE GENERALE PUY DE DOME','0512','631','001','True','631',1,'24 avenue de l''agriculture','','63017','CLERMONT FERRAND CEDEX 2','0 800 455 455','04 73 98 80 95',NULL,NULL,'',NULL,19);
INSERT INTO "ressources_healthcenter" VALUES(396,'LA MUTUELLE GENERALE PYRENEES ATLANTIQUES 1','0512','641','001','True','641',1,'7 rue Mathier Lalanne','','64086','PAU CEDEX','0 800 455 455','05 59 27 98 42',NULL,NULL,'',NULL,19);
INSERT INTO "ressources_healthcenter" VALUES(397,'LA MUTUELLE GENERALE PYRENEES ATLANTIQUES 2','0512','642','001','True','642',1,'7 rue Mathieu Lalanne','','64086','PAU CEDEX','0 800 455 455','05.59.27.98.42',NULL,NULL,'',NULL,19);
INSERT INTO "ressources_healthcenter" VALUES(398,'LA MUTUELLE GENERALE PYRENEES ORIENTALES','0512','661','001','True','661',1,'CS 70938','15 boulevard Félix Mercader','66020','PERPIGNAN CEDEX','0 800 455 455','04 68 51 24 51',NULL,NULL,'',NULL,19);
INSERT INTO "ressources_healthcenter" VALUES(399,'La Mutuelle Generale QUIMPER','0512','292','001','True','292',1,'5, allée Emile Le Page','','29109','QUIMPER CEDEX','0 800 455 455','02.98.10.16.99',NULL,NULL,'',NULL,19);
INSERT INTO "ressources_healthcenter" VALUES(400,'LA MUTUELLE GENERALE REUNION','0512','974','001','True','974',1,'31 rue Jean Cocteau','','97490','SAINTE CLOTILDE','0 800 455 455','0 262 21 74 43',NULL,NULL,'',NULL,19);
INSERT INTO "ressources_healthcenter" VALUES(401,'LA MUTUELLE GENERALE RHONE','0512','691','001','True','691',1,'100 route de Vienne','','69377','LYON CEDEX 08','0 800 455 455','04 78 01 73 40',NULL,NULL,'',NULL,19);
INSERT INTO "ressources_healthcenter" VALUES(402,'La Mutuelle Generale ROANNE','0512','421','001','True','421',1,'5 RUE DE LA RESISTANCE','BP 30292','42016','SAINT ETIENNE CEDEX 1','0 800 455 455','04 77 47 41 40',NULL,NULL,'',NULL,19);
INSERT INTO "ressources_healthcenter" VALUES(403,'LA MUTUELLE GENERALE SAONE ET LOIRE','0512','711','001','True','711',1,'444 quai Jean jaures','','71019','MACON CEDEX','0 800 455 455','03 85 22 90 34',NULL,NULL,'',NULL,19);
INSERT INTO "ressources_healthcenter" VALUES(404,'La Mutuelle Generale SARREGUEMINES','0512','572','001','True','572',1,'11 rue Sébastien leclerc','B.P. 89004','57000','METZ','0 800 455 455','03.87.50.78.85',NULL,NULL,'',NULL,19);
INSERT INTO "ressources_healthcenter" VALUES(405,'LA MUTUELLE GENERALE SARTHE','0512','721','001','True','721',1,'14, rue Julien Pesche','','72014','LE MANS CEDEX 2','0 800 455 455','02 43 28 39 84',NULL,NULL,'',NULL,19);
INSERT INTO "ressources_healthcenter" VALUES(406,'LA MUTUELLE GENERALE SAVOIE','0512','731','001','True','731',1,'209 avenue du Grand Verger','','73026','CHAMBERY CEDEX','0 800 455 455','04 79 69 55 74',NULL,NULL,'',NULL,19);
INSERT INTO "ressources_healthcenter" VALUES(407,'LA MUTUELLE GENERALE SEINE ET MARNE','0512','771','001','True','771',1,'3 avenue du général Patton','','77011','MELUN CEDEX','0 800 455 455','01 64 71 99 61',NULL,NULL,'',NULL,19);
INSERT INTO "ressources_healthcenter" VALUES(408,'LA MUTUELLE GENERALE SEINE MARITIME 1','0512','763','001','True','763',1,'36 avenue de Bretagne','BP 1001','76171','ROUEN CEDEX 1','0 800 455 455','02 35 03 76 38',NULL,NULL,'',NULL,19);
INSERT INTO "ressources_healthcenter" VALUES(409,'LA MUTUELLE GENERALE SEINE MARITIME 2','0512','764','001','True','764',1,'36, avenue de Bretagne','B.P. 1001','76171','ROUEN CEDEX 1','0 800 455 455','02.35.03.76.38',NULL,NULL,'',NULL,19);
INSERT INTO "ressources_healthcenter" VALUES(410,'LA MUTUELLE GENERALE SEINE SAINT DENIS','0512','931','001','True','931',1,'25 bd Rouget de Lisle','BP 79','93104','MONTREUIL CEDEX','0 800 455 455','01 42 02 74 79',NULL,NULL,'',NULL,19);
INSERT INTO "ressources_healthcenter" VALUES(411,'La Mutuelle Generale SELESTAT','0512','672','001','True','672',1,'5, place du Corbeau','B.P. 60018','67083','STRASBOURG CEDEX','0 800 455 455','03 88 24 98 18',NULL,NULL,'',NULL,19);
INSERT INTO "ressources_healthcenter" VALUES(412,'LA MUTUELLE GENERALE SOMME','0512','801','001','True','801',1,'24 allée de la pépiniere','CS 11152 DURY','80011','AMIENS CEDEX 1','0 800 455 455','03 22 71 72 19',NULL,NULL,'',NULL,19);
INSERT INTO "ressources_healthcenter" VALUES(413,'La Mutuelle Generale ST NAZAIRE','0512','442','001','True','442',1,'2 rue de la Paix','BP 10501','44005','NANTES CEDEX 1','0 800 455 455','02 40 69 13 38',NULL,NULL,'',NULL,19);
INSERT INTO "ressources_healthcenter" VALUES(414,'La Mutuelle Generale ST QUENTIN','0512','022','001','True','022',1,'22, boulevard Pierre Brossolette','','02011','LAON CEDEX','0 800 455 455','03.23.23.54.74',NULL,NULL,'',NULL,19);
INSERT INTO "ressources_healthcenter" VALUES(415,'LA MUTUELLE GENERALE TARN','0512','811','001','True','811',1,'13 bd Andrieu','BP 127','81004','ALBI CEDEX','0 800 455 455','05 63 43 23 24',NULL,NULL,'',NULL,19);
INSERT INTO "ressources_healthcenter" VALUES(416,'LA MUTUELLE GENERALE TARN ET GARONNE','0512','821','001','True','821',1,'147 AV ARISTIDE BRIAND','BP 786','82013','MONTAUBAN CEDEX','0 800 455 455','05 63 63 41 70',NULL,NULL,'',NULL,19);
INSERT INTO "ressources_healthcenter" VALUES(417,'LA MUTUELLE GENERALE TERRITOIRE DE BELFORT','0512','901','001','True','901',1,'57 faubourg des Ancetres','BP 35','90001','BELFORT CEDEX','0 800 455 455','03 84 22 70 19',NULL,NULL,'',NULL,19);
INSERT INTO "ressources_healthcenter" VALUES(418,'La Mutuelle Generale THIONVILLE','0512','573','001','True','573',1,'11 rue Sébastien Leclerc','B.P. 89004','57000','METZ','0 800 455 455','03.87.50.78.85',NULL,NULL,'',NULL,19);
INSERT INTO "ressources_healthcenter" VALUES(419,'La Mutuelle Generale TOURCOING','0512','598','001','True','598',1,'282 avenue de la Marne','','59848','MARCQ EN BAROEUL CEDEX','0 800 455 455','03.20.98.42.14',NULL,NULL,'',NULL,19);
INSERT INTO "ressources_healthcenter" VALUES(420,'LA MUTUELLE GENERALE VAL D OISE','0512','951','001','True','951',1,'''Les Bourgognes''','2, chemin des Bourgognes BP 90390','95028','CERGY PONTOISE CEDEX','0 800 455 455','01 34 24 00 95',NULL,NULL,'',NULL,19);
INSERT INTO "ressources_healthcenter" VALUES(421,'LA MUTUELLE GENERALE VAL DE MARNE','0512','941','001','True','941',1,'8 rue Eugene Renault','BP 10131','94703','MAISONS ALFORT CEDEX','0 800 455 455','01 42 02 80 50',NULL,NULL,'',NULL,19);
INSERT INTO "ressources_healthcenter" VALUES(422,'LA MUTUELLE GENERALE VAR','0512','831','001','True','831',1,'Le Mistral bat D','avenue de Lattre de Tassigny BP 109','83071','TOULON CEDEX','0 800 455 455','04 94 09 74 89',NULL,NULL,'',NULL,19);
INSERT INTO "ressources_healthcenter" VALUES(423,'LA MUTUELLE GENERALE VAUCLUSE','0512','841','001','True','841',1,'173, rue du Grand Gigognan','ZI  de Courtine','84901','AVIGNON CEDEX 9','0 800 455 455','04 90 86 42 83',NULL,NULL,'',NULL,19);
INSERT INTO "ressources_healthcenter" VALUES(424,'LA MUTUELLE GENERALE VENDEE','0512','851','001','True','851',1,'Résidence Albert 1er','24, rue Marcellin Berthelot BP 809','85021','LA ROCHE SUR YON CEDEX','0 800 455 455','02 51 44 90 43',NULL,NULL,'',NULL,19);
INSERT INTO "ressources_healthcenter" VALUES(425,'La Mutuelle Generale VIENNE','0512','382','001','True','382',1,'EURENNEPOLIS - Bâtiment II - 4, place Robert Schuman','B.P. 1550','38012','GRENOBLE CEDEX 1','0 800 455 455','04.76.21.61.31',NULL,NULL,'',NULL,19);
INSERT INTO "ressources_healthcenter" VALUES(426,'LA MUTUELLE GENERALE VIENNE','0512','861','001','True','861',1,'44, boulevard Pont Achard','BP 753','86030','POITIERS CEDEX','0 800 455 455','05 49 55 51 99',NULL,NULL,'',NULL,19);
INSERT INTO "ressources_healthcenter" VALUES(427,'La Mutuelle Generale VILLEFRANCHE SUR SAONE','0512','692','001','True','692',1,'10 quai des Célestins','BP 2441','69221','LYON CEDEX 02','0 800 455 455','04.78.01.73.40',NULL,NULL,'',NULL,19);
INSERT INTO "ressources_healthcenter" VALUES(428,'LA MUTUELLE GENERALE VOSGES','0512','881','001','True','881',1,'6 rue Aubert','CS 80001','88027','EPINAL Cedex','0 800 455 455','03 29 29 17 00',NULL,NULL,'',NULL,19);
INSERT INTO "ressources_healthcenter" VALUES(429,'LA MUTUELLE GENERALE YONNE','0512','891','001','True','891',1,'43 rue du pont','BP 20082','89011','AUXERRE CEDEX','0 800 455 455','03 86 51 16 67',NULL,NULL,'',NULL,19);
INSERT INTO "ressources_healthcenter" VALUES(430,'LA MUTUELLE GENERALE YVELINES','0512','781','001','True','781',1,'BP 1','','78184','ST QUENTIN EN YVELINES CEDEX','0 800 455 455','01 61 37 03 40',NULL,NULL,'',NULL,19);
INSERT INTO "ressources_healthcenter" VALUES(431,'LA PREVOYANCE ARTISANALE COMMERCIALE ET SALARIALE','3100','009','001','True','003',1,'83, avenue de la Foret Noire','BP 77 ','67016','STRASBOURG CEDEX ','03.88.45.91.60 ','03.88.45.91.60',NULL,NULL,'',NULL,3);
INSERT INTO "ressources_healthcenter" VALUES(432,'LA ROCHE SUR YON','0000','851','023','True','851',1,'Rue Alain','','85031','LA ROCHE sur YON CEDEX','0811709098','02 51 44 18 00',NULL,NULL,'',NULL,1);
INSERT INTO "ressources_healthcenter" VALUES(433,'LA ROCHE SUR YON','0000','851','851','True','851',1,'33. boulevard Réaumur','','85011','LA ROCHE-SUR-YON  CEDEX','02.51.36.88.88 ','02.51.36.88.55',NULL,NULL,'',NULL,2);
INSERT INTO "ressources_healthcenter" VALUES(434,'LA ROCHE SUR YON','0000','852','851','True','852',1,'5, avenue Gambetta','','85035','LA ROCHE/YON  CEDEX','02 51 08 93 77','',NULL,NULL,'',NULL,2);
INSERT INTO "ressources_healthcenter" VALUES(435,'LA ROCHE SUR YON','0000','851','851','True','855',1,'33. boulevard Réaumur','','85011','LA ROCHE-SUR-YON  CEDEX','02.51.36.88.88 ','02.51.36.88.55',NULL,NULL,'',NULL,2);
INSERT INTO "ressources_healthcenter" VALUES(436,'LA ROCHELLE','0000','171','008','True','171',1,'55-57, Rue de Suede','','17014','LA ROCHELLE CEDEX','05 46 51 66 42','05 46 51 66 46',NULL,NULL,'',NULL,1);
INSERT INTO "ressources_healthcenter" VALUES(437,'LA ROCHELLE','0000','172','752','True','172',1,'8, rue des Saints-Peres','','17025','LA ROCHELLE  CEDEX','05 46 50 84 68','',NULL,NULL,'',NULL,2);
INSERT INTO "ressources_healthcenter" VALUES(438,'LANDERNEAU','0000','291','351','True','291',1,'3. rue Hervé-de-Guébriant','','29412','LANDERNEAU CEDEX','02.98.85.79.79 ','02.98.85.79.09',NULL,NULL,'',NULL,2);
INSERT INTO "ressources_healthcenter" VALUES(439,'LANDERNEAU','0000','291','351','True','295',1,'3. rue Hervé-de-Guébriant','','29412','LANDERNEAU CEDEX','02.98.85.79.79 ','02.98.85.79.09',NULL,NULL,'',NULL,2);
INSERT INTO "ressources_healthcenter" VALUES(440,'LANDERNEAU','0000','962','351','True','962',1,'Brest AAEXA  Im. Kervor Port de Commerce','310 rue E.Heminguay  CS 11815','29218','BREST CEDEX 1','02 98 30 32 57','',NULL,NULL,'',NULL,2);
INSERT INTO "ressources_healthcenter" VALUES(441,'LANDERNEAU D.O.M','0000','752','351','True','752',1,'Brest AAEXA Im. Kervor Port de Commerce','310 rue E. Heminguay CS 11815','29218','BREST CEDEX 1','02 98 30 32 57','',NULL,NULL,'',NULL,2);
INSERT INTO "ressources_healthcenter" VALUES(442,'LAON','0000','021','591','True','021',1,'rue turgot','','02008','LAON CEDEX 9 ','03.23.23.65.00 ','03.23.79.62.56',NULL,NULL,'',NULL,2);
INSERT INTO "ressources_healthcenter" VALUES(443,'LAON','0000','022','591','True','022',1,'46, rue de Crécy','','02007','LAON CEDEX','03 23 23 18 10','',NULL,NULL,'',NULL,2);
INSERT INTO "ressources_healthcenter" VALUES(444,'LAON','0000','021','591','True','025',1,'rue turgot','','02008','LAON CEDEX 9 ','03.23.23.65.00 ','03.23.79.62.56',NULL,NULL,'',NULL,2);
INSERT INTO "ressources_healthcenter" VALUES(445,'LAVAL','0000','531','023','True','531',1,'37, boulevard Montmorency','','53084','LAVAL CEDEX 9','0 820 904 137','02 43 53 30 43',NULL,NULL,'',NULL,1);
INSERT INTO "ressources_healthcenter" VALUES(446,'LAVAL','0000','531','351','True','531',1,'76. boulevard Lucien-Daniel','','53029','LAVAL CEDEX','02.43.91.41.41 ','02.43.91.16.14',NULL,NULL,'',NULL,2);
INSERT INTO "ressources_healthcenter" VALUES(447,'LAVAL','0000','532','351','True','532',1,'1 rue Francis Meilland','','49044','ANGERS CEDEX 01','02 41 47 96 39','02 41 47 93 73',NULL,NULL,'',NULL,2);
INSERT INTO "ressources_healthcenter" VALUES(448,'LAVAL','0000','531','351','True','535',1,'76. boulevard Lucien-Daniel','','53029','LAVAL CEDEX','02.43.91.41.41 ','02.43.91.16.14',NULL,NULL,'',NULL,2);
INSERT INTO "ressources_healthcenter" VALUES(449,'LE HAVRE','0000','763','001','True','763',1,'222, Boulevard de Strasbourg','','76094','LE HAVRE CEDEX','02 32 74 80 00','02 32 74 80 08',NULL,NULL,'',NULL,1);
INSERT INTO "ressources_healthcenter" VALUES(450,'LE MANS','0000','721','023','True','721',1,'178, Avenue Bollée','','72033','LE MANS CEDEX 9','0 811 709 072','02 43 50 75 37',NULL,NULL,'',NULL,1);
INSERT INTO "ressources_healthcenter" VALUES(451,'LE MANS','0000','721','351','True','721',1,'30. rue Paul Ligneul','','72032','LE MANS  CEDEX','02.43.39.43.39 ','02.43.39.43.43',NULL,NULL,'',NULL,2);
INSERT INTO "ressources_healthcenter" VALUES(452,'LE MANS','0000','722','351','True','722',1,'1 rue Francis Meilland','','49044','ANGERS  CEDEX 01','02 41 47 96 39','',NULL,NULL,'',NULL,2);
INSERT INTO "ressources_healthcenter" VALUES(453,'LE MANS','0000','721','351','True','725',1,'30. rue Paul Ligneul','','72032','LE MANS  CEDEX','02.43.39.43.39 ','02.43.39.43.43',NULL,NULL,'',NULL,2);
INSERT INTO "ressources_healthcenter" VALUES(454,'LE PUY','0000','431','016','True','431',1,'10, Avenue André Soulier','BP 324','43011','LE PUY EN VELAY CEDEX','04 71 07 58 88','',NULL,NULL,'',NULL,1);
INSERT INTO "ressources_healthcenter" VALUES(455,'LE PUY','0000','431','381','True','431',1,'11. boulevard du Président-Bertrand','','43005','LE PUY  CEDEX','04.71.02.24.22','04.71.02.22.67',NULL,NULL,'',NULL,2);
INSERT INTO "ressources_healthcenter" VALUES(456,'LE PUY','0000','431','381','True','435',1,'11. boulevard du Président-Bertrand','','43005','LE PUY  CEDEX','04.71.02.24.22','04.71.02.22.67',NULL,NULL,'',NULL,2);
INSERT INTO "ressources_healthcenter" VALUES(457,'LES MUTUELLES DU SOLEIL','5200','061','002','True','017',1,'36, 36 bis avenue Maréchal Foch','BP 1296 ','06005','NICE  CEDEX ','04.93.92.77.77 ','04.93.92.77.00',NULL,NULL,'',NULL,3);
INSERT INTO "ressources_healthcenter" VALUES(458,'LES MUTUELLES DU SOLEIL (PROVENCE)','4300','138','002','True','043',1,'7, Square Stalingrad','','13221','MARSEILLE CEDEX 1','08.20.80.18.02','04.91.28.02.55',NULL,NULL,'',NULL,3);
INSERT INTO "ressources_healthcenter" VALUES(459,'LILLE','0000','591','591','True','591',1,'','','59716','LILLE  CEDEX 9 ','03.20.00.21.99 ','03.20.00.20.13',NULL,NULL,'',NULL,2);
INSERT INTO "ressources_healthcenter" VALUES(460,'LILLE','0000','592','591','True','592',1,'Immeuble ''le tripode''','230 av J. Jaurés ','59790','RONCHIN','03 20 29 63 00','03 20 29 63 01',NULL,NULL,'',NULL,2);
INSERT INTO "ressources_healthcenter" VALUES(461,'LILLE','0000','591','591','True','595',1,'','','59716','LILLE  CEDEX 9 ','03.20.00.21.99 ','03.20.00.20.13',NULL,NULL,'',NULL,2);
INSERT INTO "ressources_healthcenter" VALUES(462,'LIMOGES','0000','871','008','True','871',1,'22, Avenue Jean Gagnant','','87037','LIMOGES CEDEX','05 55 45 87 87','',NULL,NULL,'',NULL,1);
INSERT INTO "ressources_healthcenter" VALUES(463,'LIMOGES','0000','871','821','True','871',1,'Impasse Sainte-Claire','','87041','LIMOGES CEDEX','05.55.44.87.00 ','05.55.44.88.89',NULL,NULL,'',NULL,2);
INSERT INTO "ressources_healthcenter" VALUES(464,'LIMOGES','0000','872','821','True','872',1,'7 allée Loewy  Parc d''Ester','BP 66808','87038','LIMOGES CEDEX','05 55 11 91 71','',NULL,NULL,'',NULL,2);
INSERT INTO "ressources_healthcenter" VALUES(465,'LIMOGES','0000','871','821','True','875',1,'Impasse Sainte-Claire','','87041','LIMOGES CEDEX','05.55.44.87.00 ','05.55.44.88.89',NULL,NULL,'',NULL,2);
INSERT INTO "ressources_healthcenter" VALUES(466,'LMDE  Chateauroux','0601','363','044','True','361',1,'Rue Max Hymans','','36000','CHATEAUROUX','05 49 52 32 10','05 49 52 32 14',NULL,NULL,'',NULL,24);
INSERT INTO "ressources_healthcenter" VALUES(467,'LMDE  Saint Denis de la Reunion','0601','976','044','True','974',1,'317 C Rue du Maréchal Leclerc','BP 216','97464','ST DENIS Cedex','02 62 94 47 03','02 62 94 47 01',NULL,NULL,'',NULL,24);
INSERT INTO "ressources_healthcenter" VALUES(468,'LMDE ALBI','0601','811','044','True','811',1,'','','','','','',NULL,NULL,'',NULL,24);
INSERT INTO "ressources_healthcenter" VALUES(469,'LMDE Alencon','0601','612','044','True','611',1,'15 rue Grand Pont','','76000','ROUEN','02 35 89 14 62','02 35 89 14 66',NULL,NULL,'',NULL,24);
INSERT INTO "ressources_healthcenter" VALUES(470,'LMDE Amiens','0601','802','044','True','801',1,'15 rue Grand Pont','','76000','ROUEN','02 35 89 14 62','02 35 89 14 66',NULL,NULL,'',NULL,24);
INSERT INTO "ressources_healthcenter" VALUES(471,'LMDE Angers','0601','494','044','True','491',1,'LMDE','BP 40235','35202','RENNES Cedex 2','02 40 48 26 50','02 40 08 06 64',NULL,NULL,'',NULL,24);
INSERT INTO "ressources_healthcenter" VALUES(472,'LMDE Angouleme','0601','162','044','True','161',1,'16 Rue de Périgueux','','16000','ANGOULEME','05 49 52 32 10','05 49 52 32 14',NULL,NULL,'',NULL,24);
INSERT INTO "ressources_healthcenter" VALUES(473,'LMDE Annecy','0601','742','044','True','741',1,'27 rue P Sémard','','38027','GRENOBLE Cedex 01','04 76 96 36 23','04 76 96 01 62',NULL,NULL,'',NULL,24);
INSERT INTO "ressources_healthcenter" VALUES(474,'LMDE Armentieres','0601','106','044','True','591',1,'BP 227','','59564','VILLENEUVE D ASCQ','03 20 61 79 78','03 20 61 79 75',NULL,NULL,'',NULL,24);
INSERT INTO "ressources_healthcenter" VALUES(475,'LMDE Arras','0601','621','044','True','621',1,'BP 227','','59564','VILLENEUVE D ASCQ','03 20 61 79 78','03 20 61 79 75',NULL,NULL,'',NULL,24);
INSERT INTO "ressources_healthcenter" VALUES(476,'LMDE Auxerre','0601','892','044','True','891',1,'33 Rue Nicolas Bornier','','21000','DIJON','03 80 67 75 79','03 80 48 04 88',NULL,NULL,'',NULL,24);
INSERT INTO "ressources_healthcenter" VALUES(477,'LMDE Avignon','0601','842','044','True','841',1,'LMDE','','13232','MARSEILLE Cedex 01','04 95 04 56 65','04 95 04 56 69',NULL,NULL,'',NULL,24);
INSERT INTO "ressources_healthcenter" VALUES(478,'LMDE Bastia','0601','202','044','True','202',1,'Bat IUT La Citadelle Porte 1','','20250','CORTE','04 95 46 20 12','04 95 46 20 12',NULL,NULL,'',NULL,24);
INSERT INTO "ressources_healthcenter" VALUES(479,'LMDE Bayonne','0601','641','044','True','641',1,'85 avenue Kennedy','','64200','BIARRITZ','05 56 33 00 57','05 56 00 00 59',NULL,NULL,'',NULL,24);
INSERT INTO "ressources_healthcenter" VALUES(480,'LMDE Beauvais','0601','605','044','True','601',1,'15 rue Grand Pont','','76000','ROUEN','02 35 89 14 62','02 35 89 14 66',NULL,NULL,'',NULL,24);
INSERT INTO "ressources_healthcenter" VALUES(481,'LMDE Belfort','0601','901','044','True','901',1,'33 Rue Nicolas Bornier','','21000','DIJON','03 80 67 75 79','03 80 48 04 88',NULL,NULL,'',NULL,24);
INSERT INTO "ressources_healthcenter" VALUES(482,'LMDE Besancon','0601','253','044','True','251',1,'33 Rue Nicolas Bornier','','21000','DIJON','03 80 67 75 79','03 80 48 04 88',NULL,NULL,'',NULL,24);
INSERT INTO "ressources_healthcenter" VALUES(483,'LMDE Beziers','0601','343','044','True','341',1,'LMDE','','34959','MONTPELLIER Cedex 9','04 67 12 87 23','04 67 12 87 26',NULL,NULL,'',NULL,24);
INSERT INTO "ressources_healthcenter" VALUES(484,'LMDE Blois','0601','412','044','True','411',1,'Maison de l''Etudiant','10,12 A. de Bretagne','41000','BLOIS','05 49 52 32 10','05 49 52 32 14',NULL,NULL,'',NULL,24);
INSERT INTO "ressources_healthcenter" VALUES(485,'LMDE Bordeaux','0601','332','044','True','331',1,'38 Rue Charles Domercq','','33086','BORDEAUX','05 56 33 00 57','05 56 00 00 59',NULL,NULL,'',NULL,24);
INSERT INTO "ressources_healthcenter" VALUES(486,'LMDE Boulogne sur Mer','0601','622','044','True','622',1,'BP 227','','59564','VILLENEUVE D ASCQ','03 20 61 79 78','03 20 61 79 75',NULL,NULL,'',NULL,24);
INSERT INTO "ressources_healthcenter" VALUES(487,'LMDE Bourg en Bresse','0601','128','044','True','011',1,'240 avenue du Général De gaulle','','69500','BRON','04 72 37 90 50','04 72 37 90 59 ',NULL,NULL,'',NULL,24);
INSERT INTO "ressources_healthcenter" VALUES(488,'LMDE Bourges','0601','182','044','True','181',1,'27 Avenue du 11 Novembre','','18000','BOURGES','05 49 52 32 10','05 49 52 32 14',NULL,NULL,'',NULL,24);
INSERT INTO "ressources_healthcenter" VALUES(489,'LMDE Brest','0601','296','044','True','291',1,'LMDE','BP 40235','35202','RENNES Cedex 2','02 99 32 90 20','02 99 26 18 17',NULL,NULL,'',NULL,24);
INSERT INTO "ressources_healthcenter" VALUES(490,'LMDE Caen','0601','142','044','True','141',1,'15 rue Grand Pont','','76000','ROUEN','02 35 89 14 62','02 35 89 14 66',NULL,NULL,'',NULL,24);
INSERT INTO "ressources_healthcenter" VALUES(491,'LMDE Calais','0601','623','044','True','623',1,'BP 227','','59564','VILLENEUVE D ASCQ','03 20 61 79 78','03 20 61 79 75',NULL,NULL,'',NULL,24);
INSERT INTO "ressources_healthcenter" VALUES(492,'LMDE Cambrai','0601','592','044','True','592',1,'BP 227','','59564','VILLENEUVE D ASCQ','03 20 61 79 78','03 20 61 79 75',NULL,NULL,'',NULL,24);
INSERT INTO "ressources_healthcenter" VALUES(493,'LMDE Carcassonne','0601','112','044','True','111',1,'LMDE','','34959','MONTPELLIER Cedex 9','04 67 12 87 23','04 67 12 87 26',NULL,NULL,'',NULL,24);
INSERT INTO "ressources_healthcenter" VALUES(494,'LMDE CAYENNE','0601','979','044','True','973',1,'','','','','','',NULL,NULL,'',NULL,24);
INSERT INTO "ressources_healthcenter" VALUES(495,'LMDE Cergy','0601','951','044','True','951',1,'BP. 601','','75970','PARIS CEDEX 20','01 40 09 41 18','01 40 09 41 21',NULL,NULL,'',NULL,24);
INSERT INTO "ressources_healthcenter" VALUES(496,'LMDE Chambery','0601','732','044','True','731',1,'27 rue P Sémard','','38027','GRENOBLE Cedex 01','04 76 96 36 23','04 76 96 01 62',NULL,NULL,'',NULL,24);
INSERT INTO "ressources_healthcenter" VALUES(497,'LMDE Charleville','0601','109','044','True','081',1,'55 rue Stanislas CS 5234','','54052','NANCY CEDEX','03 83 30 27 67','03 83 30 28 59',NULL,NULL,'',NULL,24);
INSERT INTO "ressources_healthcenter" VALUES(498,'LMDE Chartres','0601','284','044','True','281',1,'4 Rue St Georges sur Eure','','28110','LUCE','05 49 52 32 10','05 49 52 32 14',NULL,NULL,'',NULL,24);
INSERT INTO "ressources_healthcenter" VALUES(499,'LMDE Chaumont','0601','522','044','True','521',1,'55 rue Stanislas CS 5234','','54052','NANCY CEDEX','03 83 30 27 67','03 83 30 28 59',NULL,NULL,'',NULL,24);
INSERT INTO "ressources_healthcenter" VALUES(500,'LMDE Cholet','0601','496','044','True','492',1,'LMDE','BP 40235','35202','RENNES Cedex 2','02 40 48 26 50','02 40 08 06 64',NULL,NULL,'',NULL,24);
INSERT INTO "ressources_healthcenter" VALUES(501,'LMDE Clermont Ferrand','0601','631','044','True','631',1,'57 Bld Mitterand','','63000','CLERMONT FERRAND','04 73 17 04 63','04 73 17 04 67',NULL,NULL,'',NULL,24);
INSERT INTO "ressources_healthcenter" VALUES(502,'LMDE Colmar','0601','681','044','True','681',1,'55 rue Stanislas CS 5234','','54052','NANCY CEDEX','03 83 30 27 67','03 83 30 28 59',NULL,NULL,'',NULL,24);
INSERT INTO "ressources_healthcenter" VALUES(503,'LMDE Correze','0601','192','044','True','191',1,'4 Boulevard Pierre Brossolette','','19100','BRIVE LA GAILLARDE','05 49 52 32 10','05 49 52 32 14',NULL,NULL,'',NULL,24);
INSERT INTO "ressources_healthcenter" VALUES(504,'LMDE Creil','0601','606','044','True','602',1,'15 rue Grand Pont','','76000','ROUEN','02 35 89 14 62','02 35 89 14 66',NULL,NULL,'',NULL,24);
INSERT INTO "ressources_healthcenter" VALUES(505,'LMDE Creteil','0601','942','044','True','941',1,'BP. 601','','75970','PARIS CEDEX 20','01 40 09 41 18','01 40 09 41 21',NULL,NULL,'',NULL,24);
INSERT INTO "ressources_healthcenter" VALUES(506,'LMDE Dijon','0601','212','044','True','211',1,'33 Rue Nicolas Bornier','','21000','DIJON','03 80 67 75 79','03 80 48 04 88',NULL,NULL,'',NULL,24);
INSERT INTO "ressources_healthcenter" VALUES(507,'LMDE Douai','0601','593','044','True','593',1,'BP 227','','59564','VILLENEUVE D ASCQ','03 20 61 79 78','03 20 61 79 75',NULL,NULL,'',NULL,24);
INSERT INTO "ressources_healthcenter" VALUES(508,'LMDE Dunkerque','0601','594','044','True','594',1,'BP 227','','59564','VILLENEUVE D ASCQ','03 20 61 79 78','03 20 61 79 75',NULL,NULL,'',NULL,24);
INSERT INTO "ressources_healthcenter" VALUES(509,'LMDE Epinal','0601','882','044','True','881',1,'55 rue Stanislas CS 5234','','54052','NANCY CEDEX','03 83 30 27 67','03 83 30 28 59',NULL,NULL,'',NULL,24);
INSERT INTO "ressources_healthcenter" VALUES(510,'LMDE Evreux','0601','273','044','True','271',1,'15 rue Grand Pont','','76000','ROUEN','02 35 89 14 62','02 35 89 14 66',NULL,NULL,'',NULL,24);
INSERT INTO "ressources_healthcenter" VALUES(511,'LMDE Evry','0601','912','044','True','911',1,'BP. 601','','75970','PARIS CEDEX 20','01 40 09 41 18','01 40 09 41 21',NULL,NULL,'',NULL,24);
INSERT INTO "ressources_healthcenter" VALUES(512,'LMDE Fort de France','0601','975','044','True','972',1,'19 Rue MDAchille René Boisneuf','','97110','Pointe a Pitre','05 90 48 15 03','',NULL,NULL,'',NULL,24);
INSERT INTO "ressources_healthcenter" VALUES(513,'LMDE Grenoble','0601','383','044','True','381',1,'27 rue P Sémard','','38027','GRENOBLE Cedex 01','04 76 96 36 23','04 76 96 01 62',NULL,NULL,'',NULL,24);
INSERT INTO "ressources_healthcenter" VALUES(514,'LMDE La Roche sur Yon','0601','853','044','True','851',1,'LMDE','BP 40235','35202','RENNES Cedex 2','02 40 48 26 50','02 40 08 06 64',NULL,NULL,'',NULL,24);
INSERT INTO "ressources_healthcenter" VALUES(515,'LMDE La Rochelle','0601','172','044','True','171',1,'27 Rue des Amériques','BP 144','17042','LA ROCHELLE','05 49 52 32 10','05 49 52 32 14',NULL,NULL,'',NULL,24);
INSERT INTO "ressources_healthcenter" VALUES(516,'LMDE Laon','0601','029','044','True','021',1,'15 rue Grand Pont','','76000','ROUEN','02 35 89 14 62','02 35 89 14 66',NULL,NULL,'',NULL,24);
INSERT INTO "ressources_healthcenter" VALUES(517,'LMDE Laval','0601','533','044','True','531',1,'LMDE','BP 40235','35202','RENNES Cedex 2','02 40 48 26 50','02 40 08 06 64',NULL,NULL,'',NULL,24);
INSERT INTO "ressources_healthcenter" VALUES(518,'LMDE Le Havre','0601','122','044','True','763',1,'15 rue Grand Pont','','76000','ROUEN','02 35 89 14 62','02 35 89 14 66',NULL,NULL,'',NULL,24);
INSERT INTO "ressources_healthcenter" VALUES(519,'LMDE Le Mans','0601','723','044','True','721',1,'LMDE BP 40235','','35202','RENNES Cedex 2','02 40 48 26 50','02 40 08 06 64',NULL,NULL,'',NULL,24);
INSERT INTO "ressources_healthcenter" VALUES(520,'LMDE Lens','0601','624','044','True','624',1,'BP 227','','59564','VILLENEUVE D ASCQ','03 20 61 79 78','03 20 61 79 75',NULL,NULL,'',NULL,24);
INSERT INTO "ressources_healthcenter" VALUES(521,'LMDE Lille','0601','595','044','True','595',1,'BP 227','','59564','VILLENEUVE D ASCQ','03 20 61 79 78','03 20 61 79 75',NULL,NULL,'',NULL,24);
INSERT INTO "ressources_healthcenter" VALUES(522,'LMDE Limoges','0601','872','044','True','871',1,'8 rue Adrien Dubouché','','87038','LIMOGES Cedex','05 49 52 32 10','05 49 52 32 14',NULL,NULL,'',NULL,24);
INSERT INTO "ressources_healthcenter" VALUES(523,'LMDE Longwy','0601','543','044','True','541',1,'55 rue Stanislas CS 5234','','54052','NANCY CEDEX','03 83 30 27 67','03 83 30 28 59',NULL,NULL,'',NULL,24);
INSERT INTO "ressources_healthcenter" VALUES(524,'LMDE Lons Le Saunier','0601','391','044','True','391',1,'33 Rue Nicolas Bornier','','21000','DIJON','03 80 67 75 79','03 80 48 04 88',NULL,NULL,'',NULL,24);
INSERT INTO "ressources_healthcenter" VALUES(525,'LMDE Lyon','0601','692','044','True','691',1,'240 avenue du Général De gaulle','','69500','BRON','04 72 37 90 50','04 72 37 90 59 ',NULL,NULL,'',NULL,24);
INSERT INTO "ressources_healthcenter" VALUES(526,'LMDE Macon','0601','712','044','True','711',1,'33 Rue Nicolas Bornier','','21000','DIJON','03 80 67 75 79','03 80 48 04 88',NULL,NULL,'',NULL,24);
INSERT INTO "ressources_healthcenter" VALUES(527,'LMDE Marseille','0601','132','044','True','131',1,'LMDE','','13232','MARSEILLE Cedex 01','04 95 04 56 65','04 95 04 56 69',NULL,NULL,'',NULL,24);
INSERT INTO "ressources_healthcenter" VALUES(528,'LMDE Maubeuge','0601','596','044','True','596',1,'BP 227','','59564','VILLENEUVE D ASCQ','03 20 61 79 78','03 20 61 79 75',NULL,NULL,'',NULL,24);
INSERT INTO "ressources_healthcenter" VALUES(529,'LMDE Melun','0601','772','044','True','771',1,'BP. 601','','75970','PARIS CEDEX 20','01 40 09 41 18','01 40 09 41 21',NULL,NULL,'',NULL,24);
INSERT INTO "ressources_healthcenter" VALUES(530,'LMDE Metz','0601','574','044','True','571',1,'55 rue Stanislas CS 5234','','54052','NANCY CEDEX','03 83 30 27 67','03 83 30 28 59',NULL,NULL,'',NULL,24);
INSERT INTO "ressources_healthcenter" VALUES(531,'LMDE Mont de Marsan','0601','402','044','True','401',1,'455 avenue Eloi Ducom','','40000','Mt de MARSAN','05 56 33 00 57','05 56 00 00 59',NULL,NULL,'',NULL,24);
INSERT INTO "ressources_healthcenter" VALUES(532,'LMDE Montbeliard','0601','254','044','True','252',1,'33 Rue Nicolas Bornier','','21000','DIJON','03 80 67 75 79','03 80 48 04 88',NULL,NULL,'',NULL,24);
INSERT INTO "ressources_healthcenter" VALUES(533,'LMDE Montpellier','0601','342','044','True','342',1,'LMDE','','34959','MONTPELLIER Cedex 9','04 67 12 87 23','04 67 12 87 26',NULL,NULL,'',NULL,24);
INSERT INTO "ressources_healthcenter" VALUES(534,'LMDE Moulins','0601','103','044','True','031',1,'57 Bld Mitterand','','63000','CLERMONT FERRAND','04 73 17 04 63','04 73 17 04 67',NULL,NULL,'',NULL,24);
INSERT INTO "ressources_healthcenter" VALUES(535,'LMDE Mulhouse','0601','683','044','True','682',1,'55 rue Stanislas CS 5234','','54052','NANCY CEDEX','03 83 30 27 67','03 83 30 28 59',NULL,NULL,'',NULL,24);
INSERT INTO "ressources_healthcenter" VALUES(536,'LMDE Nancy','0601','544','044','True','542',1,'55 rue Stanislas CS 5234','','54052','NANCY CEDEX','03 83 30 27 67','03 83 30 28 59',NULL,NULL,'',NULL,24);
INSERT INTO "ressources_healthcenter" VALUES(537,'LMDE Nanterre','0601','134','044','True','921',1,'BP. 601','','75970','PARIS CEDEX 20','01 40 09 41 18','01 40 09 41 21',NULL,NULL,'',NULL,24);
INSERT INTO "ressources_healthcenter" VALUES(538,'LMDE Nantes','0601','444','044','True','441',1,'LMDE','BP 40235','35202','RENNES Cedex 2','02 40 48 26 50','02 40 08 06 64',NULL,NULL,'',NULL,24);
INSERT INTO "ressources_healthcenter" VALUES(539,'LMDE Nevers','0601','582','044','True','581',1,'33 Rue Nicolas Bornier','','21000','DIJON','03 80 67 75 79','03 80 48 04 88',NULL,NULL,'',NULL,24);
INSERT INTO "ressources_healthcenter" VALUES(540,'LMDE Nice','0601','104','044','True','061',1,'BP 1599','','06010','NICE Cedex','04 97 03 07 24','04 93 82 08 87 ',NULL,NULL,'',NULL,24);
INSERT INTO "ressources_healthcenter" VALUES(541,'LMDE Nimes','0601','302','044','True','301',1,'LMDE','','34959','MONTPELLIER Cedex 9','04 67 12 87 23','04 67 12 87 26',NULL,NULL,'',NULL,24);
INSERT INTO "ressources_healthcenter" VALUES(542,'LMDE Niort','0601','785','044','True','791',1,'Centre Universitaire Duguesclin','','79000','NIORT','05 49 52 32 10','05 49 52 32 14',NULL,NULL,'',NULL,24);
INSERT INTO "ressources_healthcenter" VALUES(543,'LMDE Orleans','0601','452','044','True','451',1,'12 place Louis XI','','45000','ORLEANS','05 49 52 32 10','05 49 52 32 14',NULL,NULL,'',NULL,24);
INSERT INTO "ressources_healthcenter" VALUES(544,'LMDE Paris','0601','752','044','True','751',1,'BP. 601','','75970','PARIS CEDEX 20','01 40 09 41 18','01 40 09 41 21',NULL,NULL,'',NULL,24);
INSERT INTO "ressources_healthcenter" VALUES(545,'LMDE Pau','0601','643','044','True','642',1,'53 rue Carnot','','64000','PAU','05 56 33 00 57','05 56 00 00 59',NULL,NULL,'',NULL,24);
INSERT INTO "ressources_healthcenter" VALUES(546,'LMDE Perpignan','0601','662','044','True','661',1,'LMDE','','34959','MONTPELLIER Cedex 9','04 67 12 87 23','04 67 12 87 26',NULL,NULL,'',NULL,24);
INSERT INTO "ressources_healthcenter" VALUES(547,'LMDE Pointe a Pitre','0601','974','044','True','971',1,'19 Rue MDAchille René Boisneuf','','97110','Pointe a Pitre','05 90 48 15 03','',NULL,NULL,'',NULL,24);
INSERT INTO "ressources_healthcenter" VALUES(548,'LMDE Poitiers','0601','861','044','True','861',1,'16 rue des Vieilles Boucheries','BP 159','86004','POITIERS Cedex','05 49 52 32 10','05 49 52 32 14',NULL,NULL,'',NULL,24);
INSERT INTO "ressources_healthcenter" VALUES(549,'LMDE Quimper','0601','297','044','True','292',1,'LMDE','BP 40235','35202','RENNES Cedex 2','02 99 32 90 20','02 99 26 18 17',NULL,NULL,'',NULL,24);
INSERT INTO "ressources_healthcenter" VALUES(550,'LMDE Reims','0601','511','044','True','511',1,'55 rue Stanislas CS 5234','','54052','NANCY CEDEX','03 83 30 27 67','03 83 30 28 59',NULL,NULL,'',NULL,24);
INSERT INTO "ressources_healthcenter" VALUES(551,'LMDE Rennes','0601','353','044','True','351',1,'LMDE','BP 40235','35202','RENNES Cedex 2','02 99 32 90 20','02 99 26 18 17',NULL,NULL,'',NULL,24);
INSERT INTO "ressources_healthcenter" VALUES(552,'LMDE Roanne','0601','421','044','True','421',1,'240 avenue du Général De gaulle','','69500','BRON','04 72 37 90 50','04 72 37 90 59 ',NULL,NULL,'',NULL,24);
INSERT INTO "ressources_healthcenter" VALUES(553,'LMDE Roubaix','0601','597','044','True','597',1,'BP 227','','59564','VILLENEUVE D ASCQ','03 20 61 79 78','03 20 61 79 75',NULL,NULL,'',NULL,24);
INSERT INTO "ressources_healthcenter" VALUES(554,'LMDE Rouen','0601','124','044','True','764',1,'15 rue Grand Pont','','76000','ROUEN','02 35 89 14 62','02 35 89 14 66',NULL,NULL,'',NULL,24);
INSERT INTO "ressources_healthcenter" VALUES(555,'LMDE Saint Etienne','0601','423','044','True','422',1,'240 avenue du Général De gaulle','','69500','BRON','04 72 37 90 50','04 72 37 90 59 ',NULL,NULL,'',NULL,24);
INSERT INTO "ressources_healthcenter" VALUES(556,'LMDE Saint Lo','0601','502','044','True','501',1,'15 rue Grand Pont','','76000','ROUEN','02 35 89 14 62','02 35 89 14 66',NULL,NULL,'',NULL,24);
INSERT INTO "ressources_healthcenter" VALUES(557,'LMDE Sarreguemines','0601','572','044','True','572',1,'55 rue Stanislas CS 5234','','54052','NANCY CEDEX','03 83 30 27 67','03 83 30 28 59',NULL,NULL,'',NULL,24);
INSERT INTO "ressources_healthcenter" VALUES(558,'LMDE Selestat','0601','674','044','True','672',1,'55 rue Stanislas CS 5234','','54052','NANCY CEDEX','03 83 30 27 67','03 83 30 28 59',NULL,NULL,'',NULL,24);
INSERT INTO "ressources_healthcenter" VALUES(559,'LMDE St Brieuc','0601','223','044','True','221',1,'LMDE','BP 40235','35202','RENNES Cedex 2','02 99 32 90 20','02 99 26 18 17',NULL,NULL,'',NULL,24);
INSERT INTO "ressources_healthcenter" VALUES(560,'LMDE St Denis','0601','933','044','True','931',1,'BP. 601','','75970','PARIS CEDEX 20','01 40 09 41 18','01 40 09 41 21',NULL,NULL,'',NULL,24);
INSERT INTO "ressources_healthcenter" VALUES(561,'LMDE St Quentin','0601','030','044','True','022',1,'15 rue Grand Pont','','76000','ROUEN','02 35 89 14 62','02 35 89 14 66',NULL,NULL,'',NULL,24);
INSERT INTO "ressources_healthcenter" VALUES(562,'LMDE Strasbourg','0601','673','044','True','673',1,'55 rue Stanislas CS 5234','','54052','NANCY CEDEX','03 83 30 27 67','03 83 30 28 59',NULL,NULL,'',NULL,24);
INSERT INTO "ressources_healthcenter" VALUES(563,'LMDE Tarbes','0601','651','044','True','651',1,'rue Michelet','','65000','TARBES','05 34 41 57 85','05 34 41 66 48',NULL,NULL,'',NULL,24);
INSERT INTO "ressources_healthcenter" VALUES(564,'LMDE Thionville','0601','573','044','True','573',1,'55 rue Stanislas CS 5234','','54052','NANCY CEDEX','03 83 30 27 67','03 83 30 28 59',NULL,NULL,'',NULL,24);
INSERT INTO "ressources_healthcenter" VALUES(565,'LMDE Toulon','0601','832','044','True','831',1,'BP 1599','','06010','NICE Cedex','04 97 03 07 24 ','04 93 82 08 87',NULL,NULL,'',NULL,24);
INSERT INTO "ressources_healthcenter" VALUES(566,'LMDE Toulouse','0601','312','044','True','311',1,'97 Rue Riquet','','31070','TOULOUSE Cedex','05 34 41 57 85','05 34 41 66 48',NULL,NULL,'',NULL,24);
INSERT INTO "ressources_healthcenter" VALUES(567,'LMDE Tourcoing','0601','598','044','True','598',1,'BP 227','','59564','VILLENEUVE D ASCQ','03 20 61 79 78','03 20 61 79 75',NULL,NULL,'',NULL,24);
INSERT INTO "ressources_healthcenter" VALUES(568,'LMDE Tours','0601','372','044','True','371',1,'4 bis rue Paul Courier','','37000','TOURS','05 49 52 32 10','05 49 52 32 14',NULL,NULL,'',NULL,24);
INSERT INTO "ressources_healthcenter" VALUES(569,'LMDE Troyes','0601','102','044','True','101',1,'55 rue Stanislas CS 5234','','54052','NANCY CEDEX','03 83 30 27 67','03 83 30 28 59',NULL,NULL,'',NULL,24);
INSERT INTO "ressources_healthcenter" VALUES(570,'LMDE Valence','0601','262','044','True','261',1,'27 rue P Sémard','','38027','GRENOBLE Cedex 01','04 76 96 36 23','04 76 96 01 62',NULL,NULL,'',NULL,24);
INSERT INTO "ressources_healthcenter" VALUES(571,'LMDE Valenciennes','0601','599','044','True','599',1,'BP 227','','59564','VILLENEUVE D ASCQ','03 20 61 79 78','03 20 61 79 75',NULL,NULL,'',NULL,24);
INSERT INTO "ressources_healthcenter" VALUES(572,'LMDE Vannes','0601','563','044','True','561',1,'LMDE','BP 40235','35202','RENNES Cedex 2','02 99 32 90 20','02 99 26 18 17',NULL,NULL,'',NULL,24);
INSERT INTO "ressources_healthcenter" VALUES(573,'LMDE Versailles','0601','782','044','True','781',1,'BP. 601','','75970','PARIS CEDEX 20','01 40 09 41 18','01 40 09 41 21',NULL,NULL,'',NULL,24);
INSERT INTO "ressources_healthcenter" VALUES(574,'LMDE Vienne','0601','385','044','True','382',1,'','','','','','',NULL,NULL,'',NULL,24);
INSERT INTO "ressources_healthcenter" VALUES(575,'LONGWY','0000','541','013','True','541',1,'3, boulevard Joffre','','54047','NANCY CEDEX','03 83 85 50 00','03 83 32 27 19',NULL,NULL,'',NULL,1);
INSERT INTO "ressources_healthcenter" VALUES(576,'LONS LE SAUNIER','0000','391','010','True','391',1,'8, Rue des Lilas','','39031','LONS le SAUNIER CEDEX','03 84 87 31 98','03 84 24 98 76',NULL,NULL,'',NULL,1);
INSERT INTO "ressources_healthcenter" VALUES(577,'LONS LE SAUNIER','0000','391','541','True','391',1,'10. rue des Perrieres','B.P. 416 ','39016','LONS-LE-SAUNIER  CEDEX','03.84.35.25.25 ','03.84.35.25.22',NULL,NULL,'',NULL,2);
INSERT INTO "ressources_healthcenter" VALUES(578,'LONS LE SAUNIER','0000','391','541','True','395',1,'10. rue des Perrieres','B.P. 416 ','39016','LONS-LE-SAUNIER  CEDEX','03.84.35.25.25 ','03.84.35.25.22',NULL,NULL,'',NULL,2);
INSERT INTO "ressources_healthcenter" VALUES(579,'LORIENT','0000','562','351','True','562',1,'17bis, rue Marie Dorval','','56100','LORIENT','02 97 64 62 10','',NULL,NULL,'',NULL,2);
INSERT INTO "ressources_healthcenter" VALUES(580,'LYON','0000','691','381','True','691',1,'35. rue du Plat','B.P. 2612 ','69232','LYON  CEDEX 02 ','04.78.92.63.63 ','04.78.42.43.66',NULL,NULL,'',NULL,2);
INSERT INTO "ressources_healthcenter" VALUES(581,'LYON','0000','692','381','True','692',1,'La Villette Part Dieu - Bât A','26 rue de la Villette','69328','LYON CEDEX 03','04 78 9306 79','',NULL,NULL,'',NULL,2);
INSERT INTO "ressources_healthcenter" VALUES(582,'LYON','0000','691','381','True','695',1,'35. rue du Plat','B.P. 2612 ','69232','LYON CEDEX 02 ','04.78.92.63.63 ','04.78.42.43.66',NULL,NULL,'',NULL,2);
INSERT INTO "ressources_healthcenter" VALUES(583,'M.C.I.P.L.S. MUTUELLE ACTION (BOURGOGNE)','5400','033','001','True','009',1,'5, place de la République','BP 77730 ','21077','DIJON  CEDEX ','03.80.28.29.00 ','03.80.72.28.27',NULL,NULL,'',NULL,3);
INSERT INTO "ressources_healthcenter" VALUES(584,'M.C.M. LES MUTUELLES DU SOLEIL (PROVENCE)','5300','141','002','True','043',1,'7 Square Stalingrad','','13221','MARSEILLE CEDEX 1 ','04.91.28.02.80','04.91.28.02.55',NULL,NULL,'',NULL,3);
INSERT INTO "ressources_healthcenter" VALUES(585,'M.N.T.  Ardennes','0609','004','223','True','081',1,'30, RUE DE LA GRAVIERE','','08013','CHARLEVILLE MEZIERES ','03.24.33.26.60 ','03.24.56.09.04',NULL,NULL,'',NULL,24);
INSERT INTO "ressources_healthcenter" VALUES(586,'M.N.T.  Gironde','0609','004','223','True','331',1,'349, BD DU PRESIDENT WILSON','BP 230 ','33021','BORDEAUX CEDEX','05.56.17.12.40 ','05.56.17.12.59',NULL,NULL,'',NULL,24);
INSERT INTO "ressources_healthcenter" VALUES(587,'M.N.T.  Guyane','0609','004','223','True','973',1,'Zone Administrative du Moulin a vent','BP 0146','97354','REMIRE-MONTJOLY CEDEX','05.94.38.38.00','05.94.38.38.82',NULL,NULL,'',NULL,24);
INSERT INTO "ressources_healthcenter" VALUES(588,'M.N.T.  Pyrenees Orientales','0609','004','223','True','661',1,'9 ESPACE MEDITERRANEE','BP989','66000','PERPIGNAN','04.68.35.65.06 ','04.68.34.77.29',NULL,NULL,'',NULL,24);
INSERT INTO "ressources_healthcenter" VALUES(589,'M.N.T.  Rhone','0609','004','223','True','691',1,'66 rue de la Villette','','69425','Lyon CEDEX 03','04.72.69.95.60 ','04.78.93.06.14',NULL,NULL,'',NULL,24);
INSERT INTO "ressources_healthcenter" VALUES(590,'M.N.T. Haute Garonne','0654','018','004','True','311',1,'7, rue du Périgord','BP 7087','31070','TOULOUSE 07','05.34.44.22.00','05.34.44.22.20',NULL,NULL,'',NULL,24);
INSERT INTO "ressources_healthcenter" VALUES(591,'M.N.T. Indre et Loire','0651','373','136','True','371',1,'22-24 place de la résistance ','CS5 4308','37043','TOURS CEDEX 1','','',NULL,NULL,'',NULL,24);
INSERT INTO "ressources_healthcenter" VALUES(592,'M.N.T. Loire Atlantique','0613','443','087','True','441',1,'28 RUE DE STRASBOURG','','44094','NANTES CEDEX 1 ','02.40.41.94.94','02.51.82.30.57',NULL,NULL,'',NULL,24);
INSERT INTO "ressources_healthcenter" VALUES(593,'M.U.T.I.S. RADIANCE (BOURGOGNE)','5300','032','001','True','009',1,'18, rue Albert 1er','BP 40','58027','NEVERS  CEDEX ','03.86.36.37.38 ','03.86.36.80.08',NULL,NULL,'',NULL,3);
INSERT INTO "ressources_healthcenter" VALUES(594,'MACON','0000','711','010','True','711',1,'113, Rue de Paris','','71022','MACON CEDEX 09','03 85 39 73 35','03 85 39 73 48',NULL,NULL,'',NULL,1);
INSERT INTO "ressources_healthcenter" VALUES(595,'MACON','0000','711','381','True','711',1,'46. rue de Paris','','71023','MACON CEDEX','03.85.39.51.51 ','03.85.39.51.80',NULL,NULL,'',NULL,2);
INSERT INTO "ressources_healthcenter" VALUES(596,'MACON','0000','712','381','True','712',1,'4, rue Saint-Nizier','','71031','MACON CEDEX','03 85 38 10 99','03 85 38 77 88',NULL,NULL,'',NULL,2);
INSERT INTO "ressources_healthcenter" VALUES(597,'MACON','0000','711','381','True','715',1,'46. rue de Paris','','71023','MACON CEDEX','03.85.39.51.51 ','03.85.39.51.80',NULL,NULL,'',NULL,2);
INSERT INTO "ressources_healthcenter" VALUES(598,'MAGE','0505','057','007','True','751',1,'Régime des fonctionnaires','42 bis rue d''ULM ','75005','PARIS','01 44 07 26 26 ','01 44 07 24 55 ',NULL,NULL,'',NULL,24);
INSERT INTO "ressources_healthcenter" VALUES(599,'MARSEILLE','0000','131','021','True','131',1,'56, Chemin Joseph Aiguier','','13297','MARSEILLE CEDEX 9','04 91 83 70 00','',NULL,NULL,'',NULL,1);
INSERT INTO "ressources_healthcenter" VALUES(600,'MARSEILLE','0000','131','131','True','131',1,'152, avenue de Hambourg','','13416','MARSEILLE CEDEX 08 ','04.91.16.58.58 ','04.91.72.28.01',NULL,NULL,'',NULL,2);
INSERT INTO "ressources_healthcenter" VALUES(601,'MARSEILLE','0000','131','131','True','135',1,'152, avenue de Hambourg','','13416','MARSEILLE CEDEX 08 ','04.91.16.58.58 ','04.91.72.28.01',NULL,NULL,'',NULL,2);
INSERT INTO "ressources_healthcenter" VALUES(602,'MAUBEUGE','0000','596','011','True','596',1,'24 rue de la Croix','BP 78','59607','MAUBEUGE CEDEX','03 27 69 52 52','',NULL,NULL,'',NULL,1);
INSERT INTO "ressources_healthcenter" VALUES(603,'MAYOTTE','0000','976','007','True','976',1,'','','','','','',NULL,NULL,'',NULL,1);
INSERT INTO "ressources_healthcenter" VALUES(604,'MBA RADIANCE','3200','131','002','True','041',1,'Monsieur PROST','1, boulevard Liédot','16014','ANGOULEME CEDEX','05 45 90 15 50','',NULL,NULL,'',NULL,3);
INSERT INTO "ressources_healthcenter" VALUES(605,'MBA RADIANCE','5300','041','001','True','011',1,'Boulevard de la Résistance','BP 325 ','56018','VANNES ','02.97.63.27.18','',NULL,NULL,'',NULL,3);
INSERT INTO "ressources_healthcenter" VALUES(606,'MCVPAP','0602','001','001','True','751',1,'2 et 4, rue Sadi Carnot  ','','93545','BAGNOLET  CEDEX','','',NULL,NULL,'',NULL,24);
INSERT INTO "ressources_healthcenter" VALUES(607,'MCVPAP','0602','001','001','True','781',1,'2 et 4, rue Sadi Carnot    ','','93545','BAGNOLET  CEDEX','','',NULL,NULL,'',NULL,24);
INSERT INTO "ressources_healthcenter" VALUES(608,'MCVPAP','0602','001','001','True','911',1,'2 et 4, rue Sadi Carnot  ','','93545','BAGNOLET  CEDEX','','',NULL,NULL,'',NULL,24);
INSERT INTO "ressources_healthcenter" VALUES(609,'MCVPAP','0602','001','001','True','921',1,'2 et 4, rue Sadi Carnot  ','','93545','BAGNOLET  CEDEX','','',NULL,NULL,'',NULL,24);
INSERT INTO "ressources_healthcenter" VALUES(610,'MCVPAP','0602','001','001','True','931',1,'2 et 4, rue Sadi Carnot  ','','93545','BAGNOLET CEDEX','','',NULL,NULL,'',NULL,24);
INSERT INTO "ressources_healthcenter" VALUES(611,'MCVPAP','0602','001','001','True','941',1,'2 et 4, rue Sadi Carnot  ','','93545','BAGNOLET  CEDEX','','',NULL,NULL,'',NULL,24);
INSERT INTO "ressources_healthcenter" VALUES(612,'MCVPAP','0602','001','001','True','951',1,'2 et 4, rue Sadi Carnot   ','','93545','BAGNOLET  CEDEX','','',NULL,NULL,'',NULL,24);
INSERT INTO "ressources_healthcenter" VALUES(613,'MELUN RUBELLES','0000','771','004','True','771',1,'','','77605','MARNE LA VALLEE CEDEX 03','36 46','',NULL,NULL,'',NULL,1);
INSERT INTO "ressources_healthcenter" VALUES(614,'MENDE','0000','481','002','True','481',1,'Quartier des Carmes','BP 26 ','48006','MENDE CEDEX','04 66 49 56 80','',NULL,NULL,'',NULL,1);
INSERT INTO "ressources_healthcenter" VALUES(615,'MENDE','0000','481','301','True','481',1,'10. cité des Carmes','','48005','MENDE CEDEX','04.66.49.79.20 ','04.66.49.79.59',NULL,NULL,'',NULL,2);
INSERT INTO "ressources_healthcenter" VALUES(616,'MENDE','0000','481','301','True','485',1,'10. cité des Carmes','','48005','MENDE CEDEX','04.66.49.79.20 ','04.66.49.79.59',NULL,NULL,'',NULL,2);
INSERT INTO "ressources_healthcenter" VALUES(617,'MEP Avignon','0617','069','066','True','841',1,'74 rue Louis Pasteur','','84000','AVIGNON','0825 081 881','',NULL,NULL,'',NULL,24);
INSERT INTO "ressources_healthcenter" VALUES(618,'MEP Beziers','0617','066','066','True','341',1,'Maison de l''Etudiant','AGORA Bd DUGUESCIN','34100','BEZIERS','0825 081 881','',NULL,NULL,'',NULL,24);
INSERT INTO "ressources_healthcenter" VALUES(619,'MEP Marseille','0617','063','066','True','131',1,'452-456, avenue du Prado','','13008','MARSEILLE','','',NULL,NULL,'',NULL,24);
INSERT INTO "ressources_healthcenter" VALUES(620,'MEP Montpellier','0617','067','066','True','342',1,'3, place de la Canourgue','','34000','Montpellier','0825 081 881','',NULL,NULL,'',NULL,24);
INSERT INTO "ressources_healthcenter" VALUES(621,'MEP Narbonne','0617','065','066','True','111',1,'Face a l''IUT et a la Faculté','','11000','NARBONNE','0825 081 881','',NULL,NULL,'',NULL,24);
INSERT INTO "ressources_healthcenter" VALUES(622,'MEP Nice','0617','072','066','True','061',1,'36 rue Buffa','','06000','NICE','0825 081 881','',NULL,NULL,'',NULL,24);
INSERT INTO "ressources_healthcenter" VALUES(623,'MEP Nimes','0617','064','066','True','301',1,'Fort VAUBAN','rue de Dr Salan - BP4044','30001','CEDEX 5','0825 081 881','',NULL,NULL,'',NULL,24);
INSERT INTO "ressources_healthcenter" VALUES(624,'MEP Perpignan','0617','070','066','True','661',1,'11 rue pountet','2 bages','66000','PERPIGNAN','0825 081 881','',NULL,NULL,'',NULL,24);
INSERT INTO "ressources_healthcenter" VALUES(625,'MEP Toulon','0617','068','066','True','831',1,'6 rue des riaux','','83000','toulon','0825 081 881','',NULL,NULL,'',NULL,24);
INSERT INTO "ressources_healthcenter" VALUES(626,'METZ','0000','571','541','True','571',1,'17. avenue André Malraux','','57778','METZ CEDEX 09','03.87.55.76.41 ','03.87.55.76.97',NULL,NULL,'',NULL,2);
INSERT INTO "ressources_healthcenter" VALUES(627,'METZ','0000','571','541','True','575',1,'17. avenue André Malraux',' ','57778','METZ CEDEX 09 ','03.87.55.76.41','03.87.55.76.97',NULL,NULL,'',NULL,2);
INSERT INTO "ressources_healthcenter" VALUES(628,'MFP  AGEN','0599','471','026','True','471',1,'993 Ave du Général Leclerc ','BP 266 ','47007','AGEN  CEDEX','0821 089 000 - 0,12/mn','05 53 98 71 59',NULL,NULL,'',NULL,21);
INSERT INTO "ressources_healthcenter" VALUES(629,'MFP  AJACCIO','0599','201','026','True','201',1,'4 BOULEVARD Roi Jérôme ','BP 331 ','20180','AJACCIO  CEDEX','0821 089 000 - 0,12/mn','04 95 21 86 15',NULL,NULL,'',NULL,21);
INSERT INTO "ressources_healthcenter" VALUES(630,'MFP  ALBI','0599','811','026','True','811',1,'Cité administrative ','18 avenue du Maréchal Joffre ','81000','ALBI','0821 089 000 - 0,12/mn','05 63 43 26 47',NULL,NULL,'',NULL,21);
INSERT INTO "ressources_healthcenter" VALUES(631,'MFP  ALENCON','0599','611','026','True','611',1,'5 rue Valazé','BP 49','61002','ALENCON  CEDEX','0821 089 000 - 0,12/mn','02 33 26 52 58',NULL,NULL,'',NULL,21);
INSERT INTO "ressources_healthcenter" VALUES(632,'MFP  AMIENS','0599','801','026','True','801',1,'66, Rue Saint-Fuscien','','80041','AMIENS 1','0821 089 000 - 0,12/mn','03 22 33 38 89',NULL,NULL,'',NULL,21);
INSERT INTO "ressources_healthcenter" VALUES(633,'MFP  ANGERS','0599','491','026','True','491',1,'10 square François Truffaut ','BP 204 ','49002','ANGERS  CEDEX','0821 089 000 - 0,12/mn','02 41 47 14 61',NULL,NULL,'',NULL,21);
INSERT INTO "ressources_healthcenter" VALUES(634,'MFP  ANGOULEME','0599','161','026','True','161',1,'12 rue Docteur Louis Fournier ','','16023','ANGOULEME CEDEX','0821 089 000 - 0,12/mn','05 45 22 45 01',NULL,NULL,'',NULL,21);
INSERT INTO "ressources_healthcenter" VALUES(635,'MFP  ANNECY','0599','741','026','True','741',1,'3 avenue de la Plaine','BP 390','74013','ANNECY  CEDEX','0821 089 000 - 0,12/mn','04 50 10 04 79',NULL,NULL,'',NULL,21);
INSERT INTO "ressources_healthcenter" VALUES(636,'MFP  ANNONAY','0599','071','026','True','071',1,'7 av Clément Faugier ','BP 406 ','07004','PRIVAS  CEDEX','0821 089 000 - 0,12/mn','04 75 66 39 54',NULL,NULL,'',NULL,21);
INSERT INTO "ressources_healthcenter" VALUES(637,'MFP  ARMENTIERES','0599','591','026','True','591',1,'Château Rouge ','280 av de la Marne ','59849','MARCQ EN BAROEUL  CEDEX','0821 089 000 - 0,12/mn','03 20 66 17 21',NULL,NULL,'',NULL,21);
INSERT INTO "ressources_healthcenter" VALUES(638,'MFP  ARRAS','0599','621','026','True','621',1,'2 RUE Gustave Colin ','BP 671 ','62030','ARRAS  CEDEX','0821 089 000 - 0,12/mn','03 21 48 93 90',NULL,NULL,'',NULL,21);
INSERT INTO "ressources_healthcenter" VALUES(639,'MFP  AUCH','0599','321','026','True','321',1,'Les Acacias - Chemin de Baron','BP 234','32004','AUCH  CÉDEX','0821 089 000 - 0,12/mn','05 62 61 71 48',NULL,NULL,'',NULL,21);
INSERT INTO "ressources_healthcenter" VALUES(640,'MFP  AURILLAC','0599','151','026','True','151',1,'12 place de la Paix','','15000','AURILLAC CEDEX','0821 089 000 - 0,12/mn','04 71 45 58 53',NULL,NULL,'',NULL,21);
INSERT INTO "ressources_healthcenter" VALUES(641,'MFP  AUXERRE','0599','891','026','True','891',1,'6 Boulevard Vaulabelle','','89000','AUXERRE 89029','0821 089 000 - 0,12/mn','03 86 72 11 06',NULL,NULL,'',NULL,21);
INSERT INTO "ressources_healthcenter" VALUES(642,'MFP  AVIGNON','0599','841','026','True','841',1,'39, rue Alexandre Blanc','','84042','AVIGNON 9','0821 089 000 - 0,12/mn','04.90.89.95.18',NULL,NULL,'',NULL,21);
INSERT INTO "ressources_healthcenter" VALUES(643,'MFP  BAR LE DUC','0599','551','026','True','551',1,'12 rue du cygne','BP 569','55013','BAR LE DUC  CEDEX','0821 089 000 - 0,12/mn','03 29 76 31 95',NULL,NULL,'',NULL,21);
INSERT INTO "ressources_healthcenter" VALUES(644,'MFP  BASTIA','0599','202','026','True','202',1,'10 Résidence Bertrand Toga ','BP 90 ','20291','BASTIA  CEDEX','0821 089 000 - 0,12/mn','04 95 34 14 79',NULL,NULL,'',NULL,21);
INSERT INTO "ressources_healthcenter" VALUES(645,'MFP  BAYONNE','0599','641','026','True','641',1,'9 rue des Gouverneurs ','BP 102 ','64101','BAYONNE  CEDEX','0821 089 000 - 0,12/mn','05 59 46 01 53',NULL,NULL,'',NULL,21);
INSERT INTO "ressources_healthcenter" VALUES(646,'MFP  BEAUVAIS','0599','601','026','True','601',1,'14, rue Ambroise Paré','','60008','BEAUVAIS','0821 089 000 - 0,12/mn','03 44 12 41 09',NULL,NULL,'',NULL,21);
INSERT INTO "ressources_healthcenter" VALUES(647,'MFP  BELFORT','0599','901','026','True','901',1,'11 rue Guillaume Tell ','','90000','BELFORT','0821 089 000 - 0,12/mn','03 84 21 32 05',NULL,NULL,'',NULL,21);
INSERT INTO "ressources_healthcenter" VALUES(648,'MFP  BESANCON','0599','251','026','True','251',1,'23 rue de la Mouillere ','','25044','BESANCON  CEDEX','0821 089 000 - 0,12/mn','03 81 53 76 86',NULL,NULL,'',NULL,21);
INSERT INTO "ressources_healthcenter" VALUES(649,'MFP  BEZIERS','0599','341','026','True','341',1,'Immeuble Le Guimbaud','58 rue des Gabares - BP 9594','34045','MONTPELLIER  CÉDEX 1','0821 089 000 - 0,12/mn','04 67 64 97 26',NULL,NULL,'',NULL,21);
INSERT INTO "ressources_healthcenter" VALUES(650,'MFP  BLOIS','0599','411','026','True','411',1,'Le Gency ','26 av de Verdun ','41035','BLOIS  CEDEX','0821 089 000 - 0,12/mn','02 54 74 39 84',NULL,NULL,'',NULL,21);
INSERT INTO "ressources_healthcenter" VALUES(651,'MFP  BORDEAUX','0599','331','026','True','331',1,'16 rue Théodore Blanc ','','33082','BORDEAUX  CEDEX','0821 089 000 - 0,12/mn','05 57 19 62 88',NULL,NULL,'',NULL,21);
INSERT INTO "ressources_healthcenter" VALUES(652,'MFP  BOULOGNE SUR MER','0599','622','026','True','622',1,'2 rue Gustave Colin','BP 671 ','62030','ARRAS  CÉDEX ','0821 089 000 - 0,12/mn','03 21 48 93 90',NULL,NULL,'',NULL,21);
INSERT INTO "ressources_healthcenter" VALUES(653,'MFP  BOURG EN BRESSE','0599','011','026','True','011',1,'Immeuble ''Le Lumiere''','4 rue général Delestraint','01000','BOURG-EN-BRESSE  Cedex','0821 089 000 - 0,12/mn','04.74.22.81.60',NULL,NULL,'',NULL,21);
INSERT INTO "ressources_healthcenter" VALUES(654,'MFP  BOURGES','0599','181','026','True','181',1,'Le Dunois ','17 rue Jean Baffier ','18022','BOURGES  CÉDEX','0821 089 000 - 0,12/mn','02 48 20 54 30',NULL,NULL,'',NULL,21);
INSERT INTO "ressources_healthcenter" VALUES(655,'MFP  BREST','0599','291','026','True','291',1,'20 av de Limerick  ','','29332','QUIMPER  CEDEX 9','0821 089 000 - 0,12/mn','02 98 64 70 60',NULL,NULL,'',NULL,21);
INSERT INTO "ressources_healthcenter" VALUES(656,'MFP  CAEN','0599','141','026','True','141',1,'Pericentre IV Avenue de la cöte de Nacre  ','BP 5151 ','14070','CAEN CEDEX 05','0821 089 000 - 0,12/mn','02 31 46 70 56',NULL,NULL,'',NULL,21);
INSERT INTO "ressources_healthcenter" VALUES(657,'MFP  CAHORS','0599','461','026','True','461',1,'39 rue du Maréchal Joffre','','46000','CAHORS','0821 089 000 - 0,12/mn','05.65.20.46.69',NULL,NULL,'',NULL,21);
INSERT INTO "ressources_healthcenter" VALUES(658,'MFP  CALAIS','0599','623','026','True','623',1,'2 rue Gustave Colin  ','BP 671 ','62030','ARRAS  CÉDEX ','0821 089 000 - 0,12/mn','03 21 48 93 90',NULL,NULL,'',NULL,21);
INSERT INTO "ressources_healthcenter" VALUES(659,'MFP  CAMBRAI','0599','592','026','True','592',1,'Château Rouge ','280 avenue de la Marne ','59849','MARCQ EN BAROEUL  CÉDEX ','0821 089 000 - 0,12/mn','03 20 66 17 21',NULL,NULL,'',NULL,21);
INSERT INTO "ressources_healthcenter" VALUES(660,'MFP  CARCASSONNE','0599','111','026','True','111',1,'Résidence La Cité 36 rue Auguste Comte ','BP 100 ','11022','CARCASSONNE  CEDEX','0821 089 000 - 0,12/mn','04 68 71 02 09',NULL,NULL,'',NULL,21);
INSERT INTO "ressources_healthcenter" VALUES(661,'MFP  CAYENNE','0599','973','026','True','973',1,'23 rue Rouget de l''Isle ','BP 163 ','97301','CAYENNE CEDEX','0821 089 000 - 0,12/mn','05 94 30 80 79',NULL,NULL,'',NULL,21);
INSERT INTO "ressources_healthcenter" VALUES(662,'MFP  CHAMBERY','0599','731','026','True','731',1,'64 quai Charles Roissard ','BP 817 ','73008','CHAMBERRY  CEDEX','0821 089 000 - 0,12/mn','04 79 69 82 50',NULL,NULL,'',NULL,21);
INSERT INTO "ressources_healthcenter" VALUES(663,'MFP  CHARLEVILLE MEZIERES','0599','081','026','True','081',1,'BP 248','11, avenue Forest','08103','CHARLEVILLE MEZIERES cedex','0821 089 000 - 0,12/mn','03 24 33 84 99',NULL,NULL,'',NULL,21);
INSERT INTO "ressources_healthcenter" VALUES(664,'MFP  CHARTRES','0599','281','026','True','281',1,'5 rue Garola ','BP 259 ','28005','CHARTES  CEDEX','0821 089 000 - 0,12/mn','02 37 21 25 22',NULL,NULL,'',NULL,21);
INSERT INTO "ressources_healthcenter" VALUES(665,'MFP  CHATEAUROUX','0599','361','026','True','361',1,'Résidence Les Capucins ','6 av du Général Ruby BP 9 ','36001','CHATEAUROUX CEDEX','0821 089 000 - 0,12/mn','02 54 34 56 92',NULL,NULL,'',NULL,21);
INSERT INTO "ressources_healthcenter" VALUES(666,'MFP  CHAUMONT','0599','521','026','True','521',1,'Résidence de la Liberté ','16 rue Bartholdi  BP 2078 ','52903','CHAUMONT  cedex 9','0821 089 000 - 0,12/mn','03 25 03 85 00',NULL,NULL,'',NULL,21);
INSERT INTO "ressources_healthcenter" VALUES(667,'MFP  CHOLET','0599','492','026','True','492',1,'10 square François Truffaut ','BP 204 ','49002','ANGERS  CEDEX','0821 089 000 - 0,12/mn','02 41 47 14 61',NULL,NULL,'',NULL,21);
INSERT INTO "ressources_healthcenter" VALUES(668,'MFP  CLERMONT FERRAND','0599','631','026','True','631',1,'44, avenue Edouard MICHELIN','','63100','CLERMONT FERRAND','0821 089 000 - 0,12/mn','04.73.42.73.70',NULL,NULL,'',NULL,21);
INSERT INTO "ressources_healthcenter" VALUES(669,'MFP  COLMAR','0599','681','026','True','681',1,'3 avenue du Luxembourg','BP 307','68316','ILLZACH  CEDEX','0821 089 000 - 0,12/mn','03 89 61 50 24',NULL,NULL,'',NULL,21);
INSERT INTO "ressources_healthcenter" VALUES(670,'MFP  CREIL','0599','602','026','True','602',1,'14, rue Ambroise Paré','','60008','BEAUVAIS','0821 089 000 - 0,12/mn','03 44 12 41 09',NULL,NULL,'',NULL,21);
INSERT INTO "ressources_healthcenter" VALUES(671,'MFP  DIEPPE','0599','761','026','True','761',1,'Immeuble Blaise Pascal','22 place Gadeau de Kerville BP 1028','76171','ROUEN  CÉDEX','0821 089 000 - 0,12/mn','02 35 62 46 27',NULL,NULL,'',NULL,21);
INSERT INTO "ressources_healthcenter" VALUES(672,'MFP  DIGNE','0599','041','026','True','041',1,'Immeuble La Gineste - BP 210','2, rue Caguerenard ','04002','DIGNE Cedex','0821 089 000 - 0,12/mn','04.92.30.57.16',NULL,NULL,'',NULL,21);
INSERT INTO "ressources_healthcenter" VALUES(673,'MFP  DIJON','0599','211','026','True','211',1,'12 boulevard de l''Université','BP 91212','21081','DIJON  CEDEX 9','0821 089 000 - 0,12/mn','03 80 63 86 56',NULL,NULL,'',NULL,21);
INSERT INTO "ressources_healthcenter" VALUES(674,'MFP  DOUAI','0599','593','026','True','593',1,'Château Rouge ','280 av de la Marne ','59849','MARCQ EN BAROEUL  CEDEX','0821 089 000 - 0,12/mn','03 20 66 17 21',NULL,NULL,'',NULL,21);
INSERT INTO "ressources_healthcenter" VALUES(675,'MFP  DUNKERQUE','0599','594','026','True','594',1,'Château Rouge ','280 avenue de la Marne ','59849','MARCQ EN BAROEUL  CÉDEX ','0821 089 000 - 0,12/mn','03 20 66 17 21',NULL,NULL,'',NULL,21);
INSERT INTO "ressources_healthcenter" VALUES(676,'MFP  ELBEUF','0599','762','026','True','762',1,'Immeuble Blaise Pascal','22 place Gadeau de Kerville - BP 1028 ','76171','ROUEN  CÉDEX ','0821 089 000 - 0,12/mn','02 35 62 46 27',NULL,NULL,'',NULL,21);
INSERT INTO "ressources_healthcenter" VALUES(677,'MFP  EPINAL','0599','881','026','True','881',1,'3 Allée des Frenes','BP 39','88060','EPINAL 9','0821 089 000 - 0,12/mn','',NULL,NULL,'',NULL,21);
INSERT INTO "ressources_healthcenter" VALUES(678,'MFP  EVREUX','0599','271','026','True','271',1,'La Cerisaie ','15-19 rue du Docteur Roux ','27025','EVREUX  CEDEX','0821 089 000 - 0,12/mn','02 32 33 67 01',NULL,NULL,'',NULL,21);
INSERT INTO "ressources_healthcenter" VALUES(679,'MFP  FOIX','0599','091','026','True','091',1,'9 AVENUE DE Lérida   ','BP115','09003','FOIX  CEDEX','0821 089 000 - 0,12/mn','05 61 65 45 38',NULL,NULL,'',NULL,21);
INSERT INTO "ressources_healthcenter" VALUES(680,'MFP  FORT DE FRANCE','0599','972','026','True','972',1,'85 rue Edouard Jeanne ','Route de TSF BP 657 ','97263','FORT DE France','0821 089 000 - 0,12/mn','05 96 63 02 91',NULL,NULL,'',NULL,21);
INSERT INTO "ressources_healthcenter" VALUES(681,'MFP  GAP','0599','051','026','True','051',1,'Immeuble l''Eden','66 bd Georges Pompidou BP 151','05007','GAP CEDEX','0821 089 000 - 0,12/mn','04 92 53 41 44',NULL,NULL,'',NULL,21);
INSERT INTO "ressources_healthcenter" VALUES(682,'MFP  GRENOBLE','0599','381','026','True','381',1,'4 rue du Général Ferrié ','','38029','GRENOBLE  CEDEX 2','0821 089 000 - 0,12/mn','04 76 47 95 65',NULL,NULL,'',NULL,21);
INSERT INTO "ressources_healthcenter" VALUES(683,'MFP  GUERET','0599','231','026','True','231',1,'43, avenue Charles de Gaulle','BP 136','23003','GUERET','0821 089 000 - 0,12/mn','05.55.52.55.66',NULL,NULL,'',NULL,21);
INSERT INTO "ressources_healthcenter" VALUES(684,'MFP  HAGUENAU','0599','671','026','True','671',1,'18 rue Contades ','BP 112 ','67303','SCHILTIGHIEM  CEDEX','0821 089 000 - 0,12/mn','03 88 62 87 27',NULL,NULL,'',NULL,21);
INSERT INTO "ressources_healthcenter" VALUES(685,'MFP  LA ROCHE SUR YON','0599','851','026','True','851',1,'112 boulevard dItalie','','85000','LA ROCHE SUR YON','0821 089 000 - 0,12/mn','02 51 36 39 70',NULL,NULL,'',NULL,21);
INSERT INTO "ressources_healthcenter" VALUES(686,'MFP  LA ROCHELLE','0599','171','026','True','171',1,'Port de Plaisance  ','BP 149 ','17306','ROCHEFORT CÉDEX','0821 089 000 - 0,12/mn','05 46 83 17 60',NULL,NULL,'',NULL,21);
INSERT INTO "ressources_healthcenter" VALUES(687,'MFP  LAON','0599','021','026','True','021',1,'Résidence Fontaine-Saint-Just','3, rue Nestor Gréhant','02007','LAON Cedex','0821 089 000 - 0,12/mn','03.23.23.88.89',NULL,NULL,'',NULL,21);
INSERT INTO "ressources_healthcenter" VALUES(688,'MFP  LAVAL','0599','531','026','True','531',1,'Centre Murat  ','Place Mettmann BP 3983 ','53032','LAVAL  CEDEX 9','0821 089 000 - 0,12/mn','02 43 53 87 51',NULL,NULL,'',NULL,21);
INSERT INTO "ressources_healthcenter" VALUES(689,'MFP  LE HAVRE','0599','763','026','True','763',1,'Immeuble Blaise Pascal','22 place Gadeau de Kerville - BP 1028 ','76171',' ROUEN  CÉDEX ','0821 089 000 - 0,12/mn','02 35 62 46 27',NULL,NULL,'',NULL,21);
INSERT INTO "ressources_healthcenter" VALUES(690,'MFP  LE MANS','0599','721','026','True','721',1,'9 rue des Cochereaux  ','','72018','LE MANS  CÉDEX','0821 089 000 - 0,12/mn','02 43 28 89 44',NULL,NULL,'',NULL,21);
INSERT INTO "ressources_healthcenter" VALUES(691,'MFP  LE PUY','0599','431','026','True','431',1,'Résidence Victor Hugo','21 rue des Moulins','43000','LE PUY EN VELAY','0821 089 000 - 0,12/mn','04 71 09 80 70',NULL,NULL,'',NULL,21);
INSERT INTO "ressources_healthcenter" VALUES(692,'MFP  LENS','0599','624','026','True','624',1,'2 rue Gustave Colin ','BP 671 ','62030','ARRAS  CÉDEX ','0821 089 000 - 0,12/mn','03 21 48 93 90',NULL,NULL,'',NULL,21);
INSERT INTO "ressources_healthcenter" VALUES(693,'MFP  LILLE','0599','595','026','True','595',1,'Château Rouge ','280 avenue de la Marne ','59849','MARCQ EN BAROEUL   CÉDEX','0821 089 000 - 0,12/mn','03 20 66 17 21',NULL,NULL,'',NULL,21);
INSERT INTO "ressources_healthcenter" VALUES(694,'MFP  LIMOGES','0599','871','026','True','871',1,'','23 Av des Bénédictins','87000','LIMOGES','0821 089 000 - 0,12/mn','05.55.34.88.32',NULL,NULL,'',NULL,21);
INSERT INTO "ressources_healthcenter" VALUES(695,'MFP  LONGWY','0599','541','026','True','541',1,'Centre Murat Palce Mettmann ','BP 3983 ','53032','LAVAL  CEDEX 9','0821 089 000 - 0,12/mn','03 83 51 86 87',NULL,NULL,'',NULL,21);
INSERT INTO "ressources_healthcenter" VALUES(696,'MFP  LONS LE SAUNIER','0599','391','026','True','391',1,'151 rue Regard ','BP 46 ','39002','LONS LE SAUNIER  CEDEX','0821 089 000 - 0,12/mn','03 84 43 06 42',NULL,NULL,'',NULL,21);
INSERT INTO "ressources_healthcenter" VALUES(697,'MFP  LYON','0599','691','026','True','691',1,'153 rue de Créqui ','','69454','LYON  CÉDEX 06','0821 089 000 - 0,12/mn','04 72 75 54 99',NULL,NULL,'',NULL,21);
INSERT INTO "ressources_healthcenter" VALUES(698,'MFP  M.A.I. BOBIGNY','0504','504','026','True','931',1,'Le Palatino','17 avenue de Choisy','75640','PARIS CEDEX 13','0821 089 000 - 0,12/mn','',NULL,NULL,'',NULL,21);
INSERT INTO "ressources_healthcenter" VALUES(699,'MFP  M.A.I. CERGY-PONTOISE','0504','504','026','True','951',1,'Le Palatino','17 avenue de Choisy','75640','PARIS CEDEX 13','0821 089 000 - 0,12/mn','',NULL,NULL,'',NULL,21);
INSERT INTO "ressources_healthcenter" VALUES(700,'MFP  M.A.I. CRETEIL','0504','504','026','True','941',1,'Le Palatino','17 avenue de Choisy','75640','PARIS CEDEX 13','0821 089 000 - 0,12/mn','',NULL,NULL,'',NULL,21);
INSERT INTO "ressources_healthcenter" VALUES(701,'MFP  M.A.I. EVRY','0504','504','026','True','911',1,'''le Palatino''','17 avenue de Choisy ','75640','PARIS  CEDEX 13','0821 089 000 - 0,12/mn','',NULL,NULL,'',NULL,21);
INSERT INTO "ressources_healthcenter" VALUES(702,'MFP  M.A.I. NANTERRE','0504','504','026','True','921',1,'Le Palatino','17 avenue de Choisy','75640','PARIS CEDEX 13','0821 089 000 - 0,12/mn','',NULL,NULL,'',NULL,21);
INSERT INTO "ressources_healthcenter" VALUES(703,'MFP  M.A.I. PARIS','0504','504','026','True','751',1,'''le Palatino''','17 avenue de Choisy','75640','PARIS  CEDEX 13','0821 089 000 - 0,12/mn','',NULL,NULL,'',NULL,21);
INSERT INTO "ressources_healthcenter" VALUES(704,'MFP  M.A.I. VERSAILLES','0504','504','026','True','781',1,'''le Palatino''','17 avenue de Choisy ','75640','PARIS  CEDEX 13','0821 089 000 - 0,12/mn','',NULL,NULL,'',NULL,21);
INSERT INTO "ressources_healthcenter" VALUES(705,'MFP  M.C.D.E.F. BOBIGNY','0532','532','026','True','931',1,'Le Palatino','17 avenue de Choisy','75640','PARIS CEDEX 13','0821 089 000 - 0,12/mn','',NULL,NULL,'',NULL,21);
INSERT INTO "ressources_healthcenter" VALUES(706,'MFP  M.C.D.E.F. CERGY-PONTOISE','0532','532','026','True','951',1,'Le Palatino','17 avenue de Choisy','75640','PARIS CEDEX 13','0821 089 000 - 0,12/mn','',NULL,NULL,'',NULL,21);
INSERT INTO "ressources_healthcenter" VALUES(707,'MFP  M.C.D.E.F. CRETEIL','0532','532','026','True','941',1,'Le Palatino','17 avenue de Choisy','75640','PARIS CEDEX 13','0821 089 000 - 0,12/mn','',NULL,NULL,'',NULL,21);
INSERT INTO "ressources_healthcenter" VALUES(708,'MFP  M.C.D.E.F. EVRY','0532','532','026','True','911',1,'''le Palatino''','17 avenue de Choisy ','75640','PARIS  CEDEX 13','0821 089 000 - 0,12/mn','',NULL,NULL,'',NULL,21);
INSERT INTO "ressources_healthcenter" VALUES(709,'MFP  M.C.D.E.F. NANTERRE','0532','532','026','True','921',1,'Le Palatino','17 avenue de Choisy','75640','PARIS CEDEX 13','0821 089 000 - 0,12/mn','',NULL,NULL,'',NULL,21);
INSERT INTO "ressources_healthcenter" VALUES(710,'MFP  M.C.D.E.F. PARIS','0532','532','026','True','751',1,'''le Palatino''','17 avenue de Choisy','75640','PARIS  CEDEX 13','0821 089 000 - 0,12/mn','',NULL,NULL,'',NULL,21);
INSERT INTO "ressources_healthcenter" VALUES(711,'MFP  M.C.D.E.F. VERSAILLES','0532','532','026','True','781',1,'''le Palatino''','17 avenue de Choisy ','75640','PARIS  CEDEX 13','0821 089 000 - 0,12/mn','',NULL,NULL,'',NULL,21);
INSERT INTO "ressources_healthcenter" VALUES(712,'MFP  M.C.F. BOBIGNY','0523','523','026','True','931',1,'Le Palatino','17 avenue de Choisy','75640','PARIS CEDEX 13','0821 089 000 - 0,12/mn','',NULL,NULL,'',NULL,21);
INSERT INTO "ressources_healthcenter" VALUES(713,'MFP  M.C.F. CERGY-PONTOISE','0523','523','026','True','951',1,'Le Palatino','17 avenue de Choisy','75640','PARIS CEDEX 13','0821 089 000 - 0,12/mn','',NULL,NULL,'',NULL,21);
INSERT INTO "ressources_healthcenter" VALUES(714,'MFP  M.C.F. CRETEIL','0523','523','026','True','941',1,'Le Palatino','17 avenue de Choisy','75640','PARIS CEDEX 13','0821 089 000 - 0,12/mn','',NULL,NULL,'',NULL,21);
INSERT INTO "ressources_healthcenter" VALUES(715,'MFP  M.C.F. EVRY','0523','523','026','True','911',1,'''le Palatino''','17 avenue de Choisy ','75640','PARIS  CEDEX 13','0821 089 000 - 0,12/mn','',NULL,NULL,'',NULL,21);
INSERT INTO "ressources_healthcenter" VALUES(716,'MFP  M.C.F. NANTERRE','0523','523','026','True','921',1,'Le Palatino','17 avenue de Choisy','75640','PARIS CEDEX 13','0821 089 000 - 0,12/mn','',NULL,NULL,'',NULL,21);
INSERT INTO "ressources_healthcenter" VALUES(717,'MFP  M.C.F. PARIS','0523','523','026','True','751',1,'''le Palatino''','17 avenue de Choisy','75640','PARIS  CEDEX 13','0821 089 000 - 0,12/mn','',NULL,NULL,'',NULL,21);
INSERT INTO "ressources_healthcenter" VALUES(718,'MFP  M.C.F. VERSAILLES','0523','523','026','True','781',1,'''le Palatino''','17 avenue de Choisy ','75640','PARIS  CEDEX 13','0821 089 000 - 0,12/mn','',NULL,NULL,'',NULL,21);
INSERT INTO "ressources_healthcenter" VALUES(719,'MFP  M.G.A.S. BOBIGNY','0500','500','026','True','931',1,'Le Palatino','17 avenue de Choisy','75640','PARIS CEDEX 13','0821 089 000 - 0,12/mn','',NULL,NULL,'',NULL,21);
INSERT INTO "ressources_healthcenter" VALUES(720,'MFP  M.G.A.S. CERGY-PONTOISE','0500','500','026','True','951',1,'Le Palatino','17 avenue de Choisy','75640','PARIS CEDEX 13','0821 089 000 - 0,12/mn','',NULL,NULL,'',NULL,21);
INSERT INTO "ressources_healthcenter" VALUES(721,'MFP  M.G.A.S. CRETEIL','0500','500','026','True','941',1,'Le Palatino','17 avenue de Choisy','75640','PARIS CEDEX 13','0821 089 000 - 0,12/mn','',NULL,NULL,'',NULL,21);
INSERT INTO "ressources_healthcenter" VALUES(722,'MFP  M.G.A.S. EVRY','0500','500','026','True','911',1,'''le Palatino''','17 avenue de Choisy ','75640','PARIS  CEDEX 13','0821 089 000 - 0,12/mn','',NULL,NULL,'',NULL,21);
INSERT INTO "ressources_healthcenter" VALUES(723,'MFP  M.G.A.S. NANTERRE','0500','500','026','True','921',1,'Le Palatino','17 avenue de Choisy','75640','PARIS CEDEX 13','0821 089 000 - 0,12/mn','',NULL,NULL,'',NULL,21);
INSERT INTO "ressources_healthcenter" VALUES(724,'MFP  M.G.A.S. PARIS','0500','500','026','True','751',1,'''le Palatino''','17 avenue de Choisy','75640','PARIS  CEDEX 13','0821 089 000 - 0,12/mn','',NULL,NULL,'',NULL,21);
INSERT INTO "ressources_healthcenter" VALUES(725,'MFP  M.G.A.S. VERSAILLES','0500','500','026','True','781',1,'''le Palatino''','17 avenue de Choisy ','75640','PARIS  CEDEX 13','0821 089 000 - 0,12/mn','',NULL,NULL,'',NULL,21);
INSERT INTO "ressources_healthcenter" VALUES(726,'MFP  M.G.P.A. BOBIGNY','0524','524','026','True','931',1,'Le Palatino','17 avenue de Choisy','75640','PARIS CEDEX 13','0821 089 000 - 0,12/mn','',NULL,NULL,'',NULL,21);
INSERT INTO "ressources_healthcenter" VALUES(727,'MFP  M.G.P.A. CERGY-PONTOISE','0524','524','026','True','951',1,'Le Palatino','17 avenue de Choisy','75640','PARIS CEDEX 13','0821 089 000 - 0,12/mn','',NULL,NULL,'',NULL,21);
INSERT INTO "ressources_healthcenter" VALUES(728,'MFP  M.G.P.A. CRETEIL','0524','524','026','True','941',1,'Le Palatino','17 avenue de Choisy','75640','PARIS CEDEX 13','0821 089 000 - 0,12/mn','',NULL,NULL,'',NULL,21);
INSERT INTO "ressources_healthcenter" VALUES(729,'MFP  M.G.P.A. EVRY','0524','524','026','True','911',1,'''le Palatino''','17 avenue de Choisy ','75640','PARIS  CEDEX 13','0821 089 000 - 0,12/mn','',NULL,NULL,'',NULL,21);
INSERT INTO "ressources_healthcenter" VALUES(730,'MFP  M.G.P.A. NANTERRE','0524','524','026','True','921',1,'Le Palatino','17 avenue de Choisy','75640','PARIS CEDEX 13','0821 089 000 - 0,12/mn','',NULL,NULL,'',NULL,21);
INSERT INTO "ressources_healthcenter" VALUES(731,'MFP  M.G.P.A. PARIS','0524','524','026','True','751',1,'''le Palatino''','17 avenue de Choisy ','75640','PARIS  CEDEX 13','0821 089 000 - 0,12/mn','',NULL,NULL,'',NULL,21);
INSERT INTO "ressources_healthcenter" VALUES(732,'MFP  M.G.P.A. VERSAILLES','0524','524','026','True','781',1,'''le Palatino''','17 avenue de Choisy ','75640','PARIS  CEDEX 13','0821 089 000 - 0,12/mn','',NULL,NULL,'',NULL,21);
INSERT INTO "ressources_healthcenter" VALUES(733,'MFP  M.G.P.A.T. BOBIGNY','0520','520','026','True','931',1,'Le Palatino','17 avenue de Choisy','75640','PARIS CEDEX 13','0821 089 000 - 0,12/mn','',NULL,NULL,'',NULL,21);
INSERT INTO "ressources_healthcenter" VALUES(734,'MFP  M.G.P.A.T. BOBIGNY','0634','634','026','True','931',1,'Le Palatino','17 avenue de Choisy','75640','PARIS CEDEX 13','0821 089 000 - 0,12/mn','',NULL,NULL,'',NULL,21);
INSERT INTO "ressources_healthcenter" VALUES(735,'MFP  M.G.P.A.T. CERGY-PONTOISE','0520','520','026','True','951',1,'Le Palatino','17 avenue de Choisy','75640','PARIS CEDEX 13','0821 089 000 - 0,12/mn','',NULL,NULL,'',NULL,21);
INSERT INTO "ressources_healthcenter" VALUES(736,'MFP  M.G.P.A.T. CERGY-PONTOISE','0634','634','026','True','951',1,'Le Palatino','17 avenue de Choisy','75640','PARIS CEDEX 13','0821 089 000 - 0,12/mn','',NULL,NULL,'',NULL,21);
INSERT INTO "ressources_healthcenter" VALUES(737,'MFP  M.G.P.A.T. CRETEIL','0520','520','026','True','941',1,'Le Palatino','17 avenue de Choisy','75640','PARIS CEDEX 13','0821 089 000 - 0,12/mn','',NULL,NULL,'',NULL,21);
INSERT INTO "ressources_healthcenter" VALUES(738,'MFP  M.G.P.A.T. CRETEIL','0634','634','026','True','941',1,'Le Palatino','17 avenue de Choisy','75640','PARIS CEDEX 13','0821 089 000 - 0,12/mn','',NULL,NULL,'',NULL,21);
INSERT INTO "ressources_healthcenter" VALUES(739,'MFP  M.G.P.A.T. EVRY','0520','520','026','True','911',1,'''le Palatino''','17 avenue de Choisy ','75640','PARIS CEDEX 13','0821 089 000 - 0,12/mn','',NULL,NULL,'',NULL,21);
INSERT INTO "ressources_healthcenter" VALUES(740,'MFP  M.G.P.A.T. EVRY','0634','634','026','True','911',1,'''le Palatino''','17 avenue de Choisy ','75640','PARIS  CEDEX 13','0821 089 000 - 0,12/mn','',NULL,NULL,'',NULL,21);
INSERT INTO "ressources_healthcenter" VALUES(741,'MFP  M.G.P.A.T. NANTERRE','0520','520','026','True','921',1,'Le Palatino','17 avenue de Choisy','75640','PARIS CEDEX 13','0821 089 000 - 0,12/mn','',NULL,NULL,'',NULL,21);
INSERT INTO "ressources_healthcenter" VALUES(742,'MFP  M.G.P.A.T. NANTERRE','0634','634','026','True','921',1,'Le Palatino','17 avenue de Choisy','75640','PARIS CEDEX 13','0821 089 000 - 0,12/mn','',NULL,NULL,'',NULL,21);
INSERT INTO "ressources_healthcenter" VALUES(743,'MFP  M.G.P.A.T. PARIS','0520','520','026','True','751',1,'''le Palatino''','17 avenue de Choisy ','75640','PARIS  CEDEX 13','0821 089 000 - 0,12/mn','',NULL,NULL,'',NULL,21);
INSERT INTO "ressources_healthcenter" VALUES(744,'MFP  M.G.P.A.T. PARIS','0634','634','026','True','751',1,'''le Palatino''','17 avenue de Choisy ','75640','PARIS  CEDEX 13','0821 089 000 - 0,12/mn','',NULL,NULL,'',NULL,21);
INSERT INTO "ressources_healthcenter" VALUES(745,'MFP  M.G.P.A.T. VERSAILLES','0520','520','026','True','781',1,'''le Palatino''','17 avenue de Choisy ','75640','PARIS  CEDEX 13','0821 089 000 - 0,12/mn','',NULL,NULL,'',NULL,21);
INSERT INTO "ressources_healthcenter" VALUES(746,'MFP  M.G.P.A.T. VERSAILLES','0634','634','026','True','781',1,'''le Palatino''','17 avenue de Choisy ','75640','PARIS  CEDEX 13','0821 089 000 - 0,12/mn','',NULL,NULL,'',NULL,21);
INSERT INTO "ressources_healthcenter" VALUES(747,'MFP  M.M.J. BOBIGNY','0527','527','026','True','931',1,'Le Palatino','17 avenue de Choisy','75640','PARIS CEDEX 13','0821 089 000 - 0,12/mn','',NULL,NULL,'',NULL,21);
INSERT INTO "ressources_healthcenter" VALUES(748,'MFP  M.M.J. CERGY-PONTOISE','0527','527','026','True','951',1,'Le Palatino','17 avenue de Choisy','75640','PARIS CEDEX 13','0821 089 000 - 0,12/mn','',NULL,NULL,'',NULL,21);
INSERT INTO "ressources_healthcenter" VALUES(749,'MFP  M.M.J. CRETEIL','0527','527','026','True','941',1,'Le Palatino','17 avenue de Choisy','75640','PARIS CEDEX 13','0821 089 000 - 0,12/mn','',NULL,NULL,'',NULL,21);
INSERT INTO "ressources_healthcenter" VALUES(750,'MFP  M.M.J. EVRY','0527','527','026','True','911',1,'''le Palatino''','17 avenue de Choisy ','75640','PARIS  CEDEX 13','0821 089 000 - 0,12/mn','',NULL,NULL,'',NULL,21);
INSERT INTO "ressources_healthcenter" VALUES(751,'MFP  M.M.J. NANTERRE','0527','527','026','True','921',1,'Le Palatino','17 avenue de Choisy','75640','PARIS CEDEX 13','0821 089 000 - 0,12/mn','',NULL,NULL,'',NULL,21);
INSERT INTO "ressources_healthcenter" VALUES(752,'MFP  M.M.J. PARIS','0527','527','026','True','751',1,'''le Palatino''','17 avenue de Choisy ','75640','PARIS  CEDEX 13','0821 089 000 - 0,12/mn','',NULL,NULL,'',NULL,21);
INSERT INTO "ressources_healthcenter" VALUES(753,'MFP  M.M.J. VERSAILLES','0527','527','026','True','781',1,'''le Palatino''','17 avenue de Choisy ','75640','PARIS  CEDEX 13','0821 089 000 - 0,12/mn','',NULL,NULL,'',NULL,21);
INSERT INTO "ressources_healthcenter" VALUES(754,'MFP  M.P.A.A.C BOBIGNY','0526','526','026','True','931',1,'Le Palatino','17 avenue de Choisy','75640','PARIS CEDEX 13','0821 089 000 - 0,12/mn','',NULL,NULL,'',NULL,21);
INSERT INTO "ressources_healthcenter" VALUES(755,'MFP  M.P.A.A.C CERGY-PONTOISE','0526','526','026','True','951',1,'Le Palatino','17 avenue de Choisy','75640','PARIS CEDEX 13','0821 089 000 - 0,12/mn','',NULL,NULL,'',NULL,21);
INSERT INTO "ressources_healthcenter" VALUES(756,'MFP  M.P.A.A.C CRETEIL','0526','526','026','True','941',1,'Le Palatino','17 avenue de Choisy','75640','PARIS CEDEX 13','0821 089 000 - 0,12/mn','',NULL,NULL,'',NULL,21);
INSERT INTO "ressources_healthcenter" VALUES(757,'MFP  M.P.A.A.C EVRY','0526','526','026','True','911',1,'''le Palatino''','17 avenue de Choisy ','75640','PARIS  CEDEX 13','0821 089 000 - 0,12/mn','',NULL,NULL,'',NULL,21);
INSERT INTO "ressources_healthcenter" VALUES(758,'MFP  M.P.A.A.C NANTERRE','0526','526','026','True','921',1,'Le Palatino','17 avenue de Choisy','75640','PARIS CEDEX 13','0821 089 000 - 0,12/mn','',NULL,NULL,'',NULL,21);
INSERT INTO "ressources_healthcenter" VALUES(759,'MFP  M.P.A.A.C PARIS','0526','526','026','True','751',1,'''le Palatino''','17 avenue de Choisy ','75640','PARIS  CEDEX 13','0821 089 000 - 0,12/mn','',NULL,NULL,'',NULL,21);
INSERT INTO "ressources_healthcenter" VALUES(760,'MFP  M.P.A.A.C VERSAILLES','0526','526','026','True','781',1,'''le Palatino''','17 avenue de Choisy ','75640','PARIS  CEDEX 13','0821 089 000 - 0,12/mn','',NULL,NULL,'',NULL,21);
INSERT INTO "ressources_healthcenter" VALUES(761,'MFP  M.P.I.R. BOBIGNY','0509','509','026','True','931',1,'Le Palatino','17 avenue de Choisy','75640','PARIS CEDEX 13','0821 089 000 - 0,12/mn','',NULL,NULL,'',NULL,21);
INSERT INTO "ressources_healthcenter" VALUES(762,'MFP  M.P.I.R. CERGY-PONTOISE','0509','509','026','True','951',1,'Le Palatino','17 avenue de Choisy','75640','PARIS CEDEX 13','0821 089 000 - 0,12/mn','',NULL,NULL,'',NULL,21);
INSERT INTO "ressources_healthcenter" VALUES(763,'MFP  M.P.I.R. CRETEIL','0509','509','026','True','941',1,'Le Palatino','17 avenue de Choisy','75640','PARIS CEDEX 13','0821 089 000 - 0,12/mn','',NULL,NULL,'',NULL,21);
INSERT INTO "ressources_healthcenter" VALUES(764,'MFP  M.P.I.R. EVRY','0509','509','026','True','911',1,'''le Palatino''','17 avenue de Choisy ','75640','PARIS  CEDEX 13','0821 089 000 - 0,12/mn','',NULL,NULL,'',NULL,21);
INSERT INTO "ressources_healthcenter" VALUES(765,'MFP  M.P.I.R. NANTERRE','0509','509','026','True','921',1,'Le Palatino','17 avenue de Choisy','75640','PARIS CEDEX 13','0821 089 000 - 0,12/mn','',NULL,NULL,'',NULL,21);
INSERT INTO "ressources_healthcenter" VALUES(766,'MFP  M.P.I.R. PARIS','0509','509','026','True','751',1,'''le Palatino''','17 avenue de Choisy  ','75640','PARIS  CEDEX 13','0821 089 000 - 0,12/mn','',NULL,NULL,'',NULL,21);
INSERT INTO "ressources_healthcenter" VALUES(767,'MFP  M.P.I.R. VERSAILLES','0509','509','026','True','781',1,'''le Palatino''','17 avenue de Choisy ','75640','PARIS  CEDEX 13','0821 089 000 - 0,12/mn','',NULL,NULL,'',NULL,21);
INSERT INTO "ressources_healthcenter" VALUES(768,'MFP  MACON','0599','711','026','True','711',1,'28 rue du 19 Marrs 1962 ','','71031','MACON  CEDEX','0821 089 000 - 0,12/mn','',NULL,NULL,'',NULL,21);
INSERT INTO "ressources_healthcenter" VALUES(769,'MFP  MARSEILLE','0599','131','026','True','131',1,'47 boulevard Françoise Duparc   ','','13228','MARSEILLE CÉDEX 4','0821 089 000 - 0,12/mn','04 91 85 89 18',NULL,NULL,'',NULL,21);
INSERT INTO "ressources_healthcenter" VALUES(770,'MFP  MAUBEUGE','0599','596','026','True','596',1,'Château Rouge ','280 avenue de la Marne ','59849','MARCQ EN BAROEUL  CÉDEX ','0821 089 000 - 0,12/mn','03 20 66 17 21',NULL,NULL,'',NULL,21);
INSERT INTO "ressources_healthcenter" VALUES(771,'MFP  MELUN RUBELLES','0599','771','026','True','771',1,'3 rue de la brasserie Gruber','Case Postale 8230','77008','MELUN  CEDEX','0821 089 000 - 0,12/mn','01 64 83 02 21',NULL,NULL,'',NULL,21);
INSERT INTO "ressources_healthcenter" VALUES(772,'MFP  MENDE','0599','481','026','True','481',1,'1A boulevard Théophile Roussel','BP 52','48002','MENDE  CEDEX','0821 089 000 - 0,12/mn','04 66 49 13 26',NULL,NULL,'',NULL,21);
INSERT INTO "ressources_healthcenter" VALUES(773,'MFP  METZ','0599','571','026','True','571',1,'2 rue Maurice Barres','BP 744','57011','METZ  CÉDEX','0821 089 000 - 0,12/mn','03 87 75 82 78',NULL,NULL,'',NULL,21);
INSERT INTO "ressources_healthcenter" VALUES(774,'MFP  MONT DE MARSAN','0599','401','026','True','401',1,'902 av Eloi Ducom ','BP 249 ','40005','MONT DE MARSAN  CEDEX','0821 089 000 - 0,12/mn','05 58 05 62 69',NULL,NULL,'',NULL,21);
INSERT INTO "ressources_healthcenter" VALUES(775,'MFP  MONTAUBAN','0599','821','026','True','821',1,'Maison de la Mutualité ','15 bd Midi Pyrénées BP 510 ','82005','MONTAUBAN  CEDEX','0821 089 000 - 0,12/mn','05 63 03 32 72',NULL,NULL,'',NULL,21);
INSERT INTO "ressources_healthcenter" VALUES(776,'MFP  MONTBELIARD','0599','252','026','True','252',1,'23 rue de la Mouillere ','','25044','BESANCON  CEDEX','0821 089 000 - 0,12/mn','03 81 53 76 86',NULL,NULL,'',NULL,21);
INSERT INTO "ressources_healthcenter" VALUES(777,'MFP  MONTPELLIER','0599','342','026','True','342',1,'58 rue des Gabares','BP 9594 ','34045','MONTPELLIER  CÉDEX 1 ','0821 089 000 - 0,12/mn','04 67 64 97 26',NULL,NULL,'',NULL,21);
INSERT INTO "ressources_healthcenter" VALUES(778,'MFP  MOULINS','0599','031','026','True','031',1,'BP 1645','','03016','MOULINS Cedex','0821 089 000 - 0,12/mn','04.70.46.82.13',NULL,NULL,'',NULL,21);
INSERT INTO "ressources_healthcenter" VALUES(779,'MFP  MULHOUSE','0599','682','026','True','682',1,'3 avenue du Luxembourg','BP 307 ','68316','ILLZACH  CÉDEX ','0821 089 000 - 0,12/mn','03 89 61 50 24',NULL,NULL,'',NULL,21);
INSERT INTO "ressources_healthcenter" VALUES(780,'MFP  Mut des Aff. Etrangeres BOBIGNY','0533','533','026','True','931',1,'Le Palatino','17 avenue de Choisy','75640','PARIS CEDEX 13','0821 089 000 - 0,12/mn','',NULL,NULL,'',NULL,21);
INSERT INTO "ressources_healthcenter" VALUES(781,'MFP  Mut des Aff. Etrangeres CERGY-PONTOISE','0533','533','026','True','951',1,'Le Palatino','17 avenue de Choisy','75640','PARIS CEDEX 13','0821 089 000 - 0,12/mn','',NULL,NULL,'',NULL,21);
INSERT INTO "ressources_healthcenter" VALUES(782,'MFP  Mut des Aff. Etrangeres CRETEIL','0533','533','026','True','941',1,'Le Palatino','17 avenue de Choisy','75640','PARIS CEDEX 13','0821 089 000 - 0,12/mn','',NULL,NULL,'',NULL,21);
INSERT INTO "ressources_healthcenter" VALUES(783,'MFP  Mut des Aff. Etrangeres EVRY','0533','533','026','True','911',1,'''le Palatino''','17 avenue de Choisy ','75640','PARIS  CEDEX 13','0821 089 000 - 0,12/mn','',NULL,NULL,'',NULL,21);
INSERT INTO "ressources_healthcenter" VALUES(784,'MFP  Mut des Aff. Etrangeres NANTERRE','0533','533','026','True','921',1,'Le Palatino','17 avenue de Choisy','75640','PARIS CEDEX 13','0821 089 000 - 0,12/mn','',NULL,NULL,'',NULL,21);
INSERT INTO "ressources_healthcenter" VALUES(785,'MFP  Mut des Aff. Etrangeres PARIS','0533','533','026','True','751',1,'''le Palatino''','17 avenue de Choisy ','75640','PARIS  CEDEX 13','0821 089 000 - 0,12/mn','',NULL,NULL,'',NULL,21);
INSERT INTO "ressources_healthcenter" VALUES(786,'MFP  Mut des Aff. Etrangeres VERSAILLES','0533','533','026','True','781',1,'''le Palatino''','17 avenue de Choisy ','75640','PARIS CEDEX 13','0821 089 000 - 0,12/mn','',NULL,NULL,'',NULL,21);
INSERT INTO "ressources_healthcenter" VALUES(787,'MFP  Mut des Caisses de D&C BOBIGNY','0518','518','026','True','931',1,'Le Palatino','17 avenue de Choisy','75640','PARIS CEDEX 13','0821 089 000 - 0,12/mn','',NULL,NULL,'',NULL,21);
INSERT INTO "ressources_healthcenter" VALUES(788,'MFP  Mut des Caisses de D&C CERGY-PONTOISE','0518','518','026','True','951',1,'Le Palatino','17 avenue de Choisy','75640','PARIS CEDEX 13','0821 089 000 - 0,12/mn','',NULL,NULL,'',NULL,21);
INSERT INTO "ressources_healthcenter" VALUES(789,'MFP  Mut des Caisses de D&C CRETEIL','0518','518','026','True','941',1,'Le Palatino','17 avenue de Choisy','75640','PARIS CEDEX 13','0821 089 000 - 0,12/mn','',NULL,NULL,'',NULL,21);
INSERT INTO "ressources_healthcenter" VALUES(790,'MFP  Mut des Caisses de D&C EVRY','0518','518','026','True','911',1,'''le Palatino''','17 avenue de Choisy ','75640','PARIS  CEDEX 13','0821 089 000 - 0,12/mn','',NULL,NULL,'',NULL,21);
INSERT INTO "ressources_healthcenter" VALUES(791,'MFP  Mut des Caisses de D&C NANTERRE','0518','518','026','True','921',1,'Le Palatino','17 avenue de Choisy','75640','PARIS CEDEX 13','0821 089 000 - 0,12/mn','',NULL,NULL,'',NULL,21);
INSERT INTO "ressources_healthcenter" VALUES(792,'MFP  Mut des Caisses de D&C PARIS','0518','518','026','True','751',1,'''le Palatino''','17 avenue de Choisy ','75640','PARIS  CEDEX 13','0821 089 000 - 0,12/mn','',NULL,NULL,'',NULL,21);
INSERT INTO "ressources_healthcenter" VALUES(793,'MFP  Mut des Caisses de D&C VERSAILLES','0518','518','026','True','781',1,'''le Palatino''','17 avenue de Choisy ','75640','PARIS  CEDEX 13','0821 089 000 - 0,12/mn','',NULL,NULL,'',NULL,21);
INSERT INTO "ressources_healthcenter" VALUES(794,'MFP  Mutuelle des Douanes BOBIGNY','0513','513','026','True','931',1,'Le Palatino','17 avenue de Choisy','75640','PARIS CEDEX 13','0821 089 000 - 0,12/mn','',NULL,NULL,'',NULL,21);
INSERT INTO "ressources_healthcenter" VALUES(795,'MFP  Mutuelle des Douanes CERGY-PONTOISE','0513','513','026','True','951',1,'Le Palatino','17 avenue de Choisy','75640','PARIS CEDEX 13','0821 089 000 - 0,12/mn','',NULL,NULL,'',NULL,21);
INSERT INTO "ressources_healthcenter" VALUES(796,'MFP  Mutuelle des Douanes CRETEIL','0513','513','026','True','941',1,'Le Palatino','17 avenue de Choisy','75640','PARIS CEDEX 13','0821 089 000 - 0,12/mn','',NULL,NULL,'',NULL,21);
INSERT INTO "ressources_healthcenter" VALUES(797,'MFP  Mutuelle des Douanes EVRY','0513','513','026','True','911',1,'''le Palatino''','17 avenue de Choisy ','75640','PARIS  CEDEX 13','0821 089 000 - 0,12/mn','',NULL,NULL,'',NULL,21);
INSERT INTO "ressources_healthcenter" VALUES(798,'MFP  Mutuelle des Douanes NANTERRE','0513','513','026','True','921',1,'Le Palatino','17 avenue de Choisy','75640','PARIS CEDEX 13','0821 089 000 - 0,12/mn','',NULL,NULL,'',NULL,21);
INSERT INTO "ressources_healthcenter" VALUES(799,'MFP  Mutuelle des Douanes PARIS','0513','513','026','True','751',1,'''le Palatino''','17 avenue de Choisy ','75640','PARIS  CEDEX 13','0821 089 000 - 0,12/mn','',NULL,NULL,'',NULL,21);
INSERT INTO "ressources_healthcenter" VALUES(800,'MFP  Mutuelle des Douanes VERSAILLES','0513','513','026','True','781',1,'''le Palatino''','17 avenue de Choisy ','75640','PARIS  CEDEX 13','0821 089 000 - 0,12/mn','',NULL,NULL,'',NULL,21);
INSERT INTO "ressources_healthcenter" VALUES(801,'MFP  Mutuelle du Tresor BOBIGNY','0511','514','026','True','931',1,'Le Palatino','17 avenue de Choisy','75640','PARIS CEDEX 13','0821 089 000 - 0,12/mn','',NULL,NULL,'',NULL,21);
INSERT INTO "ressources_healthcenter" VALUES(802,'MFP  Mutuelle du Tresor CERGY-PONTOISE','0511','514','026','True','951',1,'Le Palatino','17 avenue de Choisy','75640','PARIS CEDEX 13','0821 089 000 - 0,12/mn','',NULL,NULL,'',NULL,21);
INSERT INTO "ressources_healthcenter" VALUES(803,'MFP  Mutuelle du Tresor CRETEIL','0511','514','026','True','941',1,'Le Palatino','17 avenue de Choisy','75640','PARIS CEDEX 13','0821 089 000 - 0,12/mn','',NULL,NULL,'',NULL,21);
INSERT INTO "ressources_healthcenter" VALUES(804,'MFP  Mutuelle du Tresor EVRY','0511','514','026','True','911',1,'''le Palatino''','17 avenue de Choisy ','75640','PARIS  CEDEX 13','0821 089 000 - 0,12/mn','',NULL,NULL,'',NULL,21);
INSERT INTO "ressources_healthcenter" VALUES(805,'MFP  Mutuelle du Tresor NANTERRE','0511','514','026','True','921',1,'Le Palatino','17 avenue de Choisy','75640','PARIS CEDEX 13','0821 089 000 - 0,12/mn','',NULL,NULL,'',NULL,21);
INSERT INTO "ressources_healthcenter" VALUES(806,'MFP  Mutuelle du Tresor PARIS','0511','514','026','True','751',1,'''le Palatino''','17 avenue de Choisy ','75640','PARIS  CEDEX 13','0821 089 000 - 0,12/mn','',NULL,NULL,'',NULL,21);
INSERT INTO "ressources_healthcenter" VALUES(807,'MFP  Mutuelle du Tresor VERSAILLES','0511','514','026','True','781',1,'''le Palatino''','17 avenue de Choisy ','75640','PARIS CEDEX 13','0821 089 000 - 0,12/mn','',NULL,NULL,'',NULL,21);
INSERT INTO "ressources_healthcenter" VALUES(808,'MFP  NANCY','0599','542','026','True','542',1,'Centre Commercial Montet-Europe ','164 avenue du Général Leclerc ','54500','VANDOEUVRE-LES-NANCY ','0821 089 000 - 0,12/mn','03 83 51 86 87',NULL,NULL,'',NULL,21);
INSERT INTO "ressources_healthcenter" VALUES(809,'MFP  NANTES','0599','441','026','True','441',1,'6 rue de Saint Servan ','','44807','SAINT-HERBLAIN  CEDEX','0821 089 000 - 0,12/mn','02 51 80 60 60',NULL,NULL,'',NULL,21);
INSERT INTO "ressources_healthcenter" VALUES(810,'MFP  NEVERS','0599','581','026','True','581',1,'15, rue Saint Martin','Résidence les Arcades BP 518','58005','NEVERS CEDEX','0821 089 000 - 0,12/mn','03.86.71.96.88',NULL,NULL,'',NULL,21);
INSERT INTO "ressources_healthcenter" VALUES(811,'MFP  NICE','0599','061','026','True','061',1,'Le Parnasse','8 avenue Baquis BP 1579','06010','NICE CÉDEX 01','0821 089 000 - 0,12/mn','04 92 14 42 29',NULL,NULL,'',NULL,21);
INSERT INTO "ressources_healthcenter" VALUES(812,'MFP  NIMES','0599','301','026','True','301',1,'Immeuble le Massillon','7, rue de St Gilles','30039','Nîmes  1','0821 089 000 - 0,12/mn','04.66.04.72.91',NULL,NULL,'',NULL,21);
INSERT INTO "ressources_healthcenter" VALUES(813,'MFP  NIORT','0599','791','026','True','791',1,'Résidence Duguesclin','28 rue du Bas Paradis BP 8731','79027','NIORT  CÉDEX 9','0821 089 000 - 0,12/mn','05 49 77 18 09',NULL,NULL,'',NULL,21);
INSERT INTO "ressources_healthcenter" VALUES(814,'MFP  ORLEANS','0599','451','026','True','451',1,'122 bis Faubourg St Jean','BP 2035','45010','ORLEANS 1','0821 089 000 - 0,12/mn','02.38.70.54.66',NULL,NULL,'',NULL,21);
INSERT INTO "ressources_healthcenter" VALUES(815,'MFP  PAU','0599','642','026','True','642',1,'9 rue des Gouverneurs','BP 102 ','64101','BAYONNE  CÉDEX ','0821 089 000 - 0,12/mn','05 59 46 01 53',NULL,NULL,'',NULL,21);
INSERT INTO "ressources_healthcenter" VALUES(816,'MFP  PERIGUEUX','0599','241','026','True','241',1,'3 rue Pablo Picasso','BP 830','24108','BERGERAC  CÉDEX','0821 089 000 - 0,12/mn','05 53 63 17 29',NULL,NULL,'',NULL,21);
INSERT INTO "ressources_healthcenter" VALUES(817,'MFP  PERPIGNAN','0599','661','026','True','661',1,'55 avenue Victor Dalbiez ','','66027','PERPIGNAN  CEDEX','0821 089 000 - 0,12/mn','04 68 56 48 68',NULL,NULL,'',NULL,21);
INSERT INTO "ressources_healthcenter" VALUES(818,'MFP  POINTE A PITRE','0599','971','026','True','971',1,'Immeuble Foumi ','Voie verte Garry ','97122','BAIE MAHAULT','0821 089 000 - 0,12/mn','05 90 91 04 16',NULL,NULL,'',NULL,21);
INSERT INTO "ressources_healthcenter" VALUES(819,'MFP  POITIERS','0599','861','026','True','861',1,'Les Héliotropes ','8 allée du Nivernais ','86036','POTIERS  CEDEX','0821 089 000 - 0,12/mn','05 49 01 77 10',NULL,NULL,'',NULL,21);
INSERT INTO "ressources_healthcenter" VALUES(820,'MFP  PRIVAS','0599','072','026','True','072',1,'7 av Clément Faugier  ','BP 406 ','07004','PRIVAS CEDEX','0821 089 000 - 0,12/mn','04 75 66 39 54',NULL,NULL,'',NULL,21);
INSERT INTO "ressources_healthcenter" VALUES(821,'MFP  QUIMPER','0599','292','026','True','292',1,'20 av de Limerick ','','29332','QUIMPER  CEDEX 9','0821 089 000 - 0,12/mn','02 98 64 70 60',NULL,NULL,'',NULL,21);
INSERT INTO "ressources_healthcenter" VALUES(822,'MFP  REIMS','0599','511','026','True','511',1,'7 rue du Gantelet ','','51000','CHALONS-EN-CHAMPAGNE','0821 089 000 - 0,12/mn','03 26 21 73 29',NULL,NULL,'',NULL,21);
INSERT INTO "ressources_healthcenter" VALUES(823,'MFP  RENNES','0599','351','026','True','351',1,'1, rue Raoul PONCHON','CS 34424','35044','Rennes Cédex','0821 089 000 - 0,12/mn','02.23.21.05.81',NULL,NULL,'',NULL,21);
INSERT INTO "ressources_healthcenter" VALUES(824,'MFP  ROANNE','0599','421','026','True','421',1,'4 rue d''Arcole ','','42021','SAINT ETIENNE  CEDEX 1','0821 089 000 - 0,12/mn','04 77 49 64 59',NULL,NULL,'',NULL,21);
INSERT INTO "ressources_healthcenter" VALUES(825,'MFP  RODEZ','0599','121','026','True','121',1,'7 rue Saint Cyrice ','BP 3509 ','12035','RODEZ CEDEX 9','0821 089 000 - 0,12/mn','04 68 71 02 09',NULL,NULL,'',NULL,21);
INSERT INTO "ressources_healthcenter" VALUES(826,'MFP  ROUBAIX','0599','597','026','True','597',1,'Château Rouge ','280 avenue de la Marne ','59849','MARCQ EN BAROEUL   CÉDEX','0821 089 000 - 0,12/mn','03 20 66 17 21',NULL,NULL,'',NULL,21);
INSERT INTO "ressources_healthcenter" VALUES(827,'MFP  ROUEN','0599','764','026','True','764',1,'Immeuble Blaise Pascal','22 place Gadeau de Kerville - BP 1028 ','76171','ROUEN  CÉDEX ','0821 089 000 - 0,12/mn','02 35 62 46 27',NULL,NULL,'',NULL,21);
INSERT INTO "ressources_healthcenter" VALUES(828,'MFP  S.M.A.R. BOBIGNY','0507','507','026','True','931',1,'Le Palatino','17 avenue de Choisy','75640','PARIS CEDEX 13','0821 089 000 - 0,12/mn','',NULL,NULL,'',NULL,21);
INSERT INTO "ressources_healthcenter" VALUES(829,'MFP  S.M.A.R. CERGY-PONTOISE','0507','507','026','True','951',1,'Le Palatino','17 avenue de Choisy','75640','PARIS CEDEX 13','0821 089 000 - 0,12/mn','',NULL,NULL,'',NULL,21);
INSERT INTO "ressources_healthcenter" VALUES(830,'MFP  S.M.A.R. CRETEIL','0507','507','026','True','941',1,'Le Palatino','17 avenue de Choisy','75640','PARIS CEDEX 13','0821 089 000 - 0,12/mn','',NULL,NULL,'',NULL,21);
INSERT INTO "ressources_healthcenter" VALUES(831,'MFP  S.M.A.R. EVRY','0507','507','026','True','911',1,'''le Palatino''','17 avenue de Choisy ','75640','PARIS  CEDEX 13','0821 089 000 - 0,12/mn','',NULL,NULL,'',NULL,21);
INSERT INTO "ressources_healthcenter" VALUES(832,'MFP  S.M.A.R. NANTERRE','0507','507','026','True','921',1,'Le Palatino','17 avenue de Choisy','75640','PARIS CEDEX 13','0821 089 000 - 0,12/mn','',NULL,NULL,'',NULL,21);
INSERT INTO "ressources_healthcenter" VALUES(833,'MFP  S.M.A.R. PARIS','0507','507','026','True','751',1,'''le Palatino''','17 avenue de Choisy ','75640','PARIS  CEDEX 13','0821 089 000 - 0,12/mn','',NULL,NULL,'',NULL,21);
INSERT INTO "ressources_healthcenter" VALUES(834,'MFP  S.M.A.R. VERSAILLES','0507','507','026','True','781',1,'153 avenue d''Italie','','75013','PARIS ','0821 089 000 - 0,12/mn','01 56 61 55 56',NULL,NULL,'',NULL,21);
INSERT INTO "ressources_healthcenter" VALUES(835,'MFP  SAINT DENIS','0599','974','026','True','974',1,'2 allée Bonnier','BP 794','97476','SAINT DENIS  CÉDEX','0821 089 000 - 0,12/mn','02 62 41 51 70',NULL,NULL,'',NULL,21);
INSERT INTO "ressources_healthcenter" VALUES(836,'MFP  SARREGUEMINES','0599','572','026','True','572',1,'2 rue Maurice Barres ','BP 744 ','57011','METZ  CÉDEX ','0821 089 000 - 0,12/mn','03 87 75 82 78',NULL,NULL,'',NULL,21);
INSERT INTO "ressources_healthcenter" VALUES(837,'MFP  SELESTAT','0599','672','026','True','672',1,'18 rue Contades','BP 112 ','67303','SCHILTIGHEIM  CEDEX ','0821 089 000 - 0,12/mn','03 88 62 87 27',NULL,NULL,'',NULL,21);
INSERT INTO "ressources_healthcenter" VALUES(838,'MFP  SRI BOBIGNY','0599','599','026','True','931',1,'Le Palatino','17 avenue de Choisy','75640','PARIS CEDEX 13','0821 089 000 - 0,12/mn','',NULL,NULL,'',NULL,21);
INSERT INTO "ressources_healthcenter" VALUES(839,'MFP  SRI CERGY PONTOISE','0599','599','026','True','951',1,'Le Palatino','17 avenue de Choisy','75640','PARIS CEDEX 13','0821 089 000 - 0,12/mn','',NULL,NULL,'',NULL,21);
INSERT INTO "ressources_healthcenter" VALUES(840,'MFP  SRI CRETEIL','0599','599','026','True','941',1,'Le Palatino','17 avenue de Choisy','75640','PARIS CEDEX 13','0821 089 000 - 0,12/mn','',NULL,NULL,'',NULL,21);
INSERT INTO "ressources_healthcenter" VALUES(841,'MFP  SRI EVRY','0599','599','026','True','911',1,'''le Palatino''','17 avenue de Choisy ','75640','PARIS  CEDEX 13','0821 089 000 - 0,12/mn','',NULL,NULL,'',NULL,21);
INSERT INTO "ressources_healthcenter" VALUES(842,'MFP  SRI NANTERRE','0599','599','026','True','921',1,'Le Palatino','17 avenue de Choisy','75640','PARIS CEDEX 13','0821 089 000 - 0,12/mn','',NULL,NULL,'',NULL,21);
INSERT INTO "ressources_healthcenter" VALUES(843,'MFP  SRI PARIS','0599','599','026','True','751',1,'''le Palatino''','17 avenue de Choisy ','75640','PARIS  CEDEX 13','0821 089 000 - 0,12/mn','',NULL,NULL,'',NULL,21);
INSERT INTO "ressources_healthcenter" VALUES(844,'MFP  SRI VERSAILLES','0599','599','026','True','781',1,'''le Palatino''','17 avenue de Choisy ','75640','PARIS CEDEX 13 ','0821 089 000 - 0,12/mn','',NULL,NULL,'',NULL,21);
INSERT INTO "ressources_healthcenter" VALUES(845,'MFP  ST BRIEUC','0599','221','026','True','221',1,'2 rue Gaston Ramon','','22016','SAINT BRIEUC','0821 089 000 - 0,12/mn','',NULL,NULL,'',NULL,21);
INSERT INTO "ressources_healthcenter" VALUES(846,'MFP  ST ETIENNE','0599','422','026','True','422',1,'4 rue d''Arcole ','','42021','SAINT ETIENNE  CEDEX 1','0821 089 000 - 0,12/mn','04 77 49 64 59',NULL,NULL,'',NULL,21);
INSERT INTO "ressources_healthcenter" VALUES(847,'MFP  ST LO','0599','501','026','True','501',1,'490 rue Dunant ','BP 220 ','50010','SAINT LO  CEDEX','0821 089 000 - 0,12/mn','02 33 77 18 10',NULL,NULL,'',NULL,21);
INSERT INTO "ressources_healthcenter" VALUES(848,'MFP  ST NAZAIRE','0599','442','026','True','442',1,'6 rue de Saint Servan ','','44807','SAINT-HERBLAIN  CEDEX','0821 089 000 - 0,12/mn','02 51 80 60 60',NULL,NULL,'',NULL,21);
INSERT INTO "ressources_healthcenter" VALUES(849,'MFP  ST QUENTIN','0599','022','026','True','022',1,'Résidence Fontaine Saint Just ','3 rue Nestor Gréhant ','02007','LAON  CÉDEX','0821 089 000 - 0,12/mn','',NULL,NULL,'',NULL,21);
INSERT INTO "ressources_healthcenter" VALUES(850,'MFP  STRASBOURG','0599','673','026','True','673',1,'18 rue Contades - ','BP 112 ','67303','SCHILTIGHEIM  CEDEX ','0821 089 000 - 0,12/mn','03 88 62 87 27',NULL,NULL,'',NULL,21);
INSERT INTO "ressources_healthcenter" VALUES(851,'MFP  TARBES','0599','651','026','True','651',1,'50 rue Larrey','BP 929','65009','TARBES  CEDEX','0821 089 000 - 0,12/mn','05 62 93 63 45',NULL,NULL,'',NULL,21);
INSERT INTO "ressources_healthcenter" VALUES(852,'MFP  THIONVILLE','0599','573','026','True','573',1,'2 rue Maurice Barres','BP 744 ','57011','METZ  CÉDEX ','0821 089 000 - 0,12/mn','03 87 75 82 78',NULL,NULL,'',NULL,21);
INSERT INTO "ressources_healthcenter" VALUES(853,'MFP  TOULON','0599','831','026','True','831',1,'IMMEUBLE L''Eglantine','287 Avenue des Iles d''Or prolongée','83100','TOULON','0821 089 000 - 0,12/mn','04 94 20 94 91',NULL,NULL,'',NULL,21);
INSERT INTO "ressources_healthcenter" VALUES(854,'MFP  TOULOUSE','0599','311','026','True','311',1,'57 rue Bayard ','BP 7052 ','31069','TOULOUSE  CEDEX 7','0821 089 000 - 0,12/mn','05 62 73 32 22',NULL,NULL,'',NULL,21);
INSERT INTO "ressources_healthcenter" VALUES(855,'MFP  TOURCOING','0599','598','026','True','598',1,'Château Rouge ','280 avenue de la Marne ','59849','MARCQ EN BAROEUL  CÉDEX ','0821 089 000 - 0,12/mn','03 20 66 17 21',NULL,NULL,'',NULL,21);
INSERT INTO "ressources_healthcenter" VALUES(856,'MFP  TOURS','0599','371','026','True','371',1,'4 RUE Albert Dennery  ','BP2749','37027','TOURS  CEDEX 1','0821 089 000 - 0,12/mn','02 47 64 70 05',NULL,NULL,'',NULL,21);
INSERT INTO "ressources_healthcenter" VALUES(857,'MFP  TROYES','0599','101','026','True','101',1,'19 RUE DU Général de Gaulle ','BP 251 ','10007','TROYES','0821 089 000 - 0,12/mn','03 25 43 56 40',NULL,NULL,'',NULL,21);
INSERT INTO "ressources_healthcenter" VALUES(858,'MFP  TULLE','0599','191','026','True','191',1,'25 QUAI Gabriel Péri Centre 19000 ','BP 110 ','19003','TULLE  CEDEX','0821 089 000 - 0,12/mn','05 55 20 21 28',NULL,NULL,'',NULL,21);
INSERT INTO "ressources_healthcenter" VALUES(859,'MFP  VALENCE','0599','261','026','True','261',1,'Le Forum - 7 avenue de Verdun','BP 927','26009','VALENCE  CEDEX','0821 089 000 - 0,12/mn','04 75 78 12 34',NULL,NULL,'',NULL,21);
INSERT INTO "ressources_healthcenter" VALUES(860,'MFP  VALENCIENNES','0599','599','026','True','599',1,'Château Rouge ','280 avenue de la Marne ','59849','MARCQ EN BAROEUL  CÉDEX ','0821 089 000 - 0,12/mn','03 20 66 17 21',NULL,NULL,'',NULL,21);
INSERT INTO "ressources_healthcenter" VALUES(861,'MFP  VANNES','0599','561','026','True','561',1,'18 rue Bécel ','BP 328 ','56018','VANNES  CEDEX','0821 089 000 - 0,12/mn','02 97 63 97 08',NULL,NULL,'',NULL,21);
INSERT INTO "ressources_healthcenter" VALUES(862,'MFP  VESOUL','0599','701','026','True','701',1,'33, rue de la banque','','70000','VESOUL','0821 089 000 - 0,12/mn','03-84-76-08-31',NULL,NULL,'',NULL,21);
INSERT INTO "ressources_healthcenter" VALUES(863,'MFP  VIENNE','0599','382','026','True','382',1,'4 rue du Général Ferrié','','38029','GRENOBLE  CÉDEX 2 ','0821 089 000 - 0,12/mn','04 76 47 95 65',NULL,NULL,'',NULL,21);
INSERT INTO "ressources_healthcenter" VALUES(864,'MFP  VILLEFRANCHE SUR SAONE','0599','692','026','True','692',1,'153 rue de Créqui','','69454','LYON  CÉDEX 06 ','0821 089 000 - 0,12/mn','04 72 75 54 99 ',NULL,NULL,'',NULL,21);
INSERT INTO "ressources_healthcenter" VALUES(865,'MGEL Colmar','0617','684','138','True','681',1,'1 r Alfred Werner ','','68200','MULHOUSE ','03 89 33 64 57','03 89 33 64 59',NULL,NULL,'',NULL,24);
INSERT INTO "ressources_healthcenter" VALUES(866,'MGEL Epinal','0617','883','138','True','881',1,'18 quai Musée ','','88000','EPINAL ','03 29 82 55 82','03 29 82 49 39',NULL,NULL,'',NULL,24);
INSERT INTO "ressources_healthcenter" VALUES(867,'MGEL Longwy','0617','546','138','True','541',1,'44 cours Léopold  ','','54000','NANCY','03 83 30 03 00','03 83 35 24 81',NULL,NULL,'',NULL,24);
INSERT INTO "ressources_healthcenter" VALUES(868,'MGEL Metz','0617','576','138','True','571',1,' 11 bd Robert Serot ','','57000','METZ ','03 87 30 34 14','03 87 30 52 40',NULL,NULL,'',NULL,24);
INSERT INTO "ressources_healthcenter" VALUES(869,'MGEL Mulhouse','0617','686','138','True','682',1,'1 r Alfred Werner ','','68200','MULHOUSE','03 89 33 64 57','03 89 33 64 59',NULL,NULL,'',NULL,24);
INSERT INTO "ressources_healthcenter" VALUES(870,'MGEL Nancy','0617','547','138','True','542',1,'44 cours Léopold ','','54000','NANCY ','03 83 30 03 00','03 83 35 24 81',NULL,NULL,'',NULL,24);
INSERT INTO "ressources_healthcenter" VALUES(871,'MGEL Reims','0617','512','138','True','511',1,'49 r Houzeau Muiron ','','51100','REIMS ','03 26 88 62 46','03 26 84 90 03',NULL,NULL,'',NULL,24);
INSERT INTO "ressources_healthcenter" VALUES(872,'MGEL Sarreguemines','0617','577','138','True','572',1,'11 bd Robert Serot ','','57000','METZ ','03 87 30 34 14','03 87 30 52 40',NULL,NULL,'',NULL,24);
INSERT INTO "ressources_healthcenter" VALUES(873,'MGEL Selestat','0617','675','138','True','672',1,'4 r Londres ','','67000','STRASBOURG ','03 88 60 26 26','03 88 61 86 25',NULL,NULL,'',NULL,24);
INSERT INTO "ressources_healthcenter" VALUES(874,'MGEL Strasbourg','0617','676','138','True','673',1,'4 r Londres ','','67000','STRASBOURG','03 88 60 26 26','03 88 61 86 25',NULL,NULL,'',NULL,24);
INSERT INTO "ressources_healthcenter" VALUES(875,'MGEL Thionville','0617','578','138','True','573',1,'11 bd Robert Serot ','','57000','METZ ','03 87 30 34 14','03 87 30 52 40',NULL,NULL,'',NULL,24);
INSERT INTO "ressources_healthcenter" VALUES(876,'MGEN AIN','0506','011','007','True','011',1,'9 rue Chateaubriand','','01020','BOURG EN BRESSE CEDEX','04.74.50.40.40','04.74.45.20.76',NULL,NULL,'',NULL,18);
INSERT INTO "ressources_healthcenter" VALUES(877,'MGEN AISNE','0506','021','007','True','021',1,'1 rue Fernand Thuillart','','02017','LAON CÉDEX','03.23.27.31.40','03.23.79.65.82',NULL,NULL,'',NULL,18);
INSERT INTO "ressources_healthcenter" VALUES(878,'MGEN ALLIER','0506','031','007','True','031',1,'BP 1723','','03017','MOULIN CEDEX','04 70 44 19 67','04 70 46 18 07',NULL,NULL,'',NULL,18);
INSERT INTO "ressources_healthcenter" VALUES(879,'MGEN ALPES DE HAUTE PROVENCE','0506','041','007','True','041',1,'13 rue des Cabanons','','04018','DIGNE LES BAINS CEDEX','04 92 30 86 86','04 92 30 86 83',NULL,NULL,'',NULL,18);
INSERT INTO "ressources_healthcenter" VALUES(880,'MGEN ALPES MARITIMES','0506','061','007','True','061',1,'39 rue Trachel','','06053','NICE  CEDEX 1','04 93 88 77 11','04 93 87 85 51',NULL,NULL,'',NULL,18);
INSERT INTO "ressources_healthcenter" VALUES(881,'MGEN ANNONAY','0506','071','007','True','071',1,'','','','','','',NULL,NULL,'',NULL,18);
INSERT INTO "ressources_healthcenter" VALUES(882,'MGEN ARDECHE','0506','072','007','True','072',1,'Avenue Général Leclerc','B.P. 214','07002','PRIVAS CEDEX','04 75 65 88 00','04 75 64 17 45',NULL,NULL,'',NULL,18);
INSERT INTO "ressources_healthcenter" VALUES(883,'MGEN ARDENNES','0506','081','007','True','081',1,'26, rue des Tambours','BP 86','08002','CHARLEVILLE- MEZIERES Cedex','03 24 58 61 38','03 24 33 51 33',NULL,NULL,'',NULL,18);
INSERT INTO "ressources_healthcenter" VALUES(884,'MGEN ARIEGE','0506','091','007','True','091',1,'','BP 56   ','09008','FOIX CEDEX','05 61 65 40 11','05 61 02 66 26',NULL,NULL,'',NULL,18);
INSERT INTO "ressources_healthcenter" VALUES(885,'MGEN ARMENTIERES','0506','591','007','True','591',1,'','','','','','',NULL,NULL,'',NULL,18);
INSERT INTO "ressources_healthcenter" VALUES(886,'MGEN ARRAS','0506','621','007','True','621',1,'6 av du Maréchal Koenig','','62025','ARRAS CEDEX','','',NULL,NULL,'',NULL,18);
INSERT INTO "ressources_healthcenter" VALUES(887,'MGEN AUBE','0506','101','007','True','101',1,'','BP 45','10122',' ST ANDRE LES VERGERS  CEDEX','03 25 82 14 86','03 25 82 00 16',NULL,NULL,'',NULL,18);
INSERT INTO "ressources_healthcenter" VALUES(888,'MGEN AUDE','0506','111','007','True','111',1,'','','','','','',NULL,NULL,'',NULL,18);
INSERT INTO "ressources_healthcenter" VALUES(889,'MGEN AVEYRON','0506','121','007','True','121',1,'','','','','','',NULL,NULL,'',NULL,18);
INSERT INTO "ressources_healthcenter" VALUES(890,'MGEN BAS RHIN','0506','673','007','True','673',1,'Rue Henri Bergson ','','67096','STRASBOURG CEDEX','03 88 26 30 66','03 88 27 15 37',NULL,NULL,'',NULL,18);
INSERT INTO "ressources_healthcenter" VALUES(891,'MGEN BEZIERS','0506','341','007','True','341',1,'','','','','','',NULL,NULL,'',NULL,18);
INSERT INTO "ressources_healthcenter" VALUES(892,'MGEN BOUCHES DU RHONE','0506','131','007','True','131',1,'','','','','','',NULL,NULL,'',NULL,18);
INSERT INTO "ressources_healthcenter" VALUES(893,'MGEN BOULOGNE SUR MER','0506','622','007','True','622',1,'','','','','','',NULL,NULL,'',NULL,18);
INSERT INTO "ressources_healthcenter" VALUES(894,'MGEN CALVADOS','0506','141','007','True','141',1,'','','','','','',NULL,NULL,'',NULL,18);
INSERT INTO "ressources_healthcenter" VALUES(895,'MGEN CAMBRAI','0506','592','007','True','592',1,'','','','','','',NULL,NULL,'',NULL,18);
INSERT INTO "ressources_healthcenter" VALUES(896,'MGEN CANTAL','0506','151','007','True','151',1,'','','','','','',NULL,NULL,'',NULL,18);
INSERT INTO "ressources_healthcenter" VALUES(897,'MGEN CHARENTE','0506','161','007','True','161',1,'','','','','','',NULL,NULL,'',NULL,18);
INSERT INTO "ressources_healthcenter" VALUES(898,'MGEN CHARENTE MARITIME','0506','171','007','True','171',1,'','','','','','',NULL,NULL,'',NULL,18);
INSERT INTO "ressources_healthcenter" VALUES(899,'MGEN CHER','0506','181','007','True','181',1,'','','','','','',NULL,NULL,'',NULL,18);
INSERT INTO "ressources_healthcenter" VALUES(900,'MGEN CHOLET','0506','492','007','True','492',1,'','','','','','',NULL,NULL,'',NULL,18);
INSERT INTO "ressources_healthcenter" VALUES(901,'MGEN COLMAR','0506','681','007','True','681',1,'','','','','','',NULL,NULL,'',NULL,18);
INSERT INTO "ressources_healthcenter" VALUES(902,'MGEN CORREZE','0506','191','007','True','191',1,'','','','','','',NULL,NULL,'',NULL,18);
INSERT INTO "ressources_healthcenter" VALUES(903,'MGEN CORSE DU SUD','0506','201','007','True','201',1,'','','','','','',NULL,NULL,'',NULL,18);
INSERT INTO "ressources_healthcenter" VALUES(904,'MGEN COTE D OR','0506','211','007','True','211',1,'','','','','','',NULL,NULL,'',NULL,18);
INSERT INTO "ressources_healthcenter" VALUES(905,'MGEN COTES D ARMOR','0506','221','007','True','221',1,'','','','','','',NULL,NULL,'',NULL,18);
INSERT INTO "ressources_healthcenter" VALUES(906,'MGEN CREIL','0506','602','007','True','602',1,'','','','','','',NULL,NULL,'',NULL,18);
INSERT INTO "ressources_healthcenter" VALUES(907,'MGEN CREUSE','0506','231','007','True','231',1,'','','','','','',NULL,NULL,'',NULL,18);
INSERT INTO "ressources_healthcenter" VALUES(908,'MGEN DEUX SEVRES','0506','791','007','True','791',1,'','BP 3400','79012','NIORT  CEDEX','05 49 79 04 80','05 49 06 91 89',NULL,NULL,'',NULL,18);
INSERT INTO "ressources_healthcenter" VALUES(909,'MGEN DIEPPE','0506','761','007','True','761',1,'','','','','','',NULL,NULL,'',NULL,18);
INSERT INTO "ressources_healthcenter" VALUES(910,'MGEN DORDOGNE','0506','241','007','True','241',1,'','','','','','',NULL,NULL,'',NULL,18);
INSERT INTO "ressources_healthcenter" VALUES(911,'MGEN DOUAI','0506','593','007','True','593',1,'','','','','','',NULL,NULL,'',NULL,18);
INSERT INTO "ressources_healthcenter" VALUES(912,'MGEN DOUBS','0506','251','007','True','251',1,'','','','','','',NULL,NULL,'',NULL,18);
INSERT INTO "ressources_healthcenter" VALUES(913,'MGEN DROME','0506','261','007','True','261',1,'89 rue Latécoere','','26951','VALENCE  CEDEX 9','04 75 78 49 10','04 75 42 75 82',NULL,NULL,'',NULL,18);
INSERT INTO "ressources_healthcenter" VALUES(914,'MGEN ELBEUF','0506','762','007','True','762',1,'','','','','','',NULL,NULL,'',NULL,18);
INSERT INTO "ressources_healthcenter" VALUES(915,'MGEN ESSONNE','0506','911','007','True','911',1,'6 bis avenue Joseph Rollo','','78320','LA VERRIERE','01 30 13 72 00','01 30 13 72 39',NULL,NULL,'',NULL,18);
INSERT INTO "ressources_healthcenter" VALUES(916,'MGEN EURE','0506','271','007','True','271',1,'','33 ter, avenue Aristide BRIAND','27936','GRAVIGNY Cedex','0232398020','0232393234',NULL,NULL,'',NULL,18);
INSERT INTO "ressources_healthcenter" VALUES(917,'MGEN EURE ET LOIR','0506','281','007','True','281',1,'','BP 110','28114','LUCE  CEDEX','02 37 88 19 40 ','02 37 91 10 65',NULL,NULL,'',NULL,18);
INSERT INTO "ressources_healthcenter" VALUES(918,'MGEN FINISTERE','0506','291','007','True','291',1,'20 rue de la Tourelle','','29333','QUIMPER  CEDEX','02 98 64 12 64','02 98 64 12 50',NULL,NULL,'',NULL,18);
INSERT INTO "ressources_healthcenter" VALUES(919,'MGEN GARD','0506','301','007','True','301',1,'183 rue Guy de Maupassant','','30019','NIMES  CEDEX 9','04 66 29 96 54','04 66 38 04 54',NULL,NULL,'',NULL,18);
INSERT INTO "ressources_healthcenter" VALUES(920,'MGEN GERS','0506','321','007','True','321',1,'17 rue Lafayette','','32020','AUCH  CEDEX 9','05 62 60 10 00','05 62 63 04 12',NULL,NULL,'',NULL,18);
INSERT INTO "ressources_healthcenter" VALUES(921,'MGEN GIRONDE','0506','331','007','True','331',1,'185 boulevard Maréchal Leclerc ','','33051','BORDEAUX  CEDEX','05 57 01 56 66','05 57 01 56 67',NULL,NULL,'',NULL,18);
INSERT INTO "ressources_healthcenter" VALUES(922,'MGEN GUADELOUPE','0506','971','007','True','971',1,'Morne Miquel','','97159','POINTE A PITRE  CEDEX','05 90 82 13 68','05 90 91 71 17',NULL,NULL,'',NULL,18);
INSERT INTO "ressources_healthcenter" VALUES(923,'MGEN GUYANE','0506','973','007','True','973',1,'2844 route de Montabo','B.P. 9','97321','CAYENNE  CEDEX','0594 29 36 00','0594 31 99 31',NULL,NULL,'',NULL,18);
INSERT INTO "ressources_healthcenter" VALUES(924,'MGEN HAGUENEAU','0506','671','007','True','671',1,'','','','','','',NULL,NULL,'',NULL,18);
INSERT INTO "ressources_healthcenter" VALUES(925,'MGEN HAUT RHIN','0506','682','007','True','682',1,'','BP 2429','68067','MULHOUSE  CEDEX','03 89 33 16 94','03 89 42 75 47',NULL,NULL,'',NULL,18);
INSERT INTO "ressources_healthcenter" VALUES(926,'MGEN HAUTE CORSE','0506','202','007','True','202',1,'','','','','','',NULL,NULL,'',NULL,18);
INSERT INTO "ressources_healthcenter" VALUES(927,'MGEN HAUTE GARONNE','0506','311','007','True','311',1,'39 chemin Lafilaire','','31043','TOULOUSE  CEDEX 5','05 61 17 29 29','05 61 17 29 00',NULL,NULL,'',NULL,18);
INSERT INTO "ressources_healthcenter" VALUES(928,'MGEN HAUTE LOIRE','0506','431','007','True','431',1,'Genebret,   ','6 impasse du Viaduc ','43700','BRIVES CHARENSAC','04 71 02 02 86','04 71 02 44 99',NULL,NULL,'',NULL,18);
INSERT INTO "ressources_healthcenter" VALUES(929,'MGEN HAUTE MARNE','0506','521','007','True','521',1,'','BP 562   ','52012','CHAUMONT CEDEX','03 25 03 05 16','03 25 03 84 90',NULL,NULL,'',NULL,18);
INSERT INTO "ressources_healthcenter" VALUES(930,'MGEN HAUTE SAONE','0506','701','007','True','701',1,'176, rue Saint Martin','','70000','VESOUL','03-84-97-11-60','03-84-76-38-59',NULL,NULL,'',NULL,18);
INSERT INTO "ressources_healthcenter" VALUES(931,'MGEN HAUTE SAVOIE','0506','741','007','True','741',1,'','BP 2248','74035','ANNECY  CEDEX','04 50 52 39 76','04 50 45 83 12',NULL,NULL,'',NULL,18);
INSERT INTO "ressources_healthcenter" VALUES(932,'MGEN HAUTE VIENNE','0506','871','007','True','871',1,'','3 Rue Maurice Rollinat','87000','LIMOGES','05.55.43.99.50','05.55.50.47.88',NULL,NULL,'',NULL,18);
INSERT INTO "ressources_healthcenter" VALUES(933,'MGEN HAUTES ALPES','0506','051','007','True','051',1,'BP 128','','05004','GAP CEDEX','04 92 51 32 26','04 92 51 99 18',NULL,NULL,'',NULL,18);
INSERT INTO "ressources_healthcenter" VALUES(934,'MGEN HAUTES PYRENEES','0506','651','007','True','651',1,'','BP 9504','65950','TARBES  CEDEX 9','05 62 38 10 50','05 62 36 31 36',NULL,NULL,'',NULL,18);
INSERT INTO "ressources_healthcenter" VALUES(935,'MGEN HAUTS DE SEINE','0506','921','007','True','921',1,'19-25 rue du Général Galliéni','','92511','BOULOGNE BILLANCOURT  CEDEX','04 46 09 92 76','01 46 20 03 03',NULL,NULL,'',NULL,18);
INSERT INTO "ressources_healthcenter" VALUES(936,'MGEN HERAULT','0506','342','007','True','342',1,'Parc Euromédecine II','','34194','MONTPELLIER  CEDEX 5','04 67 45 70 50','04 67 45 70 69',NULL,NULL,'',NULL,18);
INSERT INTO "ressources_healthcenter" VALUES(937,'MGEN ILLE ET VILAINE','0506','351','007','True','351',1,'','CS 18904','35089','RENNES CEDEX','02.23.36.01.01','02.23.36.00.99',NULL,NULL,'',NULL,18);
INSERT INTO "ressources_healthcenter" VALUES(938,'MGEN INDRE','0506','361','007','True','361',1,'Rue Max Hymans ','','36017','CHATEAUROUX  CEDEX','02 54 34 23 83','02 54 07 52 77',NULL,NULL,'',NULL,18);
INSERT INTO "ressources_healthcenter" VALUES(939,'MGEN INDRE ET LOIRE','0506','371','007','True','371',1,'184 rue du Général Renault','','37912','TOURS  CEDEX 9','02 47 36 44 44','02 47 36 44 45',NULL,NULL,'',NULL,18);
INSERT INTO "ressources_healthcenter" VALUES(940,'MGEN ISERE','0506','381','007','True','381',1,'','BP 95 X','38052','GRENOBLE  CEDEX 9','04 76 22 99 00','04 76 22 49 81',NULL,NULL,'',NULL,18);
INSERT INTO "ressources_healthcenter" VALUES(941,'MGEN JURA','0506','391','007','True','391',1,'480 route de Besançon','','39003','LONS LE SAULNIER  CEDEX','03 84 24 00 94','03 84 24 96 47',NULL,NULL,'',NULL,18);
INSERT INTO "ressources_healthcenter" VALUES(942,'MGEN LANDES','0506','401','007','True','401',1,'455 avenue Eloi Ducom','','40018','MONT DE MARSAN  CEDEX','05 58 85 74 74','05 58 85 74 78',NULL,NULL,'',NULL,18);
INSERT INTO "ressources_healthcenter" VALUES(943,'MGEN LOIR ET CHER','0506','411','007','True','411',1,'11, rue Alsace Lorraine','Boîte Postale 1303','41013','BLOIS','0821 209 041','02 54 90 49 05',NULL,NULL,'',NULL,18);
INSERT INTO "ressources_healthcenter" VALUES(944,'MGEN LOIRE','0506','422','007','True','422',1,'67 rue Jean Parot','','42031','ST ETIENNE  CEDEX','04 77 43 30 00','04 77 32 32 46',NULL,NULL,'',NULL,18);
INSERT INTO "ressources_healthcenter" VALUES(945,'MGEN LOIRE ATLANTIQUE','0506','441','007','True','441',1,'14 rue de l''Aquitaine','','44808','ST HERBLAIN  CEDEX','36 76','02 40 43 39 85',NULL,NULL,'',NULL,18);
INSERT INTO "ressources_healthcenter" VALUES(946,'MGEN LOIRET','0506','451','007','True','451',1,'5 rue Antoine Lavoisier','','45070','ORLEANS  CEDEX 2','02 38 63 34 05','02 38 63 10 99',NULL,NULL,'',NULL,18);
INSERT INTO "ressources_healthcenter" VALUES(947,'MGEN LONGWY','0506','541','007','True','541',1,'','','','','','',NULL,NULL,'',NULL,18);
INSERT INTO "ressources_healthcenter" VALUES(948,'MGEN LOT','0506','461','007','True','461',1,'','BP 239','46020','CAHORS  CEDEX','05 65 53 20 00 ','05 65 53 20 09',NULL,NULL,'',NULL,18);
INSERT INTO "ressources_healthcenter" VALUES(949,'MGEN LOT ET GARONNE','0506','471','007','True','471',1,'36 rue de Barleté','','47911','AGEN  CEDEX 09','05 53 77 46 00','05 53 77 46 01',NULL,NULL,'',NULL,18);
INSERT INTO "ressources_healthcenter" VALUES(950,'MGEN LOZERE','0506','481','007','True','481',1,'','BP 34','48001','MENDE  CEDEX','04 66 65 02 28','04 66 49 38 16',NULL,NULL,'',NULL,18);
INSERT INTO "ressources_healthcenter" VALUES(951,'MGEN MAINE ET LOIRE','0506','491','007','True','491',1,'8 rue de Landemaure ','','48001','MENDE  CEDEX 01','02 41 68 93 93','02 41 68 93 94',NULL,NULL,'',NULL,18);
INSERT INTO "ressources_healthcenter" VALUES(952,'MGEN MANCHE','0506','501','007','True','501',1,'47 avenue de Normandie','','50130','OCTEVILLE','02 33 93 32 44','02 33 93 11 50',NULL,NULL,'',NULL,18);
INSERT INTO "ressources_healthcenter" VALUES(953,'MGEN MARNE','0506','511','007','True','511',1,'2 rue Roger Bouffet','','51041','CHALONS EN CHAMPAGNE  CEDEX','03 26 64 22 23','03 26 21 73 31',NULL,NULL,'',NULL,18);
INSERT INTO "ressources_healthcenter" VALUES(954,'MGEN MARTINIQUE','0506','972','007','True','972',1,'Morne Calebasse','','97200','FORT DE France','05 96 75 18 75','05 96 75 16 46',NULL,NULL,'',NULL,18);
INSERT INTO "ressources_healthcenter" VALUES(955,'MGEN MAUBEUGE','0506','596','007','True','596',1,'','','','','','',NULL,NULL,'',NULL,18);
INSERT INTO "ressources_healthcenter" VALUES(956,'MGEN MAYENNE','0506','531','007','True','531',1,'','BP 1219','53012','LAVAL  CEDEX','02 43 90 76 34','02 43 68 37 90',NULL,NULL,'',NULL,18);
INSERT INTO "ressources_healthcenter" VALUES(957,'MGEN MEURTHE ET MOSELLE','0506','542','007','True','542',1,'7 rue Jacquard ','','54517','VANDOEUVRE NANCY  CEDEX','03 83 50 49 48','03 83 50 49 50',NULL,NULL,'',NULL,18);
INSERT INTO "ressources_healthcenter" VALUES(958,'MGEN MEUSE','0506','551','007','True','551',1,'','BP 528','55012','BAR LE DUC  CEDEX','03 29 79 33 30','03 29 79 97 35',NULL,NULL,'',NULL,18);
INSERT INTO "ressources_healthcenter" VALUES(959,'MGEN MFP MAYOTTE','0501','976','007','True','976',1,'','','','','','',NULL,NULL,'',NULL,18);
INSERT INTO "ressources_healthcenter" VALUES(960,'MGEN MONTBELIARD','0506','252','007','True','252',1,'','','','','','',NULL,NULL,'',NULL,18);
INSERT INTO "ressources_healthcenter" VALUES(961,'MGEN MORBIHAN','0506','561','007','True','561',1,'','BP 324','56018','VANNES  CEDEX','02 97 46 28 20 ','02 97 46 19 68',NULL,NULL,'',NULL,18);
INSERT INTO "ressources_healthcenter" VALUES(962,'MGEN MOSELLE','0506','571','007','True','571',1,'Rue de la Passote','','57081','METZ  CEDEX 3','03 87 76 94 00','03 87 75 57 08',NULL,NULL,'',NULL,18);
INSERT INTO "ressources_healthcenter" VALUES(963,'MGEN NIEVRE','0506','581','007','True','581',1,'','BP 12','58028','NEVERS  CEDEX','03 86 59 79 99','03 86 59 79 98',NULL,NULL,'',NULL,18);
INSERT INTO "ressources_healthcenter" VALUES(964,'MGEN NORD 1','0506','594','007','True','594',1,'238 rue de Paris ','B.P. 427  ','59021','LILLE  CEDEX','03 20 12 21 70 ','03 20 12 39 40 ',NULL,NULL,'',NULL,18);
INSERT INTO "ressources_healthcenter" VALUES(965,'MGEN NORD 2','0506','595','007','True','595',1,'238 rue de Paris ','B.P. 427 ','59021','LILLE  CEDEX ','03 20 12 21 70 ','03 20 12 39 40 ',NULL,NULL,'',NULL,18);
INSERT INTO "ressources_healthcenter" VALUES(966,'MGEN NORD 3','0506','597','007','True','597',1,'238 rue de Paris ','B.P. 427 ','59021','LILLE  CEDEX ','03 20 12 21 70 ','03 20 12 39 40 ',NULL,NULL,'',NULL,18);
INSERT INTO "ressources_healthcenter" VALUES(967,'MGEN NORD 4','0506','599','007','True','599',1,'238 rue de Paris ','B.P. 427 ','59021','LILLE  CEDEX ','03 20 12 21 70 ','03 20 12 39 40 ',NULL,NULL,'',NULL,18);
INSERT INTO "ressources_healthcenter" VALUES(968,'MGEN OISE','0506','601','007','True','601',1,'12, rue Ambroise Paré','','60017','BEAUVAIS','03 44 84 76 00','03 44 02 50 58',NULL,NULL,'',NULL,18);
INSERT INTO "ressources_healthcenter" VALUES(969,'MGEN ORNE','0506','611','007','True','611',1,'','BP 516','61024','ALENCON  CEDEX','02 33 80 46 60','02 33 27 11 53',NULL,NULL,'',NULL,18);
INSERT INTO "ressources_healthcenter" VALUES(970,'MGEN PARIS','0506','751','007','True','751',1,'182 boulevard de la Villette','','75952','Paris CEDEX 19','01 44 84 83 00','01 42 01 70 96',NULL,NULL,'',NULL,18);
INSERT INTO "ressources_healthcenter" VALUES(971,'MGEN PAS DE CALAIS 1','0506','623','007','True','623',1,'14-16 rue Jeanne d''Arc ','','62025','ARRAS CEDEX ','03 21 51 36 36 ','03 21 51 87 69 ',NULL,NULL,'',NULL,18);
INSERT INTO "ressources_healthcenter" VALUES(972,'MGEN PAS DE CALAIS 2','0506','624','007','True','624',1,'6 av du Maréchal Koenig','','62025','ARRAS  CEDEX ','03 21 51 36 36 ','03 21 51 87 69 ',NULL,NULL,'',NULL,18);
INSERT INTO "ressources_healthcenter" VALUES(973,'MGEN PUY DE DOME','0506','631','007','True','631',1,'33 rue de Rivaly','','63046','CLERMONT FERRAND  CEDEX 2','04 73 19 50 40','04 73 36 20 37',NULL,NULL,'',NULL,18);
INSERT INTO "ressources_healthcenter" VALUES(974,'MGEN PYRENEES ATLANTIQUES 1','0506','641','007','True','641',1,'','BP 39','64206','BIARRITZ  CEDEX','05 59 23 26 30','05 59 43 72 34',NULL,NULL,'',NULL,18);
INSERT INTO "ressources_healthcenter" VALUES(975,'MGEN PYRENEES ATLANTIQUES 2','0506','642','007','True','642',1,'','BP 39','64206','BIARRITZ  CEDEX','05 59 23 26 30','05 59 43 72 34',NULL,NULL,'',NULL,18);
INSERT INTO "ressources_healthcenter" VALUES(976,'MGEN PYRENEES ORIENTALES','0506','661','007','True','661',1,'44 chemin de la Passio Vella','','66830','PERPIGNAN  CEDEX','04 68 68 19 19','04 68 56 86 64',NULL,NULL,'',NULL,18);
INSERT INTO "ressources_healthcenter" VALUES(977,'MGEN QUIMPER','0506','292','007','True','292',1,'','','','','','',NULL,NULL,'',NULL,18);
INSERT INTO "ressources_healthcenter" VALUES(978,'MGEN REUNION','0506','974','007','True','974',1,'Avenue Monseigneur Mondon','','97487','SAINT DENIS  CEDEX','02 62 30 20 43','02 62 30 40 89',NULL,NULL,'',NULL,18);
INSERT INTO "ressources_healthcenter" VALUES(979,'MGEN RHONE','0506','691','007','True','691',1,'83-85 boulevard Vivier Merle','','69487','LYON  CEDEX 03','04 72 36 67 67','04 72 36 67 68',NULL,NULL,'',NULL,18);
INSERT INTO "ressources_healthcenter" VALUES(980,'MGEN ROANNE','0506','421','007','True','421',1,'','','','','','',NULL,NULL,'',NULL,18);
INSERT INTO "ressources_healthcenter" VALUES(981,'MGEN S.E.M. (Etranger)','0501','999','007','True','751',1,'88, rue Albert Heinstein','','72000','LE MANS','02.43.39.15.50','02.43.39.15.58',NULL,NULL,'',NULL,18);
INSERT INTO "ressources_healthcenter" VALUES(982,'MGEN SAONE ET LOIRE','0506','711','007','True','711',1,'8 rue Georges Lapierre','','71335','CHALON SUR SAONE  CEDEX','03 85 46 86 46','03 85 41 07 82',NULL,NULL,'',NULL,18);
INSERT INTO "ressources_healthcenter" VALUES(983,'MGEN SARREGUEMINES','0506','572','007','True','572',1,'','','','','','',NULL,NULL,'',NULL,18);
INSERT INTO "ressources_healthcenter" VALUES(984,'MGEN SARTHE','0506','721','007','True','721',1,'25 impasse Armand Saffray','','72018','LE MANS  CEDEX 2','02 43 43 73 73','02 43 43 73 86',NULL,NULL,'',NULL,18);
INSERT INTO "ressources_healthcenter" VALUES(985,'MGEN SAVOIE','0506','731','007','True','731',1,'116 avenue du Grand Arietaz','BISSY','73079','CHAMBERY  CEDEX 9','04 79 69 25 63','04 79 62 19 39',NULL,NULL,'',NULL,18);
INSERT INTO "ressources_healthcenter" VALUES(986,'MGEN SEINE ET MARNE','0506','771','007','True','771',1,'1 rue des Aulnes','','77248','CESSON  CEDEX','01 64 10 55 55','01 60 63 81 52',NULL,NULL,'',NULL,18);
INSERT INTO "ressources_healthcenter" VALUES(987,'MGEN SEINE MARITIME 1','0506','763','007','True','763',1,'8 rue Neil Armstrong ','','76127','GRAND QUEVILLY  CEDEX ','02 35 18 25 00 ','02 35 67 04 79 ',NULL,NULL,'',NULL,18);
INSERT INTO "ressources_healthcenter" VALUES(988,'MGEN SEINE MARITIME 2','0506','764','007','True','764',1,'8 rue Neil Armstrong ','','76127','GRAND QUEVILLY  CEDEX ','02 35 18 25 00 ','02 35 67 04 79 ',NULL,NULL,'',NULL,18);
INSERT INTO "ressources_healthcenter" VALUES(989,'MGEN SEINE SAINT DENIS','0506','931','007','True','931',1,'28-30 avenue Henri Varagnat','','93144','BONDY  CEDEX','01 48 50 52 30 ','01 48 48 17 94',NULL,NULL,'',NULL,18);
INSERT INTO "ressources_healthcenter" VALUES(990,'MGEN SELESTAT','0506','672','007','True','672',1,'','','','','','',NULL,NULL,'',NULL,18);
INSERT INTO "ressources_healthcenter" VALUES(991,'MGEN SOMME','0506','801','007','True','801',1,'15, Rue de Québec','','80028','AMIENS 3','03 22 46 89 89','03 22 46 43 09',NULL,NULL,'',NULL,18);
INSERT INTO "ressources_healthcenter" VALUES(992,'MGEN ST NAZAIRE','0506','442','007','True','442',1,'','','','','','',NULL,NULL,'',NULL,18);
INSERT INTO "ressources_healthcenter" VALUES(993,'MGEN ST QUENTIN','0506','022','007','True','022',1,'','','','','','',NULL,NULL,'',NULL,18);
INSERT INTO "ressources_healthcenter" VALUES(994,'MGEN TARN','0506','811','007','True','811',1,'10 rue des taillades','Le Sequestre','81019','ALBI 9','05 63 49 46 00','05 63 54 63 48',NULL,NULL,'',NULL,18);
INSERT INTO "ressources_healthcenter" VALUES(995,'MGEN TARN ET GARONNE','0506','821','007','True','821',1,'12 rue Marcel Riviere','BP 370','82053','MONTAUBAN  CEDEX','0 800 209 082','05 63 66 99 27',NULL,NULL,'',NULL,18);
INSERT INTO "ressources_healthcenter" VALUES(996,'MGEN TERRITOIRE DE BELFORT','0506','901','007','True','901',1,'','BP 187','90004','BELFORT  CEDEX','03 84 57 33 20','03 84 58 09 44',NULL,NULL,'',NULL,18);
INSERT INTO "ressources_healthcenter" VALUES(997,'MGEN THIONVILLE','0506','573','007','True','573',1,'','','','','','',NULL,NULL,'',NULL,18);
INSERT INTO "ressources_healthcenter" VALUES(998,'MGEN TOURCOING','0506','598','007','True','598',1,'','','','','','',NULL,NULL,'',NULL,18);
INSERT INTO "ressources_healthcenter" VALUES(999,'MGEN VAL D OISE','0506','951','007','True','951',1,'19-25 rue du Général Galliéni','','92511','BOULOGNE BILLANCOURT  CEDEX','04 46 09 92 76','01 46 20 03 03',NULL,NULL,'',NULL,18);
INSERT INTO "ressources_healthcenter" VALUES(1000,'MGEN VAL DE MARNE','0506','941','007','True','941',1,'28-30 avenue Henri Varagnat','','93144','BONDY  CEDEX','01 48 50 52 30','01 48 48 17 94',NULL,NULL,'',NULL,18);
INSERT INTO "ressources_healthcenter" VALUES(1001,'MGEN VAR','0506','831','007','True','831',1,'Impasse Lavoisier','','83166','TOULON  CEDEX 9','04 94 08 68 68','04 94 21 78 87',NULL,NULL,'',NULL,18);
INSERT INTO "ressources_healthcenter" VALUES(1002,'MGEN VAUCLUSE','0506','841','007','True','841',1,'Rue du Bon Vent ','ZAC ''La Cristole''','84058','AVIGNON  CEDEX 9','04.32.75.16.50','04.32.75.16.51',NULL,NULL,'',NULL,18);
INSERT INTO "ressources_healthcenter" VALUES(1003,'MGEN VENDEE','0506','851','007','True','851',1,'','BP 69','85002','LA ROCHE SUR YON  CEDEX','02 51 36 10 54','02 51 44 87 32',NULL,NULL,'',NULL,18);
INSERT INTO "ressources_healthcenter" VALUES(1004,'MGEN VIENNE','0506','382','007','True','382',1,'','','','','','',NULL,NULL,'',NULL,18);
INSERT INTO "ressources_healthcenter" VALUES(1005,'MGEN VIENNE','0506','861','007','True','861',1,'17, rue Jean-Richard Bloch','','86047','POITIERS Cedex','05.49.37.40.40','05.49.45.01.61',NULL,NULL,'',NULL,18);
INSERT INTO "ressources_healthcenter" VALUES(1006,'MGEN VILLEFRANCHE SUR SAONE','0506','692','007','True','692',1,'','','','','','',NULL,NULL,'',NULL,18);
INSERT INTO "ressources_healthcenter" VALUES(1007,'MGEN VOSGES','0506','881','007','True','881',1,'29 avenue Victor Hugo','','88033','EPINAL BP 869','03 29 69 62 00','03 29 69 62 09',NULL,NULL,'',NULL,18);
INSERT INTO "ressources_healthcenter" VALUES(1008,'MGEN YONNE','0506','891','007','True','891',1,'47 rue Théodore de Beze','','89000','AUXERRE  89026','03 86 72 08 10','03 86 72 08 19',NULL,NULL,'',NULL,18);
INSERT INTO "ressources_healthcenter" VALUES(1009,'MGEN YVELINES','0506','781','007','True','781',1,'Centre 506-78','6 bis avenue Joseph Rollo','78320','LA VERRIERE','01 30 13 72 00','01 30 13 72 39',NULL,NULL,'',NULL,18);
INSERT INTO "ressources_healthcenter" VALUES(1010,'MGP','0000','789','064','True','789',1,'','','','','','',NULL,NULL,'',NULL,1);
INSERT INTO "ressources_healthcenter" VALUES(1011,'MGP','0503','503','064','True','751',1,'1 et 3 rue Princesse','','75299','PARIS 06','01.40.51.11.16','01.40.51.11.19',NULL,NULL,'',NULL,20);
INSERT INTO "ressources_healthcenter" VALUES(1012,'MGP','0503','503','064','True','781',1,'''le Palatino''','17 avenue de Choisy ','75640','PARIS  CEDEX 13','01 40 77 48 11','',NULL,NULL,'',NULL,20);
INSERT INTO "ressources_healthcenter" VALUES(1013,'MGP','0503','503','064','True','911',1,'3 rue l''assemblée nationale ','BP N°1146 Centre de SS n°536 ','78011','Versailles  Cedex','01 39 67 15 02 (post','',NULL,NULL,'',NULL,20);
INSERT INTO "ressources_healthcenter" VALUES(1014,'MGP','0503','503','064','True','921',1,'3 rue l''assemblée nationale ','BP N°1146 Centre de SS n°536 ','78011','Versailles  Cedex','01 39 67 15 02 (post','',NULL,NULL,'',NULL,20);
INSERT INTO "ressources_healthcenter" VALUES(1015,'MGP','0503','503','064','True','931',1,'3 rue l''assemblée nationale ','BP N°1146 Centre de SS n°536 ','78011','Versailles  Cedex','01 39 67 15 02 (post','',NULL,NULL,'',NULL,20);
INSERT INTO "ressources_healthcenter" VALUES(1016,'MGP','0503','503','064','True','941',1,'1 et 3 rue Princesse ','','75299','PARIS 06','01.40.51.11.16','01.40.51.11.19',NULL,NULL,'',NULL,20);
INSERT INTO "ressources_healthcenter" VALUES(1017,'MGP','0503','503','064','True','951',1,'3 rue l''assemblée nationale ','BP N°1146 Centre de SS n°536 ','78011','Versailles  Cedex','01 39 67 15 02 (post','',NULL,NULL,'',NULL,20);
INSERT INTO "ressources_healthcenter" VALUES(1018,'MGP','0536','536','064','True','751',1,'3 rue l''assemblée nationale ','BP N°1146 Centre de SS n°536 ','78011','Versailles  Cedex','01 39 67 15 02 (post','',NULL,NULL,'',NULL,20);
INSERT INTO "ressources_healthcenter" VALUES(1019,'MGP','0536','536','064','True','781',1,'''le Palatino''','17 avenue de Choisy ','75640','PARIS  CEDEX 13','01 40 77 48 11','',NULL,NULL,'',NULL,20);
INSERT INTO "ressources_healthcenter" VALUES(1020,'MGP','0536','536','064','True','911',1,'3 rue l''assemblée nationale ','BP N°1146 Centre de SS n°536 ','78011','Versailles  Cedex','01 39 67 15 02 (post','',NULL,NULL,'',NULL,20);
INSERT INTO "ressources_healthcenter" VALUES(1021,'MGP','0536','536','064','True','921',1,'3 rue l''assemblée nationale ','BP N°1146 Centre de SS n°536 ','78011','Versailles  Cedex','01 39 67 15 02 (post','',NULL,NULL,'',NULL,20);
INSERT INTO "ressources_healthcenter" VALUES(1022,'MGP','0536','536','064','True','931',1,'3 rue l''assemblée nationale ','BP N°1146 Centre de SS n°536 ','78011','Versailles  Cedex','01 39 67 15 02 (post','',NULL,NULL,'',NULL,20);
INSERT INTO "ressources_healthcenter" VALUES(1023,'MGP','0536','536','064','True','941',1,'3 rue de l''Assemblée Nationale','B.P n° 1 146','78011','VERSAILLES cedex','01.39.67.15.00','01.39.50.00.19',NULL,NULL,'',NULL,20);
INSERT INTO "ressources_healthcenter" VALUES(1024,'MGP','0536','536','064','True','951',1,'3 rue l''assemblée nationale ','BP N°1146 Centre de SS n°536 ','78011','Versailles  Cedex','01 39 67 15 02 (post','',NULL,NULL,'',NULL,20);
INSERT INTO "ressources_healthcenter" VALUES(1025,'MGP','0537','241','064','True','241',1,'23 Rue Gambetta ','BP N°2055 ','24002','Périgueux','05 53 08 12 14','',NULL,NULL,'',NULL,20);
INSERT INTO "ressources_healthcenter" VALUES(1026,'MGP','0537','471','064','True','471',1,'21 R de Belfort ','BP N°231 ','47006','Agen','05 53 47 44 30','',NULL,NULL,'',NULL,20);
INSERT INTO "ressources_healthcenter" VALUES(1027,'MGP','0537','537','064','True','751',1,'3 rue l''assemblée nationale ','BP N°1146  Centre de SS n°536 ','78011','Versailles  Cedex','01 39 67 15 02 (post','',NULL,NULL,'',NULL,20);
INSERT INTO "ressources_healthcenter" VALUES(1028,'MGP','0537','771','064','True','771',1,'Centre 54 ','La Brie ENSOP Cannes écluses ','77875','Montereau  Cedex','01 64 32 30 91','',NULL,NULL,'',NULL,20);
INSERT INTO "ressources_healthcenter" VALUES(1029,'MGP','0537','537','064','True','781',1,'3 rue l''assemblée nationale ','BP N°1146 Centre de SS n°536 ','78011','Versailles  Cedex','01 39 67 15 02 (post','',NULL,NULL,'',NULL,20);
INSERT INTO "ressources_healthcenter" VALUES(1030,'MGP','0537','537','064','True','911',1,'3 rue l''assemblée nationale ','BP N°1146 Centre de SS n°536 ','78011','Versailles  Cedex','01 39 67 15 02 (post','',NULL,NULL,'',NULL,20);
INSERT INTO "ressources_healthcenter" VALUES(1031,'MGP','0537','537','064','True','921',1,'3 rue l''assemblée nationale ','BP N°1146 Centre de SS n°536 ','78011','Versailles  Cedex','01 39 67 15 02 (post','',NULL,NULL,'',NULL,20);
INSERT INTO "ressources_healthcenter" VALUES(1032,'MGP','0537','537','064','True','931',1,'3 rue l''assemblée nationale ','BP N°1146 Centre de SS n°536 ','78011','Versailles  Cedex','01 39 67 15 02 (post','',NULL,NULL,'',NULL,20);
INSERT INTO "ressources_healthcenter" VALUES(1033,'MGP','0537','537','064','True','941',1,'3 rue l''assemblée nationale ','BP N°1146 Centre de SS n°536 ','78011','Versailles  Cedex','01 39 67 15 02 (post','',NULL,NULL,'',NULL,20);
INSERT INTO "ressources_healthcenter" VALUES(1034,'MGP','0537','537','064','True','951',1,'3 rue l''assemblée nationale ','BP N°1146 Centre de SS n°536 ','78011','Versailles  Cedex','01 39 67 15 02 (post','',NULL,NULL,'',NULL,20);
INSERT INTO "ressources_healthcenter" VALUES(1035,'MGP   AURILLAC','0537','151','064','True','151',1,'9 R Beaumarchais  ','','63037','Clermont-Ferrand  Cedex1','04 73 29 40 90','',NULL,NULL,'',NULL,20);
INSERT INTO "ressources_healthcenter" VALUES(1036,'MGP   AUXERRE','0537','891','064','True','891',1,'BP 412','','89100','SENS 89104','03 86 65 06 33','03 86 64 34 80',NULL,NULL,'',NULL,20);
INSERT INTO "ressources_healthcenter" VALUES(1037,'MGP   BAYONNE','0537','641','064','True','641',1,'2 av de l''Université Centre Mercure ','BP N° 513 ','64010','Pau  Cedex','05 59 02 83 21','',NULL,NULL,'',NULL,20);
INSERT INTO "ressources_healthcenter" VALUES(1038,'MGP   BEZIERS','0537','341','064','True','341',1,'29 av de Lodeve   ','CS 30017 ','34078','Montpellier  cedex3','04 67 06 81 70','',NULL,NULL,'',NULL,20);
INSERT INTO "ressources_healthcenter" VALUES(1039,'MGP   BORDEAUX','0537','331','064','True','331',1,'35 R G Mandel ','Rés ST Seurin - St Fort ','33086','Bordeaux  Cedex','05 56 93 62 36','',NULL,NULL,'',NULL,20);
INSERT INTO "ressources_healthcenter" VALUES(1040,'MGP   BREST','0537','291','064','True','291',1,'2 Rue du docteur Lenoble  ','','29283','Brest  cedex','02 98 80 40 29','',NULL,NULL,'',NULL,20);
INSERT INTO "ressources_healthcenter" VALUES(1041,'MGP   CARCASSONNE','0537','111','064','True','111',1,'10 Rue A de Musset  ','','11000','Carcassonne','04 68 10 23 65','',NULL,NULL,'',NULL,20);
INSERT INTO "ressources_healthcenter" VALUES(1042,'MGP   CLERMONT FERRAND','0537','631','064','True','631',1,'9 Rue Beaumarchais ','','63037','Clermont-Ferrand  Cedex','04 73 29 40 90','',NULL,NULL,'',NULL,20);
INSERT INTO "ressources_healthcenter" VALUES(1043,'MGP   LIMOGES','0537','871','064','True','871',1,'','65 Rue François Chénieux','87000','LIMOGES','05.55.77.18.30','05.55.77.70.91',NULL,NULL,'',NULL,20);
INSERT INTO "ressources_healthcenter" VALUES(1044,'MGP   MARSEILLE','0537','131','064','True','131',1,'9 Av du Frene   ','','13276','Marseille cedex 09','04 91 29 02 75','',NULL,NULL,'',NULL,20);
INSERT INTO "ressources_healthcenter" VALUES(1045,'MGP   METZ','0537','571','064','True','571',1,'1 place Pont a Seille ','','57045','Metz  Cedex 01','03 87 75 91 80','',NULL,NULL,'',NULL,20);
INSERT INTO "ressources_healthcenter" VALUES(1046,'MGP   MONTPELLIER','0537','342','064','True','342',1,'29 av de Lodeve ','34078 CS  ','30017','Montpellier  cedex3','04 67 06 81 70','',NULL,NULL,'',NULL,20);
INSERT INTO "ressources_healthcenter" VALUES(1047,'MGP   NANTES','0537','441','064','True','441',1,'2 Rue Deshoulieres ','BP N°52 225 ','44022','Nantes  cedex 1','02 40 35 40 05','',NULL,NULL,'',NULL,20);
INSERT INTO "ressources_healthcenter" VALUES(1048,'MGP   NICE','0537','061','064','True','061',1,'16 bld delfino   ','','06357','Nice cedex 4','04 92 00 82 54','',NULL,NULL,'',NULL,20);
INSERT INTO "ressources_healthcenter" VALUES(1049,'MGP   NIMES','0537','301','064','True','301',1,'13 R Massillon ','BP N° 159  ','30011','Nîmes  cedex 4','04 66 04 14 14','',NULL,NULL,'',NULL,20);
INSERT INTO "ressources_healthcenter" VALUES(1050,'MGP   ORLEANS','0537','451','064','True','451',1,'15 R de la Bourie Blanche ','','45043','Orléans  Cedex','02 38 53 06 45','',NULL,NULL,'',NULL,20);
INSERT INTO "ressources_healthcenter" VALUES(1051,'MGP   PAU','0537','642','064','True','642',1,'2 av de l''Université Centre Mercure ','BP N° 513 ','64010','Pau  Cedex','05 59 02 83 21','pau@mgp.fr',NULL,NULL,'',NULL,20);
INSERT INTO "ressources_healthcenter" VALUES(1052,'MGP   PERPIGNAN','0537','661','064','True','661',1,'7-8 bd st Assiscle ','BP N° 2046 ','66011','Perpignan  cedex','04 68 85 70 25','',NULL,NULL,'',NULL,20);
INSERT INTO "ressources_healthcenter" VALUES(1053,'MGP   QUIMPER','0537','292','064','True','292',1,'2 Rue du docteur Lenoble ','','29283','Brest  cedex','02 98 80 40 29','',NULL,NULL,'',NULL,20);
INSERT INTO "ressources_healthcenter" VALUES(1054,'MGP   ROANNE','0537','421','064','True','421',1,'9 R Beaumarchais ','','63037','Clermont-Ferrand  Cedex1','04 73 29 40 90','',NULL,NULL,'',NULL,20);
INSERT INTO "ressources_healthcenter" VALUES(1055,'MGP   SARREGUEMINES','0537','572','064','True','572',1,'1 place Pont a Seille ','','57045','Metz  Cedex 01','03 87 75 91 80','',NULL,NULL,'',NULL,20);
INSERT INTO "ressources_healthcenter" VALUES(1056,'MGP   ST ETIENNE','0537','422','064','True','422',1,'9 R Beaumarchais ','','63037','Clermont-Ferrand  Cedex1','04 73 29 40 90','',NULL,NULL,'',NULL,20);
INSERT INTO "ressources_healthcenter" VALUES(1057,'MGP   ST NAZAIRE','0537','442','064','True','442',1,'2 Rue Deshoulieres ','BP N°52 225 ','44022','Nantes  cedex 1','02 40 35 40 05','',NULL,NULL,'',NULL,20);
INSERT INTO "ressources_healthcenter" VALUES(1058,'MGP   THIONVILLE','0537','573','064','True','573',1,'1 place Pont a Seille ','','57045','Metz Cedex 01','03 87 75 91 80','',NULL,NULL,'',NULL,20);
INSERT INTO "ressources_healthcenter" VALUES(1059,'MGP   TOULON','0537','831','064','True','831',1,'174 Av M. Castié ','Case N°4 ','83107','Toulon  cedex','04 94 41 20 93','',NULL,NULL,'',NULL,20);
INSERT INTO "ressources_healthcenter" VALUES(1060,'MGP   TOULOUSE','0537','311','064','True','311',1,'13 Rue Mespoul   ','','31078','Toulouse cedex 4','05 62 26 80 47','',NULL,NULL,'',NULL,20);
INSERT INTO "ressources_healthcenter" VALUES(1061,'MGP   VANNES','0537','561','064','True','561',1,'Parc Pompidou ','Bât B - Entrée 1 CP 3424 ','56039','Vannes  cedex','02 97 47 49 16','',NULL,NULL,'',NULL,20);
INSERT INTO "ressources_healthcenter" VALUES(1062,'MGP  CAEN','0141','789','064','True','789',1,'','','','','','',NULL,NULL,'',NULL,20);
INSERT INTO "ressources_healthcenter" VALUES(1063,'MGP  REIMS','0537','511','064','True','511',1,'35 T rue de Talleyrand ','','51060','Reims  Cedex','03 26 40 05 86','',NULL,NULL,'',NULL,20);
INSERT INTO "ressources_healthcenter" VALUES(1064,'MGP AGEN','0471','789','064','True','789',1,'','','','','','',NULL,NULL,'',NULL,20);
INSERT INTO "ressources_healthcenter" VALUES(1065,'MGP AJACCIO','0201','789','064','True','789',1,'','','','','','',NULL,NULL,'',NULL,20);
INSERT INTO "ressources_healthcenter" VALUES(1066,'MGP ALBI','0811','789','064','True','789',1,'','','','','','',NULL,NULL,'',NULL,20);
INSERT INTO "ressources_healthcenter" VALUES(1067,'MGP ALENCON','0611','789','064','True','789',1,'','','','','','',NULL,NULL,'',NULL,20);
INSERT INTO "ressources_healthcenter" VALUES(1068,'MGP AMIENS','0801','789','064','True','789',1,'','','','','','',NULL,NULL,'',NULL,20);
INSERT INTO "ressources_healthcenter" VALUES(1069,'MGP ANGERS','0491','789','064','True','789',1,'','','','','','',NULL,NULL,'',NULL,20);
INSERT INTO "ressources_healthcenter" VALUES(1070,'MGP ANGOULEME','0161','789','064','True','789',1,'','','','','','',NULL,NULL,'',NULL,20);
INSERT INTO "ressources_healthcenter" VALUES(1071,'MGP ANNECY','0741','789','064','True','789',1,'','','','','','',NULL,NULL,'',NULL,20);
INSERT INTO "ressources_healthcenter" VALUES(1072,'MGP ANNONAY','0071','789','064','True','789',1,'','','','','','',NULL,NULL,'',NULL,20);
INSERT INTO "ressources_healthcenter" VALUES(1073,'MGP ARMENTIERES','0591','789','064','True','789',1,'','','','','','',NULL,NULL,'',NULL,20);
INSERT INTO "ressources_healthcenter" VALUES(1074,'MGP ARRAS','0621','789','064','True','789',1,'','','','','','',NULL,NULL,'',NULL,20);
INSERT INTO "ressources_healthcenter" VALUES(1075,'MGP AUCH','0321','789','064','True','789',1,'','','','','','',NULL,NULL,'',NULL,20);
INSERT INTO "ressources_healthcenter" VALUES(1076,'MGP Aurillac','0151','789','064','True','789',1,'','','','','','',NULL,NULL,'',NULL,20);
INSERT INTO "ressources_healthcenter" VALUES(1077,'MGP Auxerre','0891','789','064','True','789',1,'','','','','','',NULL,NULL,'',NULL,20);
INSERT INTO "ressources_healthcenter" VALUES(1078,'MGP AVIGNON','0841','789','064','True','789',1,'','','','','','',NULL,NULL,'',NULL,20);
INSERT INTO "ressources_healthcenter" VALUES(1079,'MGP BAR LE DUC','0551','789','064','True','789',1,'','','','','','',NULL,NULL,'',NULL,20);
INSERT INTO "ressources_healthcenter" VALUES(1080,'MGP BASTIA','0202','789','064','True','789',1,'','','','','','',NULL,NULL,'',NULL,20);
INSERT INTO "ressources_healthcenter" VALUES(1081,'MGP Bayonne','0641','789','064','True','789',1,'','','','','','',NULL,NULL,'',NULL,20);
INSERT INTO "ressources_healthcenter" VALUES(1082,'MGP BEAUVAIS','0601','789','064','True','789',1,'','','','','','',NULL,NULL,'',NULL,20);
INSERT INTO "ressources_healthcenter" VALUES(1083,'MGP BELFORT','0901','789','064','True','789',1,'','','','','','',NULL,NULL,'',NULL,20);
INSERT INTO "ressources_healthcenter" VALUES(1084,'MGP BESANCON','0251','789','064','True','789',1,'','','','','','',NULL,NULL,'',NULL,20);
INSERT INTO "ressources_healthcenter" VALUES(1085,'MGP Beziers','0341','789','064','True','789',1,'','','','','','',NULL,NULL,'',NULL,20);
INSERT INTO "ressources_healthcenter" VALUES(1086,'MGP BLOIS','0411','789','064','True','789',1,'','','','','','',NULL,NULL,'',NULL,20);
INSERT INTO "ressources_healthcenter" VALUES(1087,'MGP Bordeaux','0331','789','064','True','789',1,'','','','','','',NULL,NULL,'',NULL,20);
INSERT INTO "ressources_healthcenter" VALUES(1088,'MGP BOULOGNE sur MER','0622','789','064','True','789',1,'','','','','','',NULL,NULL,'',NULL,20);
INSERT INTO "ressources_healthcenter" VALUES(1089,'MGP BOURG EN BRESSE','0011','789','064','True','789',1,'','','','','','',NULL,NULL,'',NULL,20);
INSERT INTO "ressources_healthcenter" VALUES(1090,'MGP BOURGES','0181','789','064','True','789',1,'','','','','','',NULL,NULL,'',NULL,20);
INSERT INTO "ressources_healthcenter" VALUES(1091,'MGP Brest','0291','789','064','True','789',1,'','','','','','',NULL,NULL,'',NULL,20);
INSERT INTO "ressources_healthcenter" VALUES(1092,'MGP CAHORS','0461','789','064','True','789',1,'','','','','','',NULL,NULL,'',NULL,20);
INSERT INTO "ressources_healthcenter" VALUES(1093,'MGP CALAIS','0623','789','064','True','789',1,'','','','','','',NULL,NULL,'',NULL,20);
INSERT INTO "ressources_healthcenter" VALUES(1094,'MGP CAMBRAI','0592','789','064','True','789',1,'','','','','','',NULL,NULL,'',NULL,20);
INSERT INTO "ressources_healthcenter" VALUES(1095,'MGP Carcassonne','0111','789','064','True','789',1,'','','','','','',NULL,NULL,'',NULL,20);
INSERT INTO "ressources_healthcenter" VALUES(1096,'MGP CAYENNE','0973','789','064','True','789',1,'','','','','','',NULL,NULL,'',NULL,20);
INSERT INTO "ressources_healthcenter" VALUES(1097,'MGP CHAMBERY','0731','789','064','True','789',1,'','','','','','',NULL,NULL,'',NULL,20);
INSERT INTO "ressources_healthcenter" VALUES(1098,'MGP CHARLEVILLE MEZIERES','0081','789','064','True','789',1,'','','','','','',NULL,NULL,'',NULL,20);
INSERT INTO "ressources_healthcenter" VALUES(1099,'MGP CHARTRES','0281','789','064','True','789',1,'','','','','','',NULL,NULL,'',NULL,20);
INSERT INTO "ressources_healthcenter" VALUES(1100,'MGP CHATEAUROUX','0361','789','064','True','789',1,'','','','','','',NULL,NULL,'',NULL,20);
INSERT INTO "ressources_healthcenter" VALUES(1101,'MGP CHAUMONT','0521','789','064','True','789',1,'','','','','','',NULL,NULL,'',NULL,20);
INSERT INTO "ressources_healthcenter" VALUES(1102,'MGP CHOLET','0492','789','064','True','789',1,'','','','','','',NULL,NULL,'',NULL,20);
INSERT INTO "ressources_healthcenter" VALUES(1103,'MGP Clermont-Ferrand','0631','789','064','True','789',1,'','','','','','',NULL,NULL,'',NULL,20);
INSERT INTO "ressources_healthcenter" VALUES(1104,'MGP COLMAR','0681','789','064','True','789',1,'','','','','','',NULL,NULL,'',NULL,20);
INSERT INTO "ressources_healthcenter" VALUES(1105,'MGP CREIL','0602','789','064','True','789',1,'','','','','','',NULL,NULL,'',NULL,20);
INSERT INTO "ressources_healthcenter" VALUES(1106,'MGP DIEPPE','0761','789','064','True','789',1,'','','','','','',NULL,NULL,'',NULL,20);
INSERT INTO "ressources_healthcenter" VALUES(1107,'MGP DIGNE','0041','789','064','True','789',1,'','','','','','',NULL,NULL,'',NULL,20);
INSERT INTO "ressources_healthcenter" VALUES(1108,'MGP DIJON','0211','789','064','True','789',1,'','','','','','',NULL,NULL,'',NULL,20);
INSERT INTO "ressources_healthcenter" VALUES(1109,'MGP DOUAI','0593','789','064','True','789',1,'','','','','','',NULL,NULL,'',NULL,20);
INSERT INTO "ressources_healthcenter" VALUES(1110,'MGP DUNKERQUE','0594','789','064','True','789',1,'','','','','','',NULL,NULL,'',NULL,20);
INSERT INTO "ressources_healthcenter" VALUES(1111,'MGP ELBEUF','0762','789','064','True','789',1,'','','','','','',NULL,NULL,'',NULL,20);
INSERT INTO "ressources_healthcenter" VALUES(1112,'MGP EPINAL','0881','789','064','True','789',1,'','','','','','',NULL,NULL,'',NULL,20);
INSERT INTO "ressources_healthcenter" VALUES(1113,'MGP EVREUX','0271','789','064','True','789',1,'','','','','','',NULL,NULL,'',NULL,20);
INSERT INTO "ressources_healthcenter" VALUES(1114,'MGP FOIX','0091','789','064','True','789',1,'','','','','','',NULL,NULL,'',NULL,20);
INSERT INTO "ressources_healthcenter" VALUES(1115,'MGP FORT DE FRANCE','0972','789','064','True','789',1,'','','','','','',NULL,NULL,'',NULL,20);
INSERT INTO "ressources_healthcenter" VALUES(1116,'MGP GAP','0051','789','064','True','789',1,'','','','','','',NULL,NULL,'',NULL,20);
INSERT INTO "ressources_healthcenter" VALUES(1117,'MGP GRENOBLE','0381','789','064','True','789',1,'','','','','','',NULL,NULL,'',NULL,20);
INSERT INTO "ressources_healthcenter" VALUES(1118,'MGP GUERET','0231','789','064','True','789',1,'','','','','','',NULL,NULL,'',NULL,20);
INSERT INTO "ressources_healthcenter" VALUES(1119,'MGP HAGUENAU','0671','789','064','True','789',1,'','','','','','',NULL,NULL,'',NULL,20);
INSERT INTO "ressources_healthcenter" VALUES(1120,'MGP LA ROCHE sur YON','0851','789','064','True','789',1,'','','','','','',NULL,NULL,'',NULL,20);
INSERT INTO "ressources_healthcenter" VALUES(1121,'MGP LA ROCHELLE','0171','789','064','True','789',1,'','','','','','',NULL,NULL,'',NULL,20);
INSERT INTO "ressources_healthcenter" VALUES(1122,'MGP LAON','0021','789','064','True','789',1,'','','','','','',NULL,NULL,'',NULL,20);
INSERT INTO "ressources_healthcenter" VALUES(1123,'MGP LAVAL','0531','789','064','True','789',1,'','','','','','',NULL,NULL,'',NULL,20);
INSERT INTO "ressources_healthcenter" VALUES(1124,'MGP LE HAVRE','0763','789','064','True','789',1,'','','','','','',NULL,NULL,'',NULL,20);
INSERT INTO "ressources_healthcenter" VALUES(1125,'MGP LE MANS','0721','789','064','True','789',1,'','','','','','',NULL,NULL,'',NULL,20);
INSERT INTO "ressources_healthcenter" VALUES(1126,'MGP LE PUY','0431','789','064','True','789',1,'','','','','','',NULL,NULL,'',NULL,20);
INSERT INTO "ressources_healthcenter" VALUES(1127,'MGP LENS','0624','789','064','True','789',1,'','','','','','',NULL,NULL,'',NULL,20);
INSERT INTO "ressources_healthcenter" VALUES(1128,'MGP LILLE','0595','789','064','True','789',1,'','','','','','',NULL,NULL,'',NULL,20);
INSERT INTO "ressources_healthcenter" VALUES(1129,'MGP Limoges','0871','789','064','True','789',1,'','','','','','',NULL,NULL,'',NULL,20);
INSERT INTO "ressources_healthcenter" VALUES(1130,'MGP LONGWY','0541','789','064','True','789',1,'','','','','','',NULL,NULL,'',NULL,20);
INSERT INTO "ressources_healthcenter" VALUES(1131,'MGP LONS LE SAUNIER','0391','789','064','True','789',1,'','','','','','',NULL,NULL,'',NULL,20);
INSERT INTO "ressources_healthcenter" VALUES(1132,'MGP LYON','0691','789','064','True','789',1,'','','','','','',NULL,NULL,'',NULL,20);
INSERT INTO "ressources_healthcenter" VALUES(1133,'MGP MACON','0711','789','064','True','789',1,'','','','','','',NULL,NULL,'',NULL,20);
INSERT INTO "ressources_healthcenter" VALUES(1134,'MGP Marseille','0131','789','064','True','789',1,'','','','','','',NULL,NULL,'',NULL,20);
INSERT INTO "ressources_healthcenter" VALUES(1135,'MGP MAUBEUGE','0596','789','064','True','789',1,'','','','','','',NULL,NULL,'',NULL,20);
INSERT INTO "ressources_healthcenter" VALUES(1136,'MGP MENDE','0481','789','064','True','789',1,'','','','','','',NULL,NULL,'',NULL,20);
INSERT INTO "ressources_healthcenter" VALUES(1137,'MGP Metz','0571','789','064','True','789',1,'','','','','','',NULL,NULL,'',NULL,20);
INSERT INTO "ressources_healthcenter" VALUES(1138,'MGP MONT DE MARSAN','0401','789','064','True','789',1,'','','','','','',NULL,NULL,'',NULL,20);
INSERT INTO "ressources_healthcenter" VALUES(1139,'MGP MONTAUBAN','0821','789','064','True','789',1,'','','','','','',NULL,NULL,'',NULL,20);
INSERT INTO "ressources_healthcenter" VALUES(1140,'MGP MONTBELIARD','0252','789','064','True','789',1,'','','','','','',NULL,NULL,'',NULL,20);
INSERT INTO "ressources_healthcenter" VALUES(1141,'MGP Montpellier','0342','789','064','True','789',1,'','','','','','',NULL,NULL,'',NULL,20);
INSERT INTO "ressources_healthcenter" VALUES(1142,'MGP MOULINS','0031','789','064','True','789',1,'','','','','','',NULL,NULL,'',NULL,20);
INSERT INTO "ressources_healthcenter" VALUES(1143,'MGP MULHOUSE','0682','789','064','True','789',1,'','','','','','',NULL,NULL,'',NULL,20);
INSERT INTO "ressources_healthcenter" VALUES(1144,'MGP NANCY','0542','789','064','True','789',1,'','','','','','',NULL,NULL,'',NULL,20);
INSERT INTO "ressources_healthcenter" VALUES(1145,'MGP Nantes','0441','789','064','True','789',1,'','','','','','',NULL,NULL,'',NULL,20);
INSERT INTO "ressources_healthcenter" VALUES(1146,'MGP NEVERS','0581','789','064','True','789',1,'','','','','','',NULL,NULL,'',NULL,20);
INSERT INTO "ressources_healthcenter" VALUES(1147,'MGP Nice','0061','789','064','True','789',1,'','','','','','',NULL,NULL,'',NULL,20);
INSERT INTO "ressources_healthcenter" VALUES(1148,'MGP Nimes','0301','789','064','True','789',1,'','','','','','',NULL,NULL,'',NULL,20);
INSERT INTO "ressources_healthcenter" VALUES(1149,'MGP NIORT','0791','789','064','True','789',1,'','','','','','',NULL,NULL,'',NULL,20);
INSERT INTO "ressources_healthcenter" VALUES(1150,'MGP Orleans','0451','789','064','True','789',1,'','','','','','',NULL,NULL,'',NULL,20);
INSERT INTO "ressources_healthcenter" VALUES(1151,'MGP Pau','0642','789','064','True','789',1,'','','','','','',NULL,NULL,'',NULL,20);
INSERT INTO "ressources_healthcenter" VALUES(1152,'MGP Pau MNH','0643','789','064','True','789',1,'','','','','','',NULL,NULL,'',NULL,20);
INSERT INTO "ressources_healthcenter" VALUES(1153,'MGP PERIGUEUX','0241','789','064','True','789',1,'','','','','','',NULL,NULL,'',NULL,20);
INSERT INTO "ressources_healthcenter" VALUES(1154,'MGP Perpignan','0661','789','064','True','789',1,'','','','','','',NULL,NULL,'',NULL,20);
INSERT INTO "ressources_healthcenter" VALUES(1155,'MGP POINTE A PITRE','0971','789','064','True','789',1,'','','','','','',NULL,NULL,'',NULL,20);
INSERT INTO "ressources_healthcenter" VALUES(1156,'MGP POITIERS','0861','789','064','True','789',1,'','','','','','',NULL,NULL,'',NULL,20);
INSERT INTO "ressources_healthcenter" VALUES(1157,'MGP PRIVAS','0072','789','064','True','789',1,'','','','','','',NULL,NULL,'',NULL,20);
INSERT INTO "ressources_healthcenter" VALUES(1158,'MGP Quimper','0292','789','064','True','789',1,'','','','','','',NULL,NULL,'',NULL,20);
INSERT INTO "ressources_healthcenter" VALUES(1159,'MGP Reims','0511','789','064','True','789',1,'','','','','','',NULL,NULL,'',NULL,20);
INSERT INTO "ressources_healthcenter" VALUES(1160,'MGP RENNES','0351','789','064','True','789',1,'','','','','','',NULL,NULL,'',NULL,20);
INSERT INTO "ressources_healthcenter" VALUES(1161,'MGP Roanne','0421','789','064','True','789',1,'','','','','','',NULL,NULL,'',NULL,20);
INSERT INTO "ressources_healthcenter" VALUES(1162,'MGP RODEZ','0121','789','064','True','789',1,'','','','','','',NULL,NULL,'',NULL,20);
INSERT INTO "ressources_healthcenter" VALUES(1163,'MGP ROUBAIX','0597','789','064','True','789',1,'','','','','','',NULL,NULL,'',NULL,20);
INSERT INTO "ressources_healthcenter" VALUES(1164,'MGP ROUEN','0764','789','064','True','789',1,'','','','','','',NULL,NULL,'',NULL,20);
INSERT INTO "ressources_healthcenter" VALUES(1165,'MGP Sarreguemines','0572','789','064','True','789',1,'','','','','','',NULL,NULL,'',NULL,20);
INSERT INTO "ressources_healthcenter" VALUES(1166,'MGP SELESTAT','0672','789','064','True','789',1,'','','','','','',NULL,NULL,'',NULL,20);
INSERT INTO "ressources_healthcenter" VALUES(1167,'MGP St BRIEUC','0221','789','064','True','789',1,'','','','','','',NULL,NULL,'',NULL,20);
INSERT INTO "ressources_healthcenter" VALUES(1168,'MGP St DENIS','0974','789','064','True','789',1,'','','','','','',NULL,NULL,'',NULL,20);
INSERT INTO "ressources_healthcenter" VALUES(1169,'MGP St Etienne','0422','789','064','True','789',1,'','','','','','',NULL,NULL,'',NULL,20);
INSERT INTO "ressources_healthcenter" VALUES(1170,'MGP St LO','0501','789','064','True','789',1,'','','','','','',NULL,NULL,'',NULL,20);
INSERT INTO "ressources_healthcenter" VALUES(1171,'MGP St Nazaire','0442','789','064','True','789',1,'','','','','','',NULL,NULL,'',NULL,20);
INSERT INTO "ressources_healthcenter" VALUES(1172,'MGP St QUENTIN','0022','789','064','True','789',1,'','','','','','',NULL,NULL,'',NULL,20);
INSERT INTO "ressources_healthcenter" VALUES(1173,'MGP STRASBOURG','0673','789','064','True','789',1,'','','','','','',NULL,NULL,'',NULL,20);
INSERT INTO "ressources_healthcenter" VALUES(1174,'MGP TARBES','0651','789','064','True','789',1,'','','','','','',NULL,NULL,'',NULL,20);
INSERT INTO "ressources_healthcenter" VALUES(1175,'MGP Thionville','0573','789','064','True','789',1,'','','','','','',NULL,NULL,'',NULL,20);
INSERT INTO "ressources_healthcenter" VALUES(1176,'MGP Toulon','0831','789','064','True','789',1,'','','','','','',NULL,NULL,'',NULL,20);
INSERT INTO "ressources_healthcenter" VALUES(1177,'MGP Toulouse','0311','789','064','True','789',1,'','','','','','',NULL,NULL,'',NULL,20);
INSERT INTO "ressources_healthcenter" VALUES(1178,'MGP TOURCOING','0598','789','064','True','789',1,'','','','','','',NULL,NULL,'',NULL,20);
INSERT INTO "ressources_healthcenter" VALUES(1179,'MGP TOURS','0371','789','064','True','789',1,'','','','','','',NULL,NULL,'',NULL,20);
INSERT INTO "ressources_healthcenter" VALUES(1180,'MGP TOURS','0537','371','064','True','371',1,'4 Bis r E.Zola ','BP N° 5924  ','37059','Tours  Cedex1','02 47 05 01 07','',NULL,NULL,'',NULL,20);
INSERT INTO "ressources_healthcenter" VALUES(1181,'MGP TROYES','0101','789','064','True','789',1,'','','','','','',NULL,NULL,'',NULL,20);
INSERT INTO "ressources_healthcenter" VALUES(1182,'MGP TULLE','0191','789','064','True','789',1,'','','','','','',NULL,NULL,'',NULL,20);
INSERT INTO "ressources_healthcenter" VALUES(1183,'MGP UNG','0751','789','064','True','789',1,'','','','','','',NULL,NULL,'',NULL,20);
INSERT INTO "ressources_healthcenter" VALUES(1184,'MGP UNG','0771','789','064','True','789',1,'','','','','','',NULL,NULL,'',NULL,20);
INSERT INTO "ressources_healthcenter" VALUES(1185,'MGP UNG','0781','789','064','True','789',1,'','','','','','',NULL,NULL,'',NULL,20);
INSERT INTO "ressources_healthcenter" VALUES(1186,'MGP UNG','0911','789','064','True','789',1,'','','','','','',NULL,NULL,'',NULL,20);
INSERT INTO "ressources_healthcenter" VALUES(1187,'MGP UNG','0921','789','064','True','789',1,'','','','','','',NULL,NULL,'',NULL,20);
INSERT INTO "ressources_healthcenter" VALUES(1188,'MGP UNG','0931','789','064','True','789',1,'','','','','','',NULL,NULL,'',NULL,20);
INSERT INTO "ressources_healthcenter" VALUES(1189,'MGP UNG','0941','789','064','True','789',1,'','','','','','',NULL,NULL,'',NULL,20);
INSERT INTO "ressources_healthcenter" VALUES(1190,'MGP UNG','0951','789','064','True','789',1,'','','','','','',NULL,NULL,'',NULL,20);
INSERT INTO "ressources_healthcenter" VALUES(1191,'MGP VALENCE','0261','789','064','True','789',1,'','','','','','',NULL,NULL,'',NULL,20);
INSERT INTO "ressources_healthcenter" VALUES(1192,'MGP VALENCIENNES','0599','789','064','True','789',1,'','','','','','',NULL,NULL,'',NULL,20);
INSERT INTO "ressources_healthcenter" VALUES(1193,'MGP Vannes','0561','789','064','True','789',1,'','','','','','',NULL,NULL,'',NULL,20);
INSERT INTO "ressources_healthcenter" VALUES(1194,'MGP VESOUL','0701','789','064','True','789',1,'','','','','','',NULL,NULL,'',NULL,20);
INSERT INTO "ressources_healthcenter" VALUES(1195,'MGP VIENNE','0382','789','064','True','789',1,'','','','','','',NULL,NULL,'',NULL,20);
INSERT INTO "ressources_healthcenter" VALUES(1196,'MGP VILLEFRANCHE sur SAONE','0692','789','064','True','789',1,'','','','','','',NULL,NULL,'',NULL,20);
INSERT INTO "ressources_healthcenter" VALUES(1197,'MNAM BORDEAUX','0516','331','000','True','331',1,'100 bis rue des Vindits','CS 980','50131','CHERBOURG OCTEVILLE CEDEX','0 810 02 40 40','02 33 08 29 22',NULL,NULL,'',NULL,23);
INSERT INTO "ressources_healthcenter" VALUES(1198,'MNAM BREST','0516','291','000','True','291',1,'100 bis rue des Vindits','CS 980','50131','CHERBOURG OCTEVILLE CEDEX','0 810 02 40 40','02 33 08 29 22',NULL,NULL,'',NULL,23);
INSERT INTO "ressources_healthcenter" VALUES(1199,'MNAM CHERBOURG','0516','501','000','True','501',1,'100 bis rue des Vindits','CS 980','50131','CHERBOURG OCTEVILLE CEDEX','0 810 02 40 40','02 33 08 29 22',NULL,NULL,'',NULL,23);
INSERT INTO "ressources_healthcenter" VALUES(1200,'MNAM LORIENT','0516','561','000','True','561',1,'100 bis rue des Vindits','CS 980','50131','CHERBOURG OCTEVILLE CEDEX','0 810 02 40 40 ','02 33 08 29 22',NULL,NULL,'',NULL,23);
INSERT INTO "ressources_healthcenter" VALUES(1201,'MNAM PARIS','0516','751','000','True','751',1,'122 rue de Javel','','75739','Paris Cedex 15 ','01 44 26 05 01','01 44 25 21 44  ',NULL,NULL,'',NULL,23);
INSERT INTO "ressources_healthcenter" VALUES(1202,'MNAM PARIS','0516','751','000','True','781',1,'122 rue de Javel','','75739','Paris Cedex 15 ','01 44 25 21 44  ','01 44 26 05 01',NULL,NULL,'',NULL,23);
INSERT INTO "ressources_healthcenter" VALUES(1203,'MNAM PARIS','0516','751','000','True','911',1,'122 rue de Javel','','75739','Paris Cedex 15 ','01 44 26 05 01','01 44 25 21 44  ',NULL,NULL,'',NULL,23);
INSERT INTO "ressources_healthcenter" VALUES(1204,'MNAM PARIS','0516','751','000','True','921',1,'1 rue de la fraternité ','','92449','ISSY LES MOULINEAUX  CEDEX','01 46 29 24 41','01 46 29 24 55',NULL,NULL,'',NULL,23);
INSERT INTO "ressources_healthcenter" VALUES(1205,'MNAM PARIS','0516','751','000','True','931',1,'122 rue de Javel  ','','75739','Paris Cedex 15 ','01 44 25 21 44  ','01 44 26 05 01',NULL,NULL,'',NULL,23);
INSERT INTO "ressources_healthcenter" VALUES(1206,'MNAM PARIS','0516','751','000','True','941',1,'122 rue de Javel','','75739','Paris  Cedex 15 ','01 44 25 21 44  ','01 44 26 05 01',NULL,NULL,'',NULL,23);
INSERT INTO "ressources_healthcenter" VALUES(1207,'MNAM PARIS','0516','751','000','True','951',1,'1 rue de la fraternité ','','92449','ISSY LES MOULINEAUX  CEDEX','01 46 29 24 41','01 46 29 24 55',NULL,NULL,'',NULL,23);
INSERT INTO "ressources_healthcenter" VALUES(1208,'MNAM QUIMPER','0516','292','000','True','292',1,'100 bis rue des Vindits','CS 980','50131','CHERBOURG OCTEVILLE CEDEX','0 810 02 40 40','02 33 08 29 22',NULL,NULL,'',NULL,23);
INSERT INTO "ressources_healthcenter" VALUES(1209,'MNAM RUELLE','0516','161','000','True','161',1,'100 bis rue des Vindits','CS 980','50131','CHERBOURG OCTEVILLE CEDEX','0 810 02 40 40','02 33 08 29 22',NULL,NULL,'',NULL,23);
INSERT INTO "ressources_healthcenter" VALUES(1210,'MNAM TOULON','0516','831','000','True','831',1,'100 bis rue des Vindits','CS 980 ','50131','CHERBOURG OCTEVILLE CEDEX','0 810 02 40 40 ','02 33 08 29 22',NULL,NULL,'',NULL,23);
INSERT INTO "ressources_healthcenter" VALUES(1211,'MNFCT','0606','756','014','True','751',1,'22, rue des vignerons ','','94686','VINCENNES  CEDEX','01 41 93 49 49 ','01 41 93 49 99 ',NULL,NULL,'',NULL,24);
INSERT INTO "ressources_healthcenter" VALUES(1212,'MNFCT','0606','784','014','True','781',1,'22, rue des vignerons ','','94686','VINCENNES  CEDEX','01 41 93 49 49 ','01 41 93 49 99 ',NULL,NULL,'',NULL,24);
INSERT INTO "ressources_healthcenter" VALUES(1213,'MNFCT','0606','916','014','True','911',1,'22, rue des vignerons  ','','94686','VINCENNES  CEDEX','01 41 93 49 49 ','01 41 93 49 99 ',NULL,NULL,'',NULL,24);
INSERT INTO "ressources_healthcenter" VALUES(1214,'MNFCT','0606','929','014','True','921',1,'22, rue des vignerons  ','','94686','VINCENNES  CEDEX ','01 41 93 49 49 ','01 41 93 49 99 ',NULL,NULL,'',NULL,24);
INSERT INTO "ressources_healthcenter" VALUES(1215,'MNFCT','0606','936','014','True','931',1,'22, rue des vignerons','','94686','VINCENNES CEDEX','01 41 93 49 49 ','01 41 93 49 99 ',NULL,NULL,'',NULL,24);
INSERT INTO "ressources_healthcenter" VALUES(1216,'MNFCT','0606','946','014','True','941',1,'22, rue des vignerons ','','94686','VINCENNES CEDEX ','01 41 93 49 49 ','01 41 93 49 99 ',NULL,NULL,'',NULL,24);
INSERT INTO "ressources_healthcenter" VALUES(1217,'MNFCT','0606','953','014','True','951',1,'22, rue des vignerons  ','','94686','VINCENNES  CEDEX ','01 41 93 49 49 ','01 41 93 49 99 ',NULL,NULL,'',NULL,24);
INSERT INTO "ressources_healthcenter" VALUES(1218,'MNH  AGEN','0619','471','070','True','471',1,'13 rue Neuve ','','47000','AGEN','05 53 77 71 00','03 83 15 12 29',NULL,NULL,'',NULL,22);
INSERT INTO "ressources_healthcenter" VALUES(1219,'MNH  AVIGNON','0619','841','070','True','841',1,'329 chemin des 9 Peyres ','','84000','AVIGNON','04 90 13 42 84','04 90 13 42 89',NULL,NULL,'',NULL,22);
INSERT INTO "ressources_healthcenter" VALUES(1220,'MNH  BESANCON','0619','251','070','True','251',1,'4 A rue Alfred de Vigny','','25000','BESANCON','03 81 51 91 00','03 81 51 91 29',NULL,NULL,'',NULL,22);
INSERT INTO "ressources_healthcenter" VALUES(1221,'MNH  BOBIGNY','0619','931','070','True','931',1,'185 rue de Bercy','','75581','PARIS  CEDEX 12','09 69 32 45 05','01 44 68 19 88',NULL,NULL,'',NULL,22);
INSERT INTO "ressources_healthcenter" VALUES(1222,'MNH  BORDEAUX','0619','331','070','True','331',1,'''le Palatino''','253 cours du Maréchal Gallieni  ','33000','BORDEAUX','05 56 99 31 50','05 56 99 31 79',NULL,NULL,'',NULL,22);
INSERT INTO "ressources_healthcenter" VALUES(1223,'MNH  BOURG EN BRESSE','0619','011','070','True','011',1,'225 rue des Vareys','','01440',' VIRIAT','','',NULL,NULL,'',NULL,22);
INSERT INTO "ressources_healthcenter" VALUES(1224,'MNH  BREST','0619','291','070','True','291',1,'48 rue de Kerambellec ','Au bourg d''Ergue Armel','29000','QUIMPER','02 98 90 99 10','02 98 90 99 39',NULL,NULL,'',NULL,22);
INSERT INTO "ressources_healthcenter" VALUES(1225,'MNH  CHAMBERY','0619','731','070','True','731',1,'123 rue Charles Montreuil ','','73000','CHAMBERRY','04 79 62 85 70','04 79 62 85 79',NULL,NULL,'',NULL,22);
INSERT INTO "ressources_healthcenter" VALUES(1226,'MNH  CHARTRES 1','0619','281','070','True','281',1,'11 rue Jean Rostand Zone d''activité  ','','28300','MAINVILLIERS','02 37 84 03 50','02 37 84 03 79',NULL,NULL,'',NULL,22);
INSERT INTO "ressources_healthcenter" VALUES(1227,'MNH  CRETEIL','0619','941','070','True','941',1,'185 rue de Bercy','','75581','PARIS CEDEX 12','09 69 32 45 05','01 44 68 19 88',NULL,NULL,'',NULL,22);
INSERT INTO "ressources_healthcenter" VALUES(1228,'MNH  EPINAL','0619','881','070','True','881',1,'9 Allée des Frenes','','88089','EPINAL','03 29 81 11 30','03 29 81 11 39',NULL,NULL,'',NULL,22);
INSERT INTO "ressources_healthcenter" VALUES(1229,'MNH  EVRY','0619','911','070','True','911',1,'185 rue de Bercy','','75581','PARIS  CEDEX 12','09 69 32 45 05','01 44 68 19 88',NULL,NULL,'',NULL,22);
INSERT INTO "ressources_healthcenter" VALUES(1230,'MNH  GRENOBLE','0619','381','070','True','381',1,'Impasse de la Chantourne ','','38700','LA TRONCHE','04 76 03 74 20','04 76 03 74 49',NULL,NULL,'',NULL,22);
INSERT INTO "ressources_healthcenter" VALUES(1231,'MNH  LA ROCHE SUR YON','0619','851','070','True','851',1,'Immeubel ','6 rue du Maréchal juin ','85007','LA ROCHE SUR YON','02 51 44 51 90','02 51 44 52 99',NULL,NULL,'',NULL,22);
INSERT INTO "ressources_healthcenter" VALUES(1232,'MNH  LIMOGES','0619','871','070','True','871',1,'','2 Av Martin Luther King','87000','LIMOGES','05.55.01.77.00','05.55.01.77.09',NULL,NULL,'',NULL,22);
INSERT INTO "ressources_healthcenter" VALUES(1233,'MNH  LONGWY','0619','541','070','True','541',1,'2 rue Jacquard ','','54500','VANDOEUVRE LES NANCY','03 83 15 12 20','03 83 15 12 29',NULL,NULL,'',NULL,22);
INSERT INTO "ressources_healthcenter" VALUES(1234,'MNH  MACON','0619','711','070','True','711',1,'74 rue Pierre Deliry ','','71100','CHALON SUR SAONE','03 85 97 12 50','03 85 97 12 59',NULL,NULL,'',NULL,22);
INSERT INTO "ressources_healthcenter" VALUES(1235,'MNH  NANCY','0619','542','070','True','542',1,'2 rue Jacquard ','','54500','VANDOEUVRE LES NANCY ','03 83 15 12 20 ','03 83 15 12 29',NULL,NULL,'',NULL,22);
INSERT INTO "ressources_healthcenter" VALUES(1236,'MNH  NANTERRE','0619','921','070','True','921',1,'185 rue de Bercy','','75581','PARIS  CEDEX 12','09 69 32 45 05','01 44 68 19 88',NULL,NULL,'',NULL,22);
INSERT INTO "ressources_healthcenter" VALUES(1237,'MNH  NIMES','0619','301','070','True','301',1,'83 rue André Le Nôtre  ','','30000','NIMES','04 66 38 69 69','04 66 38 69 79',NULL,NULL,'',NULL,22);
INSERT INTO "ressources_healthcenter" VALUES(1238,'MNH  ORLEANS','0619','451','070','True','451',1,'331 avenue d''Antibes ','','45200','AMILLY','02 38 90 70 99','02 38 90 75 65',NULL,NULL,'',NULL,22);
INSERT INTO "ressources_healthcenter" VALUES(1239,'MNH  PARIS','0619','751','070','True','751',1,'185 rue de Bercy','','75581','PARIS CEDEX 12','09 69 32 45 05','01 44 68 19 88',NULL,NULL,'',NULL,22);
INSERT INTO "ressources_healthcenter" VALUES(1240,'MNH  PONTOISE','0619','951','070','True','951',1,'185 rue de Bercy','','75581','PARIS  CEDEX 12','09 69 32 45 05','01 44 68 19 88',NULL,NULL,'',NULL,22);
INSERT INTO "ressources_healthcenter" VALUES(1241,'MNH  QUIMPER','0619','292','070','True','292',1,'48 rue de Kerambellec ','Au bourg d''Ergue Armel ','29000','QUIMPER','02 98 90 99 10 ','02 98 90 99 39',NULL,NULL,'',NULL,22);
INSERT INTO "ressources_healthcenter" VALUES(1242,'MNH  TOURS','0619','371','070','True','371',1,'285 rue Giraudeau ','','37000','TOURS','02 47 36 03 60','02 47 36 03 79',NULL,NULL,'',NULL,22);
INSERT INTO "ressources_healthcenter" VALUES(1243,'MNH  VERSAILLES','0619','781','070','True','781',1,'185 rue de Bercy','','75581','PARIS  CEDEX 12','09 69 32 45 05','01 44 68 19 88',NULL,NULL,'',NULL,22);
INSERT INTO "ressources_healthcenter" VALUES(1244,'MNH - CHARTRES 2','0613','282','070','True','281',1,'ZA le VALLIER - 11 rue jean Rostand','BP 1019','28305','MAINVILLIERS  CEDEX','','',NULL,NULL,'',NULL,24);
INSERT INTO "ressources_healthcenter" VALUES(1245,'MNH AGEN','0471','459','070','True','459',1,'','','','','','',NULL,NULL,'',NULL,22);
INSERT INTO "ressources_healthcenter" VALUES(1246,'MNH AVIGNON','0841','459','070','True','459',1,'','','','','','',NULL,NULL,'',NULL,22);
INSERT INTO "ressources_healthcenter" VALUES(1247,'MNH BESANCON','0251','459','070','True','459',1,'','','','','','',NULL,NULL,'',NULL,22);
INSERT INTO "ressources_healthcenter" VALUES(1248,'MNH BOBIGNY','0931','459','070','True','459',1,'','','','','','',NULL,NULL,'',NULL,22);
INSERT INTO "ressources_healthcenter" VALUES(1249,'MNH BORDEAUX','0331','459','070','True','459',1,'','','','','','',NULL,NULL,'',NULL,22);
INSERT INTO "ressources_healthcenter" VALUES(1250,'MNH BOURG EN BRESSE','0011','459','070','True','459',1,'','','','','','',NULL,NULL,'',NULL,22);
INSERT INTO "ressources_healthcenter" VALUES(1251,'MNH BREST','0291','459','070','True','459',1,'','','','','','',NULL,NULL,'',NULL,22);
INSERT INTO "ressources_healthcenter" VALUES(1252,'MNH CHAMBERY','0731','459','070','True','459',1,'','','','','','',NULL,NULL,'',NULL,22);
INSERT INTO "ressources_healthcenter" VALUES(1253,'MNH CHARTRES 1','0281','459','070','True','459',1,'','','','','','',NULL,NULL,'',NULL,22);
INSERT INTO "ressources_healthcenter" VALUES(1254,'MNH CHARTRES 2','0282','459','070','True','459',1,'','','','','','',NULL,NULL,'',NULL,22);
INSERT INTO "ressources_healthcenter" VALUES(1255,'MNH CRETEIL','0941','459','070','True','459',1,'','','','','','',NULL,NULL,'',NULL,22);
INSERT INTO "ressources_healthcenter" VALUES(1256,'MNH EPINAL','0881','459','070','True','459',1,'','','','','','',NULL,NULL,'',NULL,22);
INSERT INTO "ressources_healthcenter" VALUES(1257,'MNH EVRY','0911','459','070','True','459',1,'','','','','','',NULL,NULL,'',NULL,22);
INSERT INTO "ressources_healthcenter" VALUES(1258,'MNH GRENOBLE','0381','459','070','True','459',1,'','','','','','',NULL,NULL,'',NULL,22);
INSERT INTO "ressources_healthcenter" VALUES(1259,'MNH LA ROCHE SUR YON','0851','459','070','True','459',1,'','','','','','',NULL,NULL,'',NULL,22);
INSERT INTO "ressources_healthcenter" VALUES(1260,'MNH LIMOGES','0871','459','070','True','459',1,'','','','','','',NULL,NULL,'',NULL,22);
INSERT INTO "ressources_healthcenter" VALUES(1261,'MNH MACON','0711','459','070','True','459',1,'','','','','','',NULL,NULL,'',NULL,22);
INSERT INTO "ressources_healthcenter" VALUES(1262,'MNH NANCY','0542','459','070','True','459',1,'','','','','','',NULL,NULL,'',NULL,22);
INSERT INTO "ressources_healthcenter" VALUES(1263,'MNH NANTERRE','0921','459','070','True','459',1,'','','','','','',NULL,NULL,'',NULL,22);
INSERT INTO "ressources_healthcenter" VALUES(1264,'MNH NIMES','0301','459','070','True','459',1,'','','','','','',NULL,NULL,'',NULL,22);
INSERT INTO "ressources_healthcenter" VALUES(1265,'MNH ORLEANS','0451','459','070','True','459',1,'','','','','','',NULL,NULL,'',NULL,22);
INSERT INTO "ressources_healthcenter" VALUES(1266,'MNH PARIS','0751','459','070','True','459',1,'','','','','','',NULL,NULL,'',NULL,22);
INSERT INTO "ressources_healthcenter" VALUES(1267,'MNH PONTOISE','0951','459','070','True','459',1,'','','','','','',NULL,NULL,'',NULL,22);
INSERT INTO "ressources_healthcenter" VALUES(1268,'MNH TOURS','0371','459','070','True','459',1,'','','','','','',NULL,NULL,'',NULL,22);
INSERT INTO "ressources_healthcenter" VALUES(1269,'MNH VERSAILLES','0781','459','070','True','459',1,'','','','','','',NULL,NULL,'',NULL,22);
INSERT INTO "ressources_healthcenter" VALUES(1270,'MONT DE MARSAN','0000','401','005','True','401',1,'207, Rue Fontainebleau','','40013','MONT de MARSAN CEDEX','05 58 06 62 00','',NULL,NULL,'',NULL,1);
INSERT INTO "ressources_healthcenter" VALUES(1271,'MONT DE MARSAN','0000','401','641','True','401',1,'70, rue Alphonse Daudet','','40286','ST. PIERRE DU MONT  CEDEX','05 58 06 55 55','05 58 75 19 76',NULL,NULL,'',NULL,2);
INSERT INTO "ressources_healthcenter" VALUES(1272,'MONT DE MARSAN','0000','401','641','True','405',1,'70, rue Alphonse Daudet','','40286','ST. PIERRE DU MONT  CEDEX','05 58 06 55 55 ','05 58 75 19 76',NULL,NULL,'',NULL,2);
INSERT INTO "ressources_healthcenter" VALUES(1273,'MONTAUBAN','0000','821','002','True','821',1,'592, boulevard Blaise Doumerc','BP 778','82015','MONTAUBAN CEDEX','0820904118','05 63 21 39 08',NULL,NULL,'',NULL,1);
INSERT INTO "ressources_healthcenter" VALUES(1274,'MONTAUBAN','0000','821','821','True','821',1,'180. avenue Marcel Unal','','82014','MONTAUBAN CEDEX','05.63.21.61.61 ','05.63.21.61.79',NULL,NULL,'',NULL,2);
INSERT INTO "ressources_healthcenter" VALUES(1275,'MONTAUBAN','0000','822','821','True','822',1,'16, avenue de Mayenne','','82017','MONTAUBAN CEDEX','05 63 63 73 01','',NULL,NULL,'',NULL,2);
INSERT INTO "ressources_healthcenter" VALUES(1276,'MONTAUBAN','0000','821','821','True','825',1,'180. avenue Marcel Unal','','82014','MONTAUBAN CEDEX','05.63.21.61.61 ','05.63.21.61.79',NULL,NULL,'',NULL,2);
INSERT INTO "ressources_healthcenter" VALUES(1277,'MONTBELIARD','0000','252','010','True','252',1,'3, Avenue Léon Blum','','25215','MONTBELIARD CEDEX','03 81 99 12 02','03 81 99 13 19',NULL,NULL,'',NULL,1);
INSERT INTO "ressources_healthcenter" VALUES(1278,'MONTPELLIER','0000','341','341','True','341',1,'2. Maison de l''Agriculture','Place Chaptal ','34262','MONTPELLIER CEDEX','04.67.34.80.00 ','04.67.34.79.79',NULL,NULL,'',NULL,2);
INSERT INTO "ressources_healthcenter" VALUES(1279,'MONTPELLIER','0000','342','341','True','342',1,'Zac Val de Croze','Quai Flora Tristan','34273','MONTPELLIER CEDEX 3','04 99 51 26 30','',NULL,NULL,'',NULL,2);
INSERT INTO "ressources_healthcenter" VALUES(1280,'MONTPELLIER','0000','341','341','True','345',1,'2. Maison de l''Agriculture','Place Chaptal ','34262','MONTPELLIER CEDEX','04.67.34.80.00 ','04.67.34.79.79',NULL,NULL,'',NULL,2);
INSERT INTO "ressources_healthcenter" VALUES(1281,'MOULINS','0000','031','016','True','031',1,'9-11, Rue Achille Roche','','03010','MOULINS CEDEX','04 70 48 37 00','',NULL,NULL,'',NULL,1);
INSERT INTO "ressources_healthcenter" VALUES(1282,'MOULINS','0000','031','031','True','031',1,'20. avenue Meunier','B.P. 350 ','03011','MOULINS CEDEX ','04.70.35.36.37 ','04.70.35.35.35',NULL,NULL,'',NULL,2);
INSERT INTO "ressources_healthcenter" VALUES(1283,'MOULINS','0000','032','752','True','032',1,'21, Cours Jean Jaures','','03000','MOULINS','04 70 20 08 20','',NULL,NULL,'',NULL,2);
INSERT INTO "ressources_healthcenter" VALUES(1284,'MOULINS','0000','031','031','True','035',1,'20. avenue Meunier','B.P. 350 ','03011','MOULINS CEDEX','04.70.35.36.37 ','04.70.35.35.35',NULL,NULL,'',NULL,2);
INSERT INTO "ressources_healthcenter" VALUES(1285,'MUCIM-STANISLAS','5100','084','001','True','025',1,'50, place Mazelle','','57045','METZ  CEDEX 1','03.87.37.36.36','',NULL,NULL,'',NULL,3);
INSERT INTO "ressources_healthcenter" VALUES(1286,'Municipaux de Grenoble','0613','384','099','True','381',1,'18, rue Joseph Chanrion ','','38000','GRENOBLE','','',NULL,NULL,'',NULL,24);
INSERT INTO "ressources_healthcenter" VALUES(1287,'Municipaux de Rouen','0613','769','009','True','764',1,'Mairie de rouen  ','Place du Général de Gaulle ','76000','ROUEN','','',NULL,NULL,'',NULL,24);
INSERT INTO "ressources_healthcenter" VALUES(1288,'MUT EST','2600','219','001','True','003',1,'','','','','','',NULL,NULL,'',NULL,3);
INSERT INTO "ressources_healthcenter" VALUES(1289,'MUT EST','6400','169','001','True','054',1,'11, boulevard Wilson','','67082','STRASBOURG CEDEX','03.88.75.49.49','',NULL,NULL,'',NULL,3);
INSERT INTO "ressources_healthcenter" VALUES(1290,'MUTRALYA','0607','003','222','True','691',1,'38 RUE FRANCOIS PEISSEL','BP 127','69643','CALUIRE ET CUIRE CEDEX','','',NULL,NULL,'',NULL,24);
INSERT INTO "ressources_healthcenter" VALUES(1291,'MUTUALITE FRANCAISE DU CANTAL','5300','026','002','True','007',1,'12, place de la Paix','','15012','AURILLAC CEDEX','04.71.46.80.80 ','04.71.48.75.79',NULL,NULL,'',NULL,3);
INSERT INTO "ressources_healthcenter" VALUES(1292,'MUTUALITE SANTEVIE - MTG (MIDI PYRENEES)','5400','098','002','True','027',1,'650, boulevard Alsace-Lorraine','BP 830','82048','MONTAUBAN CEDEX','05.63.21.86.86','',NULL,NULL,'',NULL,3);
INSERT INTO "ressources_healthcenter" VALUES(1293,'MUTUALITE SANTEVIE - UMT (MIDI PYRENEES)','5200','097','002','True','027',1,'202, avenue de Pélissier','B.P. 35','81031','ALBI CEDEX 09','05.63.48.20.20','',NULL,NULL,'',NULL,3);
INSERT INTO "ressources_healthcenter" VALUES(1294,'MUTUELLE BLEUE','2100','207','002','True','046',1,'68 RUE DU ROCHER','','75396','PARIS CEDEX 08','01.53.42.59.59','',NULL,NULL,'',NULL,3);
INSERT INTO "ressources_healthcenter" VALUES(1295,'MUTUELLE BLEUE','2100','211','002','True','048',1,'68 RUE DU ROCHER','','75396','PARIS CEDEX 08','01.53.42.59.59','',NULL,NULL,'',NULL,3);
INSERT INTO "ressources_healthcenter" VALUES(1296,'MUTUELLE BLEUE','2100','215','002','True','052',1,'68 RUE DU ROCHER','','75396','PARIS CEDEX 08','01.53.42.59.59','',NULL,NULL,'',NULL,3);
INSERT INTO "ressources_healthcenter" VALUES(1297,'MUTUELLE BLEUE','5400','086','001','True','025',1,'29, avenue Foch','','57045','METZ   CEDEX 1','03.87.75.70.56','',NULL,NULL,'',NULL,3);
INSERT INTO "ressources_healthcenter" VALUES(1298,'MUTUELLE BLEUE (MIDI PYRENEES)','2100','091','002','True','027',1,'1, rue Matabiau','','31070','TOULOUSE CEDEX','05.61.62.79.78','05.62.73.59.95',NULL,NULL,'',NULL,3);
INSERT INTO "ressources_healthcenter" VALUES(1299,'MUTUELLE BLEUE (PROF. INDUST. COMM. ILE DE France)','2100','151','002','True','047',1,'68, rue du Rocher','','75396','PARIS CEDEX 08','01.53.42.59.59','01.53.42.58.38',NULL,NULL,'',NULL,3);
INSERT INTO "ressources_healthcenter" VALUES(1300,'Mutuelle Boissiere du batiment','0612','760','011','True','761',1,'38, rue Guy de Maupassant   ','','76041','ROUEN CEDEX','','',NULL,NULL,'',NULL,24);
INSERT INTO "ressources_healthcenter" VALUES(1301,'Mutuelle Boissiere du batiment','0612','770','011','True','764',1,'38, rue Guy de Maupassant ','','76041','ROUEN  CEDEX','','',NULL,NULL,'',NULL,24);
INSERT INTO "ressources_healthcenter" VALUES(1302,'Mutuelle de France Sud','2600','231','002','True','023',1,'','','','','','',NULL,NULL,'',NULL,3);
INSERT INTO "ressources_healthcenter" VALUES(1303,'MUTUELLE DE FRANCE SUD','4100','014','002','True','005',1,'199, avenue Jean Jaures','','47005','AGEN CEDEX ','05.53.66.26.83 ','05.53.66.48.70',NULL,NULL,'',NULL,3);
INSERT INTO "ressources_healthcenter" VALUES(1304,'MUTUELLE DE FRANCE SUD','4100','092','002','True','027',1,'478, quai de Regourd','BP 147','46018','CAHORS CEDEX','05.65.23.23.38','',NULL,NULL,'',NULL,3);
INSERT INTO "ressources_healthcenter" VALUES(1305,'MUTUELLE DE FRANCE SUD','5100','139','002','True','043',1,'447 AVENUE DE JOUQUES','BAT C1 POLE PERFORMANCE','13400','AUBAGNE  ','04.42.18.49.60','04.42.18.49.89',NULL,NULL,'',NULL,3);
INSERT INTO "ressources_healthcenter" VALUES(1306,'Mutuelle de l Est','0651','687','141','True','682',1,'62, avenue du Président KENNEDY','','68200','MULHOUSE','03.88.75.49.49','03.88.75.49.21',NULL,NULL,'',NULL,24);
INSERT INTO "ressources_healthcenter" VALUES(1307,'Mutuelle de l Est','0689','677','141','True','673',1,'11 boulevard WILSON','','67082','STRASBOURG CEDEX','03.88.75.49.49','03.88.75.49.21',NULL,NULL,'',NULL,24);
INSERT INTO "ressources_healthcenter" VALUES(1308,'Mutuelle des hopitaux de la Vienne','0651','017','003','True','861',1,'Hôtel Dieu pavillon le Blaye  ','La Miletrie - BP 59 ','86002','POITIERS  CEDEX','','',NULL,NULL,'',NULL,24);
INSERT INTO "ressources_healthcenter" VALUES(1309,'MUTUELLE des LANDES (AQUITAINE)','5300','017','002','True','005',1,'1, allées Brouchet','','40017','MONT DE MARSAN  CEDEX','05.58.05.80.58 ','05.58.75.14.06',NULL,NULL,'',NULL,3);
INSERT INTO "ressources_healthcenter" VALUES(1310,'Mutuelle des Municipaux de Marseille','0616','131','131','True','131',1,'4, rue Venture ','BP 1822 ','13221','MARSEILLE  CEDEX  01','','',NULL,NULL,'',NULL,24);
INSERT INTO "ressources_healthcenter" VALUES(1311,'MUTUELLE EXISTENCE','2600','230','002','True','021',1,'','','','','','',NULL,NULL,'',NULL,3);
INSERT INTO "ressources_healthcenter" VALUES(1312,'Mutuelle EXISTENCE','3400','145','002','True','045',1,'8, place de l''Hôtel de Ville','','42029','SAINT ETIENNE  CEDEX 1 ','04.77.42.35.80','',NULL,NULL,'',NULL,3);
INSERT INTO "ressources_healthcenter" VALUES(1313,'MUTUELLE EXISTENCE','5200','004','002','True','001',1,'30, avenue de France','','74945','ANNECY LE VIEUX  CEDEX','04.50.23.52.14','',NULL,NULL,'',NULL,3);
INSERT INTO "ressources_healthcenter" VALUES(1314,'MUTUELLE JURASSIENNE (FRANCHE COMTE)','5100','064','001','True','019',1,'17, rue Jules Bury','BP 523','39005','LONS LE SAUNIER','03.84.47.01.23','',NULL,NULL,'',NULL,3);
INSERT INTO "ressources_healthcenter" VALUES(1315,'MUTUELLE PRECOCIA (AUVERGNE)','3200','023','002','True','007',1,'27, rue Montlosier','','63058','CLERMONT FERRAND  CEDEX ','04.73.31.75.00 ','04.73.36.39.19',NULL,NULL,'',NULL,3);
INSERT INTO "ressources_healthcenter" VALUES(1316,'MUTUELLE S.M.I.P. (POITOU CHARENTES)','4100','132','002','True','041',1,'Madame PICHON','20, rue Thiers','79077','NIORT CEDEX 9','05 49 77 86 68','',NULL,NULL,'',NULL,3);
INSERT INTO "ressources_healthcenter" VALUES(1317,'MUTUELLE SANTE (COTE D AZUR)','5100','060','002','True','017',1,'64, boulevard Georges Clémenceau','','83056','TOULON  CEDEX ','04.94.01.60.76','04.94.62.97.82',NULL,NULL,'',NULL,3);
INSERT INTO "ressources_healthcenter" VALUES(1318,'MUTUELLE SANTE DES INDEPENDANTS (CHAMPAGNE ARDENNE)','5500','055','001','True','015',1,'1, place Jean de Mauroy','BP 737 ','10007','TROYES  CEDEX ','08 90 71 01 71','03.25.43.43.39',NULL,NULL,'',NULL,3);
INSERT INTO "ressources_healthcenter" VALUES(1319,'Mutuelle SMIP','4100','319','001','True','034',1,'','','','','','',NULL,NULL,'',NULL,3);
INSERT INTO "ressources_healthcenter" VALUES(1320,'Mutuelles du Soleil','2200','218','002','True','001',1,'','','','','','',NULL,NULL,'',NULL,3);
INSERT INTO "ressources_healthcenter" VALUES(1321,'Mutuelles du Soleil','2200','220','002','True','005',1,'','','','','','',NULL,NULL,'',NULL,3);
INSERT INTO "ressources_healthcenter" VALUES(1322,'Mutuelles du Soleil','2200','224','001','True','009',1,'','','','','','',NULL,NULL,'',NULL,3);
INSERT INTO "ressources_healthcenter" VALUES(1323,'Mutuelles du Soleil','2200','227','001','True','019',1,'','','','','','',NULL,NULL,'',NULL,3);
INSERT INTO "ressources_healthcenter" VALUES(1324,'Mutuelles du Soleil','2200','229','002','True','021',1,'','','','','','',NULL,NULL,'',NULL,3);
INSERT INTO "ressources_healthcenter" VALUES(1325,'Mutuelles du Soleil','2200','232','002','True','027',1,'','','','','','',NULL,NULL,'',NULL,3);
INSERT INTO "ressources_healthcenter" VALUES(1326,'Mutuelles du Soleil','2200','238','002','True','045',1,'','','','','','',NULL,NULL,'',NULL,3);
INSERT INTO "ressources_healthcenter" VALUES(1327,'Mutuelles du Soleil','2200','239','002','True','052',1,'','','','','','',NULL,NULL,'',NULL,3);
INSERT INTO "ressources_healthcenter" VALUES(1328,'Mutuelles du Soleil','2200','241','001','True','053',1,'','','','','','',NULL,NULL,'',NULL,3);
INSERT INTO "ressources_healthcenter" VALUES(1329,'Mutuelles du Soleil','2200','301','001','True','054',1,'','','','','','',NULL,NULL,'',NULL,3);
INSERT INTO "ressources_healthcenter" VALUES(1330,'Mutuelles du Soleil','2200','243','002','True','057',1,'','','','','','',NULL,NULL,'',NULL,3);
INSERT INTO "ressources_healthcenter" VALUES(1331,'MUTUELLES DU SOLEIL','3100','069','002','True','021',1,'52, boulevard Gambetta','','30039','NIMES  CEDEX','04.66.63.60.00','04.66.63.60.21',NULL,NULL,'',NULL,3);
INSERT INTO "ressources_healthcenter" VALUES(1332,'NANCY','0000','542','541','True','542',1,'9 rue Maurice Barres','','54075','NANCY CEDEX','03 83 18 88 60','03 83 18 88 68',NULL,NULL,'',NULL,2);
INSERT INTO "ressources_healthcenter" VALUES(1333,'NANTERRE','0000','921','036','True','921',1,'113, Rue des Trois Fontanot','','92026','NANTERRE CEDEX','01 41 45 20 00','',NULL,NULL,'',NULL,1);
INSERT INTO "ressources_healthcenter" VALUES(1334,'NANTES','0000','441','441','True','441',1,'2 impasse de l''Espéranto','SAINT-HERBLAIN','44957','NANTES CEDEX 9','02.40.41.39.39 ','02.40.41.39.19',NULL,NULL,'',NULL,2);
INSERT INTO "ressources_healthcenter" VALUES(1335,'NANTES','0000','442','441','True','442',1,'8 rue Petit Châtelier','CS 30322','44303','NANTES CEDEX 3','02 40 69 02 22','',NULL,NULL,'',NULL,2);
INSERT INTO "ressources_healthcenter" VALUES(1336,'NANTES','0000','441','441','True','445',1,'2 impasse de l''Espéranto','SAINT-HERBLAIN','44957','NANTES CEDEX 9','02.40.41.39.39 ','02 40  41 39 19',NULL,NULL,'',NULL,2);
INSERT INTO "ressources_healthcenter" VALUES(1337,'NEVERS','0000','581','010','True','581',1,'50, Rue Paul Vaillant Couturier','','58025','NEVERS CEDEX','3646','',NULL,NULL,'',NULL,1);
INSERT INTO "ressources_healthcenter" VALUES(1338,'NEVERS','0000','581','541','True','581',1,'Maison de l''Agriculture','B.P. 805 ','58017','NEVERS CEDEX','03.86.93.50.00 ','03.86.93.50.09',NULL,NULL,'',NULL,2);
INSERT INTO "ressources_healthcenter" VALUES(1339,'NEVERS','0000','582','541','True','582',1,'5, rue du Pont Cizeau','','58000','NEVERS','03 86 61 29 31','',NULL,NULL,'',NULL,2);
INSERT INTO "ressources_healthcenter" VALUES(1340,'NEVERS','0000','581','541','True','585',1,'Maison de l''Agriculture','B.P. 805 ','58017','NEVERS CEDEX','03.86.93.50.00 ','03.86.93.50.09',NULL,NULL,'',NULL,2);
INSERT INTO "ressources_healthcenter" VALUES(1341,'NICE','0000','061','021','True','061',1,'48 Av. Roi Robert Comte de Provence','','06100','NICE','3646','04 93 98 02 42',NULL,NULL,'',NULL,1);
INSERT INTO "ressources_healthcenter" VALUES(1342,'NICE','0000','061','381','True','061',1,'32. avenue de la Lanterne','','06044','NICE CEDEX','04.93.72.68.00 ','04.93.72.69.00',NULL,NULL,'',NULL,2);
INSERT INTO "ressources_healthcenter" VALUES(1343,'NICE','0000','061','381','True','065',1,'32. avenue de la Lanterne','','06044','NICE CEDEX','04.93.72.68.00 ','04.93.72.69.00',NULL,NULL,'',NULL,2);
INSERT INTO "ressources_healthcenter" VALUES(1344,'NIMES','0000','301','002','True','301',1,'14, Rue du Cirque Romain','','30921','NIMES CEDEX 9','04 66 76 62 62','',NULL,NULL,'',NULL,1);
INSERT INTO "ressources_healthcenter" VALUES(1345,'NIMES','0000','301','301','True','301',1,'Rue Edouard-Lalo','','30924','NIMES CEDEX 9','04.66.63.68.68 ','04.66.63.68.90',NULL,NULL,'',NULL,2);
INSERT INTO "ressources_healthcenter" VALUES(1346,'NIMES','0000','301','301','True','305',1,'Rue Edouard-Lalo','','30924','NIMES CEDEX 9 ','04.66.63.68.68 ','04.66.63.68.90',NULL,NULL,'',NULL,2);
INSERT INTO "ressources_healthcenter" VALUES(1347,'NIORT','0000','791','008','True','791',1,'Parc d''activités de l''Ebaupin','1 rue de l''Angélique','79041','NIORT CEDEX','05 49 77 30 00','',NULL,NULL,'',NULL,1);
INSERT INTO "ressources_healthcenter" VALUES(1348,'NIORT','0000','791','791','True','791',1,'12. avenue Bujault','','79042','NIORT CEDEX','05.49.06.30.30 ','05.49.06.30.49',NULL,NULL,'',NULL,2);
INSERT INTO "ressources_healthcenter" VALUES(1349,'NIORT','0000','792','752','True','792',1,'146 avenue de La Rochelle','BP 88811 ','79028','NIORT CEDEX ','05 49 09 89 00','',NULL,NULL,'',NULL,2);
INSERT INTO "ressources_healthcenter" VALUES(1350,'NIORT','0000','791','791','True','795',1,'12. avenue Bujault','','79042','NIORT CEDEX ','05.49.06.30.30 ','05.49.06.30.49',NULL,NULL,'',NULL,2);
INSERT INTO "ressources_healthcenter" VALUES(1351,'NOVALIA REGIME OBLIGATOIRE','5200','140','002','True','043',1,'25 Route de montfavet','BP 336','84022','AVIGNON CEDEX 1 ','04.90.13.36.36','04.90.88.62.37',NULL,NULL,'',NULL,3);
INSERT INTO "ressources_healthcenter" VALUES(1352,'ORASANTE  (LANGUEDOC ROUSSILLON)','5100','072','002','True','021',1,'','104 Avenue Franklin Roosevelt','11885','CARCASSONNE CEDEX 9','04.68.71.99.11','04.68.71.99.36',NULL,NULL,'',NULL,3);
INSERT INTO "ressources_healthcenter" VALUES(1353,'OREADE PREVIFRANCE','2500','223','002','True','007',1,'','','','','','',NULL,NULL,'',NULL,3);
INSERT INTO "ressources_healthcenter" VALUES(1354,'OREADE PREVIFRANCE','2500','326','002','True','045',1,'','','','','','',NULL,NULL,'',NULL,3);
INSERT INTO "ressources_healthcenter" VALUES(1355,'OREADE PREVIFRANCE','2500','327','002','True','052',1,'','','','','','',NULL,NULL,'',NULL,3);
INSERT INTO "ressources_healthcenter" VALUES(1356,'OREADE PREVIFRANCE','3200','070','002','True','021',1,'6, rue de Verdun','','11890','CARCASSONNE  CEDEX 9','04.68.47.71.00','04.68.71.35.95',NULL,NULL,'',NULL,3);
INSERT INTO "ressources_healthcenter" VALUES(1357,'OREADE PREVIFRANCE','4300','094','002','True','027',1,'80 rue Matabiau','','31070','TOULOUSE CEDEX','05.61.10.55.10','',NULL,NULL,'',NULL,3);
INSERT INTO "ressources_healthcenter" VALUES(1358,'OREADE PREVIFRANCE','5100','079','002','True','023',1,'1 bis, avenue Malaquin','','19017','TULLE  CEDEX ','05.55.20.48.00 ','05.55.20.97.43',NULL,NULL,'',NULL,3);
INSERT INTO "ressources_healthcenter" VALUES(1359,'OREADE PREVIFRANCE','5400','018','002','True','005',1,'15, quai du Docteur Calabet','','47910','AGEN  CEDEX 09 ','05.53.66.55.44','05.53.47.45.09',NULL,NULL,'',NULL,3);
INSERT INTO "ressources_healthcenter" VALUES(1360,'ORLEANS','0000','451','008','True','451',1,'Place du Général de Gaulle','','45021','ORLEANS CEDEX 1','02 38 79 47 00','',NULL,NULL,'',NULL,1);
INSERT INTO "ressources_healthcenter" VALUES(1361,'ORLEANS','0000','451','411','True','451',1,'11. avenue des Droits de l''Homme','B.P. 9200 ','45924','ORLEANS CEDEX 9 ','02.38.60.55.55','02.38.60.56.80',NULL,NULL,'',NULL,2);
INSERT INTO "ressources_healthcenter" VALUES(1362,'ORLEANS','0000','452','411','True','452',1,'23 place Saint Charles','','45918','ORLEANS CEDEX 9','02 38 24 96 10','',NULL,NULL,'',NULL,2);
INSERT INTO "ressources_healthcenter" VALUES(1363,'ORLEANS','0000','451','411','True','455',1,'11. avenue des Droits de l''Homme','B.P. 9200 ','45924','ORLEANS CEDEX 9 ','02.38.60.55.55','02.38.60.56.80',NULL,NULL,'',NULL,2);
INSERT INTO "ressources_healthcenter" VALUES(1364,'PARIS','0000','751','036','True','751',1,'21 rue Georges Auric','','75948','PARIS CEDEX 19','01 53 38 70 00','01 53 38 73 47',NULL,NULL,'',NULL,1);
INSERT INTO "ressources_healthcenter" VALUES(1365,'PARIS','0000','751','591','True','751',1,'161, av. Paul Vaillant Couturier','','94250','GENTILLY BP126','01 49 85 59 31','01 49 85 55 05',NULL,NULL,'',NULL,2);
INSERT INTO "ressources_healthcenter" VALUES(1366,'PARIS','0000','751','591','True','755',1,'161, av. Paul Vaillant Couturier','','94250','GENTILLY BP126','01 49 85 59 31','01 49 85 55 05',NULL,NULL,'',NULL,2);
INSERT INTO "ressources_healthcenter" VALUES(1367,'PAU','0000','641','641','True','641',1,'1. place Marguerite Laborde','','64017','PAU CEDEX','05.59.80.72.72 ','05.59.80.72.27',NULL,NULL,'',NULL,2);
INSERT INTO "ressources_healthcenter" VALUES(1368,'PAU','0000','642','005','True','642',1,'26 bis Avenue des Lilas','','64022','PAU CEDEX 9','05 59 90 30 00','',NULL,NULL,'',NULL,1);
INSERT INTO "ressources_healthcenter" VALUES(1369,'PAU','0000','642','641','True','642',1,'56 avenue Jean Mermoz','','64000','PAU','05 59 14 11 30','',NULL,NULL,'',NULL,2);
INSERT INTO "ressources_healthcenter" VALUES(1370,'PAU','0000','641','641','True','645',1,'1. place Marguerite Laborde','','64017','PAU CEDEX','05.59.80.72.72 ','05.59.80.72.27',NULL,NULL,'',NULL,2);
INSERT INTO "ressources_healthcenter" VALUES(1371,'PERIGUEUX','0000','241','005','True','241',1,'50, Rue Claude Bernard','','24910','PERIGUEUX CEDEX  9','05 53 35 60 00','05 53 35 61 30',NULL,NULL,'',NULL,1);
INSERT INTO "ressources_healthcenter" VALUES(1372,'PERIGUEUX','0000','241','821','True','241',1,'9. rue Maleville','','24012','PERIGUEUX CEDEX','05.53.02.67.00 ','05.53.09.55.85',NULL,NULL,'',NULL,2);
INSERT INTO "ressources_healthcenter" VALUES(1373,'PERIGUEUX','0000','242','821','True','242',1,'8, rue des Mobiles de Coulmiers','','24000','PERIGUEUX','05 53 05 15 23','',NULL,NULL,'',NULL,2);
INSERT INTO "ressources_healthcenter" VALUES(1374,'PERIGUEUX','0000','241','821','True','245',1,'9. rue Maleville','','24012','PERIGUEUX CEDEX','05.53.02.67.00 ','05.53.09.55.85',NULL,NULL,'',NULL,2);
INSERT INTO "ressources_healthcenter" VALUES(1375,'PERPIGNAN','0000','661','002','True','661',1,'BP 89928','','66013','PERPIGNAN 9','3646','04.68.35.96.96',NULL,NULL,'',NULL,1);
INSERT INTO "ressources_healthcenter" VALUES(1376,'PERPIGNAN','0000','661','341','True','661',1,'23 rue francois broussais','B.P. 946 ','66017','PERPIGNAN CEDEX 9','04.68.55.11.66 ','04.68.82.65.83',NULL,NULL,'',NULL,2);
INSERT INTO "ressources_healthcenter" VALUES(1377,'PERPIGNAN','0000','662','821','True','662',1,'4, rue d''Iéna','','66850','PERPIGNAN CEDEX ','04 68 34 10 97','',NULL,NULL,'',NULL,2);
INSERT INTO "ressources_healthcenter" VALUES(1378,'PERPIGNAN','0000','661','341','True','665',1,'23 rue francois broussais','B.P. 946 ','66017','PERPIGNAN CEDEX 9','04.68.55.11.66 ','04.68.82.65.83',NULL,NULL,'',NULL,2);
INSERT INTO "ressources_healthcenter" VALUES(1379,'POINTE A PITRE','0000','971','026','True','971',1,'Quartier de l''Hôtel de Ville','BP 486','97159','POINTE A PITRE CEDEX','05 90 90 50 00','',NULL,NULL,'',NULL,1);
INSERT INTO "ressources_healthcenter" VALUES(1380,'POINTE A PITRE','0000','971','591','True','971',1,'Pas d''antenne locale','','','','','',NULL,NULL,'',NULL,2);
INSERT INTO "ressources_healthcenter" VALUES(1381,'POITIERS','0000','861','008','True','861',1,'41, Rue du Touffenet','','86043','POITIERS CEDEX9','05 49 44 59 97','',NULL,NULL,'',NULL,1);
INSERT INTO "ressources_healthcenter" VALUES(1382,'POITIERS','0000','861','871','True','861',1,'37. rue de Touffenet','','86042','POITIERS CEDEX','05.49.44.56.40','05.49.01.80.40',NULL,NULL,'',NULL,2);
INSERT INTO "ressources_healthcenter" VALUES(1383,'POITIERS','0000','862','752','True','862',1,'5, Allée Martin Luther King','','86034','POITIERS CEDEX','05 49 36 10 38','',NULL,NULL,'',NULL,2);
INSERT INTO "ressources_healthcenter" VALUES(1384,'POITIERS','0000','861','871','True','865',1,'37. rue de Touffenet','','86042','POITIERS CEDEX','05.49.44.56.40','05.49.01.80.40',NULL,NULL,'',NULL,2);
INSERT INTO "ressources_healthcenter" VALUES(1385,'PREVADIES','3100','314','001','True','011',1,'Centre de Gestion 29.1','1 rue de Belle-Ile-en-mer','29193','QUIMPER Cedex','02-98-90-98-98','',NULL,NULL,'',NULL,3);
INSERT INTO "ressources_healthcenter" VALUES(1386,'PREVADIES','3100','108','001','True','031',1,'174, boulevard de Strasbourg','','76098','LE HAVRE  CEDEX ','02.35.19.11.41','02.35.19.12.41',NULL,NULL,'',NULL,3);
INSERT INTO "ressources_healthcenter" VALUES(1387,'PREVADIES','3500','316','001','True','015',1,'','','','','','',NULL,NULL,'',NULL,3);
INSERT INTO "ressources_healthcenter" VALUES(1388,'PREVADIES','3500','317','001','True','025',1,'','','','','','',NULL,NULL,'',NULL,3);
INSERT INTO "ressources_healthcenter" VALUES(1389,'PREVADIES','3500','318','001','True','029',1,'','','','','','',NULL,NULL,'',NULL,3);
INSERT INTO "ressources_healthcenter" VALUES(1390,'PREVADIES','5100','039','001','True','011',1,'1, rue de Belle-Ile-en-Mer','','29193','QUIMPER ','02.98.90.98.90','',NULL,NULL,'',NULL,3);
INSERT INTO "ressources_healthcenter" VALUES(1391,'PREVADIES','5200','031','001','True','009',1,'3, avenue de la Fontaine Sainte Marguerite','','89000','AUXERRE CEDEX','03.86.49.27.07','03.86.18.06.63',NULL,NULL,'',NULL,3);
INSERT INTO "ressources_healthcenter" VALUES(1392,'PREVADIES','5200','040','001','True','011',1,'3, boulevard Waldeck Rousseau','BP 2151 ','22021','SAINT BRIEUC  CEDEX 1','02.96.68.10.30 ','02.96.61.07.73',NULL,NULL,'',NULL,3);
INSERT INTO "ressources_healthcenter" VALUES(1393,'PREVADIES','5200','065','001','True','019',1,'22, rue Georges Colomb','BP 165 ','70204','LURE  CEDEX','03.84.30.08.12','',NULL,NULL,'',NULL,3);
INSERT INTO "ressources_healthcenter" VALUES(1394,'PREVADIES','5300','121','001','True','037',1,'1, rue de Cheverus','','53086','LAVAL  CEDEX 9','02.43.67.28.74','02.43.53.33.15',NULL,NULL,'',NULL,3);
INSERT INTO "ressources_healthcenter" VALUES(1395,'PREVADIES','5400','122','001','True','037',1,'84 a 100 rue du Miroir','BP 269 ','72006','LE MANS  CEDEX ','02.43.50.27.10 ','02.43.50.27.26',NULL,NULL,'',NULL,3);
INSERT INTO "ressources_healthcenter" VALUES(1396,'PREVADIES- CAMPI IDF','3200','152','002','True','047',1,'3 et 3 bis, rue Taylor','','75434','PARIS CEDEX 10','01.44.84.16.10','',NULL,NULL,'',NULL,3);
INSERT INTO "ressources_healthcenter" VALUES(1397,'PREVADIES-CAMPI IDF','3200','159','002','True','050',1,'3 et 3 bis, rue Taylor','','75474','PARIS CEDEX 10 ','01.44.84.16.35','',NULL,NULL,'',NULL,3);
INSERT INTO "ressources_healthcenter" VALUES(1398,'PREVADIES-CAMPI IDF CENTRE','3200','217','002','True','052',1,'3 ET 3 BIS RUE TAYLOR','','75474','PARIS CEDEX 10','01.44.84.16.11','',NULL,NULL,'',NULL,3);
INSERT INTO "ressources_healthcenter" VALUES(1399,'PREVADIES-CAMPI IDF EST','3200','213','002','True','048',1,'3 ET 3 BIS RUE TAYLOR','','75474','PARIS CEDEX 10','01.44.84.16.11','',NULL,NULL,'',NULL,3);
INSERT INTO "ressources_healthcenter" VALUES(1400,'PREVADIES-CAMPI IDF OUEST','3200','209','002','True','046',1,'3 ET 3 BIS RUE TAYLOR','','75474','PARIS CEDEX 10','01.44.84.16.11','',NULL,NULL,'',NULL,3);
INSERT INTO "ressources_healthcenter" VALUES(1401,'PREVADIES-CAMPI PL PARIS','3200','164','001','True','053',1,'3 et 3 bis, rue Taylor','','75474','PARIS CEDEX 10','01 44 84 16 01','01 44 84 16 41',NULL,NULL,'',NULL,3);
INSERT INTO "ressources_healthcenter" VALUES(1402,'PREVADIES-CAMPI PL PROVINCES','6200','168','001','True','054',1,'3 et 3 bis, rue Taylor','','75474','PARIS CEDEX 10 CEDEX 15','01 44 84 16 11','',NULL,NULL,'',NULL,3);
INSERT INTO "ressources_healthcenter" VALUES(1403,'PRIVAS','0000','071','381','True','071',1,'5. avenue du Vanel','B.P. 614 ','07006','PRIVAS CEDEX','04.75.66.42.00 ','04.75.64.08.69',NULL,NULL,'',NULL,2);
INSERT INTO "ressources_healthcenter" VALUES(1404,'PRIVAS','0000','071','381','True','075',1,'5. avenue du Vanel','B.P. 614 ','07006','PRIVAS CEDEX','04.75.66.42.00 ','04.75.64.08.69',NULL,NULL,'',NULL,2);
INSERT INTO "ressources_healthcenter" VALUES(1405,'QUIMPER','0000','292','018','True','292',1,'Rue de la République','Cité du Guerlac''h - BP 515','29192','QUIMPER CEDEX','02 98 76 41 41','',NULL,NULL,'',NULL,1);
INSERT INTO "ressources_healthcenter" VALUES(1406,'R.A.M (AQUITAINE)','1300','011','002','True','005',1,'I.A.R.D.','40, cours d''Albret','33080','BORDEAUX CEDEX','05.56.44.44.13 ','05.56.52.17.30',NULL,NULL,'',NULL,3);
INSERT INTO "ressources_healthcenter" VALUES(1407,'R.A.M (BASSE NORMANDIE)','1300','099','001','True','029',1,'3, rue du 11 Novembre','','14025','CAEN  CEDEX ','02.31.82.74.27 ','02.31.34.88.74',NULL,NULL,'',NULL,3);
INSERT INTO "ressources_healthcenter" VALUES(1408,'R.A.M (BRETAGNE)','1300','036','001','True','011',1,'ZAC St Sulpice -bat H- 14 rue du Patis Tatelin','','35018','RENNES CEDEX 7','0 811 012 012 ','',NULL,NULL,'',NULL,3);
INSERT INTO "ressources_healthcenter" VALUES(1409,'R.A.M (COTE D AZUR)','1300','057','002','True','017',1,'33 avenue notre Dame','','06000','NICE  CEDEX 1','0811012012','0492002171',NULL,NULL,'',NULL,3);
INSERT INTO "ressources_healthcenter" VALUES(1410,'R.A.M (DES PROFESSIONS LIBERALES)','1100','161','001','True','053',1,'3, boulevard NEY','BP 10450','75871','PARIS  CEDEX 18','01 53 26 62 79','01 53 26 62 71',NULL,NULL,'',NULL,3);
INSERT INTO "ressources_healthcenter" VALUES(1411,'R.A.M (DES PROFESSIONS LIBERALES)','1100','165','001','True','054',1,'14,allée charles pathé','','18934','BOURGES CEDEX 9','0 811 012 012','',NULL,NULL,'',NULL,3);
INSERT INTO "ressources_healthcenter" VALUES(1412,'R.A.M (DU LIMOUSIN)','1100','076','002','True','023',1,'7, allée Loewy - Parc D''Ester','','87068','LIMOGES  CEDEX ','0 811 012 012','',NULL,NULL,'',NULL,3);
INSERT INTO "ressources_healthcenter" VALUES(1413,'R.A.M (DU POITOU ET DES CHARENTES)','1100','128','002','True','041',1,'Madame ROBERT','5, allée Martin Luther King','86034','POITIERS CEDEX','05 49 36 10 38','05.49.45.83.54',NULL,NULL,'',NULL,3);
INSERT INTO "ressources_healthcenter" VALUES(1414,'R.A.M (HAUTE NORMANDIE)','1300','105','001','True','031',1,'20 RUE ALSACE LORRAINE','','76043','ROUEN  CEDEX 1','02.35.52.34.00 ','02.35.52.34.59',NULL,NULL,'',NULL,3);
INSERT INTO "ressources_healthcenter" VALUES(1415,'R.A.M (ILE DE FRANCE)','1100','149','002','True','047',1,'26-28, rue de Clichy','','75009','PARIS','01.53.20.67.00','',NULL,NULL,'',NULL,3);
INSERT INTO "ressources_healthcenter" VALUES(1416,'R.A.M (ILE DE FRANCE)','1100','155','002','True','050',1,'26-28, rue de Clichy','','75436','PARIS CEDEX 09','01.53.20.67.00','',NULL,NULL,'',NULL,3);
INSERT INTO "ressources_healthcenter" VALUES(1417,'R.A.M (LIMOUSIN)','1300','076','002','True','023',1,'20, rue Sainte Claire','','87038','LIMOGES  CEDEX ','05.55.34.39.93','',NULL,NULL,'',NULL,3);
INSERT INTO "ressources_healthcenter" VALUES(1418,'R.A.M (MIDI PYRENEES)','1300','087','002','True','027',1,'9 , rue Sébastopol','','31007','TOULOUSE CEDEX 6','05.62.15.14.90','',NULL,NULL,'',NULL,3);
INSERT INTO "ressources_healthcenter" VALUES(1419,'R.A.M (PAYS DE LA LOIRE)','1300','116','001','True','037',1,'160, rue Henri Champion','','72077','LE MANS  CEDEX 9','02.43.41.72.72 ','02.43.41.59.53',NULL,NULL,'',NULL,3);
INSERT INTO "ressources_healthcenter" VALUES(1420,'R.A.M (PICARDIE)','1300','124','001','True','039',1,'160, rue Henri Champion','','72031','LE MANS  CEDEX ','03.43.41.70.38','',NULL,NULL,'',NULL,3);
INSERT INTO "ressources_healthcenter" VALUES(1421,'R.A.M (POITOU CHARENTES)','1300','128','002','True','041',1,'','','','','','',NULL,NULL,'',NULL,3);
INSERT INTO "ressources_healthcenter" VALUES(1422,'R.A.M (PROF. ARTIS. ILE DE France)','1300','155','002','True','050',1,'16, rue de Londres','BP 452.09 ','75424','PARIS  CEDEX 09','01.40.16.73.55','',NULL,NULL,'',NULL,3);
INSERT INTO "ressources_healthcenter" VALUES(1423,'R.A.M (PROF. INDUST. COMM. ILE DE France)','1300','149','002','True','047',1,'26, rue Bénard','','75014','PARIS','0825 00 18 25','',NULL,NULL,'',NULL,3);
INSERT INTO "ressources_healthcenter" VALUES(1424,'R.A.M (PROF. LIB. DE PROVINCES)','1300','165','001','True','054',1,'54 - 160, rue Henri Champion','','72031','LE MANS CEDEX','02.43.41.72.72','',NULL,NULL,'',NULL,3);
INSERT INTO "ressources_healthcenter" VALUES(1425,'R.A.M (PROF. LIB. DE PROVINCES)','1900','165','001','True','054',1,'','','','','','',NULL,NULL,'',NULL,3);
INSERT INTO "ressources_healthcenter" VALUES(1426,'R.A.M (PROF. LIB. ILE DE France)','1300','161','001','True','053',1,'3, boulevard NEY','BP 10450','75871','PARIS CEDEX 18','01 53 26 62 79','01 53 26 62 71',NULL,NULL,'',NULL,3);
INSERT INTO "ressources_healthcenter" VALUES(1427,'R.A.M (PROF. LIB. ILE DE France)','1900','161','001','True','053',1,'','','','','','',NULL,NULL,'',NULL,3);
INSERT INTO "ressources_healthcenter" VALUES(1428,'R.A.M (PROVENCE)','1300','135','002','True','043',1,'25 bis avenue Jules Cantini -2 eme étage','','13006','MARSEILLE  ','08.25.87.86.75','08.25.39.23.61',NULL,NULL,'',NULL,3);
INSERT INTO "ressources_healthcenter" VALUES(1429,'R.A.M (RHONE)','1100','142','002','True','045',1,'La villette Part-dieu','bâtiment A 26 rue de la villette','69328','LYON CEDEX 03 ','04.37.48.89.36','04.37.48.89.30',NULL,NULL,'',NULL,3);
INSERT INTO "ressources_healthcenter" VALUES(1430,'R.A.M (SECTION AUTONOME BATELLERIE)','1300','170','002','True','055',1,'','','','','','',NULL,NULL,'',NULL,3);
INSERT INTO "ressources_healthcenter" VALUES(1431,'R.A.M de GUYANE (ANTILLES GUYANE)','6800','175','002','True','058',1,'49 rue schloecher','BP115','97345','CAYENNE CEDEX','0 811 012 012','',NULL,NULL,'',NULL,3);
INSERT INTO "ressources_healthcenter" VALUES(1432,'R.A.M.  (AQUITAINE)','1200','011','002','True','005',1,'5C, Esplanade Charles de Gaulle','Quartier Mériadeck','33081','BORDEAUX CEDEX','05.57.78.73.73 ','05.57.78.73.52',NULL,NULL,'',NULL,3);
INSERT INTO "ressources_healthcenter" VALUES(1433,'R.A.M. (ALPES)','1100','001','002','True','001',1,'47, avenue Alsace-Lorraine','','38061','GRENOBLE CEDEX','04.76.87.66.12','',NULL,NULL,'',NULL,3);
INSERT INTO "ressources_healthcenter" VALUES(1434,'R.A.M. (ALPES)','1200','001','002','True','001',1,'47, avenue Marie Reynoard','','38029','GRENOBLE CEDEX','04.76.40.88.75','',NULL,NULL,'',NULL,3);
INSERT INTO "ressources_healthcenter" VALUES(1435,'R.A.M. (ALSACE)','1100','006','001','True','003',1,'32 rue de l''industrie','','67412','ILLKIRCH CEDEX','08.11.01.20.12','03.88.52.92.70',NULL,NULL,'',NULL,3);
INSERT INTO "ressources_healthcenter" VALUES(1436,'R.A.M. (ALSACE)','1200','006','001','True','003',1,'Case Postale 81763','1 rue des Arquebusiers - BP 177','67005','STRASBOURG CEDEX','03.88.76.26.50 ','03.88.37.15.61',NULL,NULL,'',NULL,3);
INSERT INTO "ressources_healthcenter" VALUES(1437,'R.A.M. (AQUITAINE)','1100','011','002','True','005',1,'Immeuble ''Aquitaine'' -  Quartier Mériadeck','Rue du Corps Franc Pommies ','33087','BORDEAUX CEDEX','08.11.01.20.12 ','05.56.24.46.09',NULL,NULL,'',NULL,3);
INSERT INTO "ressources_healthcenter" VALUES(1438,'R.A.M. (AUVERGNE)','1100','020','002','True','007',1,'Résidence du Square','52, avenue Julien ','63037','CLERMONT FERRAND  CEDEX','0811.012.012','04.73.34.79.99',NULL,NULL,'',NULL,3);
INSERT INTO "ressources_healthcenter" VALUES(1439,'R.A.M. (AUVERGNE)','1200','020','002','True','007',1,'25, avenue Julien','','63037','CLERMONT FERRAND  CEDEX 1 ','04.73.34.90.00 ','04.73.34.59.61',NULL,NULL,'',NULL,3);
INSERT INTO "ressources_healthcenter" VALUES(1440,'R.A.M. (BASSE NORMANDIE)','1200','099','001','True','029',1,'12, rue du Clos-Herbert','','14059','CAEN  CEDEX ','02.31.30.20.20 ','02.31.30.20.04',NULL,NULL,'',NULL,3);
INSERT INTO "ressources_healthcenter" VALUES(1441,'R.A.M. (BOURGOGNE)','1100','028','001','True','009',1,'Apogée C - 7, boulevard Rembrandt','','21000','DIJON ','0811.012.012','03.80.71.40.14',NULL,NULL,'',NULL,3);
INSERT INTO "ressources_healthcenter" VALUES(1442,'R.A.M. (BRETAGNE)','1200','036','001','True','011',1,'ZAC St Sulpice -bat H- 14 rue du Patis Tatelin','','35708','RENNES CEDEX 7 ','0 811 012 012','',NULL,NULL,'',NULL,3);
INSERT INTO "ressources_healthcenter" VALUES(1443,'R.A.M. (CENTRE)','1100','043','001','True','013',1,'23, place Saint-Charles','','45918','ORLEANS CEDEX 9','0811.012.012','',NULL,NULL,'',NULL,3);
INSERT INTO "ressources_healthcenter" VALUES(1444,'R.A.M. (CHAMPAGNE ARDENNE)','1100','051','001','True','015',1,'10, rue Gambetta','','51042','CHALONS-EN-CHAMPAGNE  CEDEX ','0811 012 012','03.26.68.65.80',NULL,NULL,'',NULL,3);
INSERT INTO "ressources_healthcenter" VALUES(1445,'R.A.M. (CHAMPAGNE ARDENNE)','1200','051','001','True','015',1,'26, rue Céres','','51100','REIMS CEDEX ','0811 012 012','03.25.43.43.39',NULL,NULL,'',NULL,3);
INSERT INTO "ressources_healthcenter" VALUES(1446,'R.A.M. (CORSE)','1100','172','002','True','057',1,'Résidence Laetitita Bonaparte','Avenue de la Grande Armée','20000','AJACCIO','04.95.22.22.34','',NULL,NULL,'',NULL,3);
INSERT INTO "ressources_healthcenter" VALUES(1447,'R.A.M. (COTE D AZUR)','1200','057','002','True','017',1,'','','','','','',NULL,NULL,'',NULL,3);
INSERT INTO "ressources_healthcenter" VALUES(1448,'R.A.M. (de BRETAGNE)','1100','036','001','True','011',1,'ZAC St Sulpice -bat H- 14 rue du Patis Tatelin','','35708','RENNES CEDEX 7 ','0 811 012 012','',NULL,NULL,'',NULL,3);
INSERT INTO "ressources_healthcenter" VALUES(1449,'R.A.M. (de HAUTE NORMANDIE)','1100','105','001','True','031',1,'12, quai Pierre Corneille','','76026','ROUEN  CEDEX ','02.35.98.30.76 ','02.35.07.38.52',NULL,NULL,'',NULL,3);
INSERT INTO "ressources_healthcenter" VALUES(1450,'R.A.M. (de la COTE AZUR)','1100','057','002','True','017',1,'33 avenue notre dame','','06000','NICE  CEDEX 4','0811012012','0492002171',NULL,NULL,'',NULL,3);
INSERT INTO "ressources_healthcenter" VALUES(1451,'R.A.M. (FRANCHE COMTE)','1100','062','001','True','019',1,'3, rue Voirin','','25000','BESANCON','0.811.012.012','',NULL,NULL,'',NULL,3);
INSERT INTO "ressources_healthcenter" VALUES(1452,'R.A.M. (HAUTE NORMANDIE)','1200','105','001','True','031',1,'Immeuble Montmorency II','Centre Saint Sever - BP 1292 ','76178','ROUEN  CEDEX ','02.32.81.85.10 ','02.32.81.85.11',NULL,NULL,'',NULL,3);
INSERT INTO "ressources_healthcenter" VALUES(1453,'R.A.M. (LANGUEDOC ROUSSILLON)','1100','066','002','True','021',1,'ZAC Val de Croze','Quai Flora Tristan','34273','MONTPELLIER CEDEX 03','0811.012.012','04.99.51.26.32',NULL,NULL,'',NULL,3);
INSERT INTO "ressources_healthcenter" VALUES(1454,'R.A.M. (LANGUEDOC ROUSSILLON)','1200','066','002','True','021',1,'Les Bureaux du Polygone','265, rue des Etats du Languedoc  CS 49013','34965','MONTPELLIER  CEDEX 2','04.67.13.48.00','04.67.13.48.61',NULL,NULL,'',NULL,3);
INSERT INTO "ressources_healthcenter" VALUES(1455,'R.A.M. (LIMOUSIN)','1200','076','002','True','023',1,'7 bis, rue du Général Cérez','','87036','LIMOGES  CEDEX ','05.55.77.04.47','',NULL,NULL,'',NULL,3);
INSERT INTO "ressources_healthcenter" VALUES(1456,'R.A.M. (LORRAINE)','1100','081','001','True','025',1,'26, rue des Carmes','','54042','NANCY  CEDEX ','03.83.35.54.30','',NULL,NULL,'',NULL,3);
INSERT INTO "ressources_healthcenter" VALUES(1457,'R.A.M. (LORRAINE)','1200','081','001','True','025',1,'10, rue des Tiercelins','','54054','NANCY  CEDEX ','03.83.36.62.98','',NULL,NULL,'',NULL,3);
INSERT INTO "ressources_healthcenter" VALUES(1458,'R.A.M. (MIDI PYRENEES)','1100','087','002','True','027',1,'1, place Occitane','','31041','TOULOUSE CEDEX 9','0811 012 012','',NULL,NULL,'',NULL,3);
INSERT INTO "ressources_healthcenter" VALUES(1459,'R.A.M. (MIDI PYRENEES)','1200','087','002','True','027',1,'Le Pré Catelan','78, allées Jean Jaures','31044','TOULOUSE CEDEX','05.61.26.61.02','',NULL,NULL,'',NULL,3);
INSERT INTO "ressources_healthcenter" VALUES(1460,'R.A.M. (NORD)','1100','109','001','True','033',1,'','','','','','',NULL,NULL,'',NULL,3);
INSERT INTO "ressources_healthcenter" VALUES(1461,'R.A.M. (NORD)','1200','109','001','True','033',1,'','','','','','',NULL,NULL,'',NULL,3);
INSERT INTO "ressources_healthcenter" VALUES(1462,'R.A.M. (PAS DE CALAIS)','1100','114','001','True','035',1,'7, rue du Cardinal','','62012','ARRAS  CEDEX ','03 21 51 82 90','',NULL,NULL,'',NULL,3);
INSERT INTO "ressources_healthcenter" VALUES(1463,'R.A.M. (PAYS DE LA LOIRE)','1100','116','001','True','037',1,'8, rue du petit chatelier','','44303','NANTES  CEDEX 03','0811012012','02.40.69.39.43',NULL,NULL,'',NULL,3);
INSERT INTO "ressources_healthcenter" VALUES(1464,'R.A.M. (PAYS DE LA LOIRE)','1200','116','001','True','037',1,'1, rue Vasco de Gama','TSA n° 89071','44955','NANTES  CEDEX 9','02.51.25.32.51','02.51.25.32.50',NULL,NULL,'',NULL,3);
INSERT INTO "ressources_healthcenter" VALUES(1465,'R.A.M. (PICARDIE)','1100','124','001','True','039',1,'1, rue de l''Amiral Lejeune','','80055','AMIENS  CEDEX 1','03.20.08.43.00','',NULL,NULL,'',NULL,3);
INSERT INTO "ressources_healthcenter" VALUES(1466,'R.A.M. (POITOU CHARENTES)','1200','128','002','True','041',1,'','','','','','',NULL,NULL,'',NULL,3);
INSERT INTO "ressources_healthcenter" VALUES(1467,'R.A.M. (PROVENCE)','1100','135','002','True','043',1,'300, Av du Prado','','13272','MARSEILLE  CEDEX 08 ','08.11.01.20.12','04.96.19.00.01',NULL,NULL,'',NULL,3);
INSERT INTO "ressources_healthcenter" VALUES(1468,'R.A.M. (PROVENCE)','1200','135','002','True','043',1,'65, avenue Jules Cantini','Case Postale 8-14-63','13435','MARSEILLE  CEDEX 20 ','04.96.20.14.00','04.96.20.17.91',NULL,NULL,'',NULL,3);
INSERT INTO "ressources_healthcenter" VALUES(1469,'R.A.M. (REUNION)','1100','178','001','True','059',1,'Immeuble Europa','2, Allée Bonnier - BP 793','97400','SAINT DENIS ','0 811 012 012','',NULL,NULL,'',NULL,3);
INSERT INTO "ressources_healthcenter" VALUES(1470,'R.A.M. (SECTION AUTONOME BATELLERIE)','1100','170','002','True','055',1,'26-28, rue de Clichy','','75009','PARIS','01.53.20.67.00','',NULL,NULL,'',NULL,3);
INSERT INTO "ressources_healthcenter" VALUES(1471,'R.A.M. de GUADELOUPE (ANTILLES GUYANE)','7800','176','002','True','058',1,'ZAC houelbourg 3','BP 2017 ','97191','JARRY CEDEX','0 811 012 012','',NULL,NULL,'',NULL,3);
INSERT INTO "ressources_healthcenter" VALUES(1472,'R.A.M. de MARTINIQUE (ANTILLES GUYANE)','8800','177','002','True','058',1,'Carrefour MANGOT VULCIN ','Habitation Bois Quarré - BP 388 ','97288','LAMENTIN  CEDEX ','0 811 012 012','',NULL,NULL,'',NULL,3);
INSERT INTO "ressources_healthcenter" VALUES(1473,'R.AM. (BASSE NORMANDIE)','1100','099','001','True','029',1,'12 rue du clos herbert','','14052','CAEN  CEDEX ','02.31.43.56.94','',NULL,NULL,'',NULL,3);
INSERT INTO "ressources_healthcenter" VALUES(1474,'RADIANCE  MPI','3200','143','002','True','045',1,'95, rue Vendôme','','69453','LYON  CEDEX 06 ','04.78.89.57.57','',NULL,NULL,'',NULL,3);
INSERT INTO "ressources_healthcenter" VALUES(1475,'RADIANCE MPI','3100','029','001','True','009',1,'36, rue de Parpas','','71407','AUTUN CEDEX','09.69.36.40.00','03.85.86.26.13',NULL,NULL,'',NULL,3);
INSERT INTO "ressources_healthcenter" VALUES(1476,'RADIANCE MPI','3100','102','001','True','029',1,'37, rue Demées','BP 114 ','61004','ALENCON ','02.33.80.39.40 ','02.33.80.39.49',NULL,NULL,'',NULL,3);
INSERT INTO "ressources_healthcenter" VALUES(1477,'RADIANCE MPI','3200','204','001','True','034',1,'281 RUE NATIONALE','BP 69','59003','LILLE CEDEX','03.20.14.41.60','',NULL,NULL,'',NULL,3);
INSERT INTO "ressources_healthcenter" VALUES(1478,'RADIANCE MPI','3300','200','002','True','001',1,'95 rue vendome','','69453','LYON CEDEX 06 ','04.72.44.42.45','',NULL,NULL,'',NULL,3);
INSERT INTO "ressources_healthcenter" VALUES(1479,'RADIANCE PICARDIE','3100','126','001','True','039',1,'20, place Parmentier','','80057','AMIENS CEDEX 1','03.22.82.82.32','',NULL,NULL,'',NULL,3);
INSERT INTO "ressources_healthcenter" VALUES(1480,'RAM (ALSACE)','1400','006','001','True','003',1,'','','','','','',NULL,NULL,'',NULL,3);
INSERT INTO "ressources_healthcenter" VALUES(1481,'RAM du nord (Pas de Calais)','1100','202','001','True','034',1,'IMMEUBLE QUARTZ EUROPE 36 PLACE VAUBAN','QUARTIER ROMARIN','59777','EURALILLE','03 20 29 63 00','',NULL,NULL,'',NULL,3);
INSERT INTO "ressources_healthcenter" VALUES(1482,'RAM Ile de France','1100','206','002','True','046',1,'ZUP SAINT NICOLAS','128 Boulevard Jourdan','53081','LAVAL CEDEX 9','0811.012.012','',NULL,NULL,'',NULL,3);
INSERT INTO "ressources_healthcenter" VALUES(1483,'RAM Ile de France','1100','210','002','True','048',1,'ZUP SAINT NICOLAS','128 Boulevard Jourdan','53081','LAVAL CEDEX 9','0811.012.012','',NULL,NULL,'',NULL,3);
INSERT INTO "ressources_healthcenter" VALUES(1484,'RAM Ile de France','1100','214','002','True','052',1,'ZUP SAINT NICOLAS','128 Boulevard Jourdan','53081','LAVAL CEDEX 9','0811.012.012','',NULL,NULL,'',NULL,3);
INSERT INTO "ressources_healthcenter" VALUES(1485,'Regime des Subsistants','0000','110','001','True','400',1,'17 avenue du général Leclerc','','13347','Marseille  cedex 1','04.95.04.04.04','',NULL,NULL,'',NULL,4);
INSERT INTO "ressources_healthcenter" VALUES(1486,'Regime minier de securite sociale','0000','225','002','True','225',1,'77, avenue de Ségur','','75714','PARIS CEDEX 15','01.45.66.34.80','01.45.66.36.92',NULL,NULL,'',NULL,7);
INSERT INTO "ressources_healthcenter" VALUES(1487,'Regime special de la chambre de commerce et d industrie de Paris','0000','001','001','True','100',1,'49 rue de Tocqueville','','75813','Paris Cedex 17','','',NULL,NULL,'',NULL,11);
INSERT INTO "ressources_healthcenter" VALUES(1488,'REIMS','0000','511','013','True','511',1,'14-16, Rue du Ruisselet','','51086','REIMS CEDEX','03 26 84 40 40','',NULL,NULL,'',NULL,1);
INSERT INTO "ressources_healthcenter" VALUES(1489,'REIMS','0000','511','541','True','511',1,'24. boulevard Louis-Roederer','','51077','REIMS CEDEX','03.26.40.88.00 ','03.26.40.87.50',NULL,NULL,'',NULL,2);
INSERT INTO "ressources_healthcenter" VALUES(1490,'REIMS','0000','511','541','True','515',1,'24. boulevard Louis-Roederer','','51077','REIMS CEDEX','03.26.40.88.00 ','03.26.40.87.50',NULL,NULL,'',NULL,2);
INSERT INTO "ressources_healthcenter" VALUES(1491,'RENNES','0000','351','018','True','351',1,'Cours des Alliés','BP 34 A','35024','RENNES CEDEX 9','02 23 42 31 32','02 23 42 31 30',NULL,NULL,'',NULL,1);
INSERT INTO "ressources_healthcenter" VALUES(1492,'RENNES','0000','351','351','True','351',1,'10. avenue des Français Libres','','35027','RENNES CEDEX','02.99.01.80.80','02.99.31.52.16',NULL,NULL,'',NULL,2);
INSERT INTO "ressources_healthcenter" VALUES(1493,'RENNES','0000','352','351','True','352',1,'ZAC de Saint Sulpice  Bât. H','14 rue du Patis Tatelin   CS 80831','35708','RENNES CEDEX 7','02 99 87 15 80','',NULL,NULL,'',NULL,2);
INSERT INTO "ressources_healthcenter" VALUES(1494,'RENNES','0000','351','351','True','355',1,'10. avenue des Français Libres','','35027','RENNES CEDEX','02.99.01.80.80 ','02.99.31.52.16',NULL,NULL,'',NULL,2);
INSERT INTO "ressources_healthcenter" VALUES(1495,'ROANNE','0000','421','016','True','421',1,'26, Place des Promenades Populle','','42321','ROANNE CEDEX','0 820 904 123','',NULL,NULL,'',NULL,1);
INSERT INTO "ressources_healthcenter" VALUES(1496,'RODEZ','0000','121','002','True','121',1,'Avenue de Bamberg','','12020','RODEZ CEDEX 9','0 811 709 012','',NULL,NULL,'',NULL,1);
INSERT INTO "ressources_healthcenter" VALUES(1497,'RODEZ','0000','121','821','True','121',1,'15-17. avenue Victor Hugo','','12022','RODEZ CEDEX','05.63.48.40.40 ','05.63.48.40.99',NULL,NULL,'',NULL,2);
INSERT INTO "ressources_healthcenter" VALUES(1498,'RODEZ','0000','122','821','True','122',1,'Résidence Le Médicis','6 avenue de l''Hôpital    BOURRAN','12000','RODEZ','05 65 68 60 11','',NULL,NULL,'',NULL,2);
INSERT INTO "ressources_healthcenter" VALUES(1499,'RODEZ','0000','121','821','True','125',1,'15-17. avenue Victor Hugo','','12022','RODEZ CEDEX','05.63.48.40.40 ','05.63.48.40.99',NULL,NULL,'',NULL,2);
INSERT INTO "ressources_healthcenter" VALUES(1500,'ROUEN','0000','762','591','True','762',1,'65 avenue de Bretagne','','76026','ROUEN CEDEX 1','02 35 98 30 76','',NULL,NULL,'',NULL,2);
INSERT INTO "ressources_healthcenter" VALUES(1501,'S.I.M.S.A. MUTUELLE ACTION (PICARDIE)','3200','127','001','True','039',1,'106, rue Faidherbe','','60184','NOGENT SUR OISE  CEDEX ','03.44.74.30.30','',NULL,NULL,'',NULL,3);
INSERT INTO "ressources_healthcenter" VALUES(1502,'S.M.A.C.I. des VOSGES (LORRAINE)','5200','085','001','True','025',1,'55, rue de la Xavée','BP 131 ','88213','REMIREMONT  CEDEX ','03.29.26.11.70','',NULL,NULL,'',NULL,3);
INSERT INTO "ressources_healthcenter" VALUES(1503,'S.M.U.T.I. de l EST (LORRAINE)','3100','083','001','True','025',1,'6-8,  Viaduc Kennedy','','54042','NANCY  CEDEX ','03.83.90.60.60','',NULL,NULL,'',NULL,3);
INSERT INTO "ressources_healthcenter" VALUES(1504,'SAINT BRIEUC','0000','221','351','True','221',1,'12. rue de Paimpont','B.P. 68 ','22024','SAINT-BRIEUC  CEDEX','02.96.78.87.00 ','02.96.78.87.59',NULL,NULL,'',NULL,2);
INSERT INTO "ressources_healthcenter" VALUES(1505,'SAINT BRIEUC','0000','222','351','True','222',1,'7, Bld. Clémenceau','','22014','SAINT-BRIEUC  CEDEX','02 96 68 35 87','',NULL,NULL,'',NULL,2);
INSERT INTO "ressources_healthcenter" VALUES(1506,'SAINT BRIEUC','0000','221','351','True','225',1,'12. rue de Paimpont','B.P. 68 ','22024','SAINT-BRIEUC  CEDEX','02.96.78.87.00 ','02.96.78.87.59',NULL,NULL,'',NULL,2);
INSERT INTO "ressources_healthcenter" VALUES(1507,'SAINT DENIS','0000','974','027','True','974',1,'4 Boulevard Doret','','97704','SAINT DENIS CEDEX 9','02 62 40 33 40','',NULL,NULL,'',NULL,1);
INSERT INTO "ressources_healthcenter" VALUES(1508,'SAINT LO','0000','501','351','True','501',1,'9. place du Champ-de-Mars','B.P. 205 ','50005','SAINT-LO  CEDEX','02.33.06.40.00 ','02.33.06.42.00',NULL,NULL,'',NULL,2);
INSERT INTO "ressources_healthcenter" VALUES(1509,'SAINT LO','0000','502','752','True','502',1,'58, rue de la Marne','','50014','SAINT-LO  CEDEX','02 33 57 27 48','',NULL,NULL,'',NULL,2);
INSERT INTO "ressources_healthcenter" VALUES(1510,'SAINT LO','0000','501','351','True','505',1,'9. place du Champ-de-Mars','B.P. 205 ','50005','SAINT-LO  CEDEX','02.33.06.40.00 ','02.33.06.42.00',NULL,NULL,'',NULL,2);
INSERT INTO "ressources_healthcenter" VALUES(1511,'SAINT PRIEST EN JAREZ','0000','421','381','True','421',1,'43. avenue Albert-Raimond','B.P. 51 ','42275','ST-PRIEST-EN-JAREZ CEDEX','04.77.91.54.83','04.77.91.55.58',NULL,NULL,'',NULL,2);
INSERT INTO "ressources_healthcenter" VALUES(1512,'SAINT PRIEST EN JAREZ','0000','421','381','True','425',1,'43. avenue Albert-Raimond','B.P. 51 ','42275','ST-PRIEST-EN-JAREZ  CEDEX','04.77.91.54.72','04.77.91.55.25',NULL,NULL,'',NULL,2);
INSERT INTO "ressources_healthcenter" VALUES(1513,'SAINTES','0000','171','171','True','171',1,'1 Bd Vladimir','Fief Montlouis','17106','SAINTES CEDEX','05.46.97.50.85','05.46.93.84.26',NULL,NULL,'',NULL,2);
INSERT INTO "ressources_healthcenter" VALUES(1514,'SAINTES','0000','171','171','True','175',1,'1 Bd Vladimir','Fief Montlouis','17106','SAINTES  CEDEX','05.46.97.50.87','05.46.93.84.26',NULL,NULL,'',NULL,2);
INSERT INTO "ressources_healthcenter" VALUES(1515,'SANTEVIE Professions Independantes','4100','071','002','True','021',1,'10, rue de la Madeleine','','12023','RODEZ  CEDEX 9','05.65.73.59.59','',NULL,NULL,'',NULL,3);
INSERT INTO "ressources_healthcenter" VALUES(1516,'SANTEVIE Professions Independantes','4200','093','002','True','027',1,'10 rue de Bruxelles','BOURAN','12000','RODEZ','0810 122 012','',NULL,NULL,'',NULL,3);
INSERT INTO "ressources_healthcenter" VALUES(1517,'SANTEVIE Professions Independantes','5200','080','002','True','023',1,'14, avenue Victor Hugo','BP 124 ','19000','TULLE  CEDEX ','05.55.29.97.97 ','05.55.29.97.90',NULL,NULL,'',NULL,3);
INSERT INTO "ressources_healthcenter" VALUES(1518,'SARREGUEMINES','0000','572','017','True','572',1,'2, Rue de l''Ecole','BP 31169','57217','SARREGUEMINES CEDEX','03 87 95 80 00','',NULL,NULL,'',NULL,1);
INSERT INTO "ressources_healthcenter" VALUES(1519,'Section Locale Banque De France','0699','947','004','True','941',1,'','','','','','',NULL,NULL,'',NULL,24);
INSERT INTO "ressources_healthcenter" VALUES(1520,'SELESTAT','0000','672','017','True','672',1,'2, Avenue Schweisguth','','67605','SELESTAT CEDEX','0820904152','',NULL,NULL,'',NULL,1);
INSERT INTO "ressources_healthcenter" VALUES(1521,'Senat','0000','751','001','True','751',1,'15, rue Vaugirard ','','75291','PARIS  CEDEX 06','01.42.34.20.33','01.42.34.35.29',NULL,NULL,'',NULL,13);
INSERT INTO "ressources_healthcenter" VALUES(1522,'SMEBA Angers','0617','492','074','True','491',1,'50 bis boulevard du Roi René','BP 50705','49007','ANGERS CEDEX 01','08 25 83 41 70','',NULL,NULL,'',NULL,24);
INSERT INTO "ressources_healthcenter" VALUES(1523,'SMEBA Brest','0617','293','074','True','291',1,'32 r Prof Langevin ','','29200','BREST ','02 98 47 24 29','',NULL,NULL,'',NULL,24);
INSERT INTO "ressources_healthcenter" VALUES(1524,'SMEBA Cholet','0617','493','074','True','492',1,'5 bd Pierre Lecoq ','','49300','CHOLET ','02 41 71 81 86','02 41 71 81 86',NULL,NULL,'',NULL,24);
INSERT INTO "ressources_healthcenter" VALUES(1525,'SMEBA La Roche sur Yon','0617','852','074','True','851',1,'2 pl Marché ','','85000','LA ROCHE SUR YON ','02 51 36 12 60','',NULL,NULL,'',NULL,24);
INSERT INTO "ressources_healthcenter" VALUES(1526,'SMEBA Laval','0617','532','074','True','531',1,'2 r Lieutenant  ','','53000','LAVAL ','02 43 56 17 05','',NULL,NULL,'',NULL,24);
INSERT INTO "ressources_healthcenter" VALUES(1527,'SMEBA Le Mans','0617','722','074','True','721',1,'34 av François Mitterrand ','','72000','LE MANS ','02 43 39 90 20',' 02 43 39 90 29',NULL,NULL,'',NULL,24);
INSERT INTO "ressources_healthcenter" VALUES(1528,'SMEBA Nantes','0617','442','074','True','441',1,'7 all Duguay Trouin ','','44000','NANTES ','02 40 35 90 90',' 02 40 35 90 87',NULL,NULL,'',NULL,24);
INSERT INTO "ressources_healthcenter" VALUES(1529,'SMEBA Quimper','0617','294','074','True','292',1,'Résidence E Bernard ','4 pl Locronan  ','29000','QUIMPER ','02 98 55 69 19','',NULL,NULL,'',NULL,24);
INSERT INTO "ressources_healthcenter" VALUES(1530,'SMEBA Rennes','0617','352','074','True','351',1,'4 r Victor Hugo  ','','35000','RENNES ','02 99 78 84 54 ',' 02 99 78 84 60',NULL,NULL,'',NULL,24);
INSERT INTO "ressources_healthcenter" VALUES(1531,'SMEBA ST Brieuc','0617','222','074','True','221',1,'2 bd Waldeck Rousseau  ','','22000','SAINT BRIEUC ','02 96 33 62 11','',NULL,NULL,'',NULL,24);
INSERT INTO "ressources_healthcenter" VALUES(1532,'SMEBA Vannes','0617','562','074','True','561',1,'13 r Hoche ','','56000','VANNES ','02 97 54 17 67','02 97 54 92 86',NULL,NULL,'',NULL,24);
INSERT INTO "ressources_healthcenter" VALUES(1533,'SMECO Angouleme','0617','163','007','True','161',1,'5 bd Berthelot ','','16000','ANGOULEME ','05 45 37 37 84','',NULL,NULL,'',NULL,24);
INSERT INTO "ressources_healthcenter" VALUES(1534,'SMECO Blois','0617','083','007','True','411',1,'16 r St Lubin ','','41000','BLOIS ','02 54 58 80 51','',NULL,NULL,'',NULL,24);
INSERT INTO "ressources_healthcenter" VALUES(1535,'SMECO Bourges','0617','078','007','True','181',1,'14 r Calvin   ','','18000','BOURGES','02 48 02 15 00','',NULL,NULL,'',NULL,24);
INSERT INTO "ressources_healthcenter" VALUES(1536,'SMECO Chartres','0617','283','007','True','281',1,'16 r Ormes ','','28000','CHARTRES','02 37 84 06 99','',NULL,NULL,'',NULL,24);
INSERT INTO "ressources_healthcenter" VALUES(1537,'SMECO Chateauroux','0617','362','007','True','361',1,'31 r Poste ','','36000','CHATEAUROUX ','02 54 08 04 43','',NULL,NULL,'',NULL,24);
INSERT INTO "ressources_healthcenter" VALUES(1538,'SMECO La Rochelle','0617','033','007','True','171',1,'Le Gabut','3 Passage du Drakar','17000','La Rochelle','05.46.41.81.54','',NULL,NULL,'',NULL,24);
INSERT INTO "ressources_healthcenter" VALUES(1539,'SMECO Niort','0617','792','007','True','791',1,'13 r Alsace Lorraine ','','79000','NIORT ','05 49 76 10 43','',NULL,NULL,'',NULL,24);
INSERT INTO "ressources_healthcenter" VALUES(1540,'SMECO Orleans','0617','047','007','True','451',1,'2 r St Paul ','','45000','ORLEANS ','02 38 53 10 11','',NULL,NULL,'',NULL,24);
INSERT INTO "ressources_healthcenter" VALUES(1541,'SMECO Poitiers','0617','058','007','True','861',1,'73 r Cathédrale ','','86000','POITIERS','05 49 88 38 57','',NULL,NULL,'',NULL,24);
INSERT INTO "ressources_healthcenter" VALUES(1542,'SMECO Tours','0617','039','007','True','371',1,'4 r Chanoineau ','','37000','TOURS ','02 47 20 88 17','',NULL,NULL,'',NULL,24);
INSERT INTO "ressources_healthcenter" VALUES(1543,'SMENO Alencon','0617','613','129','True','611',1,'','BP 1171 -   ','76176','Rouen Saint-Sever  Cedex ','02 32 18 05 33','',NULL,NULL,'',NULL,24);
INSERT INTO "ressources_healthcenter" VALUES(1544,'SMENO Amiens','0617','803','129','True','801',1,'','','59040','Lille  Cedex ','03 59 57 98 00','',NULL,NULL,'',NULL,24);
INSERT INTO "ressources_healthcenter" VALUES(1545,'SMENO Armentieres','0617','107','129','True','591',1,'','','59040','Lille  Cedex ','03 59 57 98 00','',NULL,NULL,'',NULL,24);
INSERT INTO "ressources_healthcenter" VALUES(1546,'SMENO Arras','0617','626','129','True','621',1,'','','59040','Lille  Cedex ','03 59 57 98 00','',NULL,NULL,'',NULL,24);
INSERT INTO "ressources_healthcenter" VALUES(1547,'SMENO Beauvais','0617','603','129','True','601',1,'','','59040','Lille  Cedex ','03 59 57 98 00','',NULL,NULL,'',NULL,24);
INSERT INTO "ressources_healthcenter" VALUES(1548,'SMENO Boulogne','0617','627','129','True','622',1,'','','59040','Lille  Cedex ','03 59 57 98 00','',NULL,NULL,'',NULL,24);
INSERT INTO "ressources_healthcenter" VALUES(1549,'SMENO Calais','0617','628','129','True','623',1,'','','59040','Lille  Cedex ','03 59 57 98 00','',NULL,NULL,'',NULL,24);
INSERT INTO "ressources_healthcenter" VALUES(1550,'SMENO Calvados','0617','143','129','True','141',1,'','BP 1171 - ','76176','Rouen Saint-Sever  Cedex ','02 32 18 05 33','',NULL,NULL,'',NULL,24);
INSERT INTO "ressources_healthcenter" VALUES(1551,'SMENO Cambrai','0617','137','129','True','592',1,'','','59040','Lille  Cedex ','03 59 57 98 00','',NULL,NULL,'',NULL,24);
INSERT INTO "ressources_healthcenter" VALUES(1552,'SMENO Creil','0617','604','129','True','602',1,'','','59040','Lille  Cedex ','03 59 57 98 00','',NULL,NULL,'',NULL,24);
INSERT INTO "ressources_healthcenter" VALUES(1553,'SMENO Douai','0617','108','129','True','593',1,'','','59040','Lille  Cedex ','03 59 57 98 00','',NULL,NULL,'',NULL,24);
INSERT INTO "ressources_healthcenter" VALUES(1554,'SMENO Dunkerque','0617','113','129','True','594',1,'','','59040','Lille  Cedex ','03 59 57 98 00','',NULL,NULL,'',NULL,24);
INSERT INTO "ressources_healthcenter" VALUES(1555,'SMENO Evreux','0617','272','129','True','271',1,'','BP 1171 - ','76176','Rouen Saint-Sever  Cedex ','02 32 18 05 33','',NULL,NULL,'',NULL,24);
INSERT INTO "ressources_healthcenter" VALUES(1556,'SMENO Laon','0617','021','129','True','021',1,'','','59040','Lille  Cedex ','03 59 57 98 00','',NULL,NULL,'',NULL,24);
INSERT INTO "ressources_healthcenter" VALUES(1557,'SMENO Le Havre','0617','123','129','True','763',1,'','BP 1171 -  ','76176','Rouen Saint-Sever  Cedex ','02 32 18 05 33','',NULL,NULL,'',NULL,24);
INSERT INTO "ressources_healthcenter" VALUES(1558,'SMENO Lens','0617','629','129','True','624',1,'','','59040','Lille  Cedex ','03 59 57 98 00','',NULL,NULL,'',NULL,24);
INSERT INTO "ressources_healthcenter" VALUES(1559,'SMENO Lille','0617','114','129','True','595',1,'45, boulevard de la Liberté','','59046','LILLE','0 820 42 34 23','',NULL,NULL,'',NULL,24);
INSERT INTO "ressources_healthcenter" VALUES(1560,'SMENO Maubeuge','0617','116','129','True','596',1,'','','59040','Lille  Cedex ','03 59 57 98 00','',NULL,NULL,'',NULL,24);
INSERT INTO "ressources_healthcenter" VALUES(1561,'SMENO Roubaix','0617','117','129','True','597',1,'','','59040','Lille  Cedex ','03 59 57 98 00','',NULL,NULL,'',NULL,24);
INSERT INTO "ressources_healthcenter" VALUES(1562,'SMENO Rouen','0617','126','129','True','764',1,'','BP 1171 - ','76176','Rouen Saint-Sever  Cedex ','02 32 18 05 33','',NULL,NULL,'',NULL,24);
INSERT INTO "ressources_healthcenter" VALUES(1563,'SMENO Saint Lo','0617','503','129','True','501',1,'','BP 1171 -  ','76176','Rouen Saint-Sever  Cedex ','02 32 18 05 33','',NULL,NULL,'',NULL,24);
INSERT INTO "ressources_healthcenter" VALUES(1564,'SMENO St Quentin','0617','022','129','True','022',1,'','','59040','Lille   Cedex','03 59 57 98 00','',NULL,NULL,'',NULL,24);
INSERT INTO "ressources_healthcenter" VALUES(1565,'SMENO Tourcoing','0617','118','129','True','598',1,'','','59040','Lille  Cedex ','03 59 57 98 00','',NULL,NULL,'',NULL,24);
INSERT INTO "ressources_healthcenter" VALUES(1566,'SMENO Valenciennes','0617','119','129','True','599',1,'','','59040','Lille   Cedex','03 59 57 98 00','',NULL,NULL,'',NULL,24);
INSERT INTO "ressources_healthcenter" VALUES(1567,'SMERAG','0617','971','097','True','971',1,'27 r Achille René Boisneuf ','','97110','POINTE A PITRE   ','0590 89 29 30','0590 21 35 35',NULL,NULL,'',NULL,24);
INSERT INTO "ressources_healthcenter" VALUES(1568,'SMERAG','0617','972','097','True','972',1,'35 r Victor Schoelcher ','','97200','FORT DE FRANCE   ','0596 72 82 00','',NULL,NULL,'',NULL,24);
INSERT INTO "ressources_healthcenter" VALUES(1569,'SMERAG','0617','973','097','True','973',1,'76 r Justin Catayée ','','97300','CAYENNE','0594 25 21 84','0594 25 21 85',NULL,NULL,'',NULL,24);
INSERT INTO "ressources_healthcenter" VALUES(1570,'SMEREB Auxerre','0617','073','007','True','891',1,'6, rue Marie Noël','','89000','AUXERRE','03.86.52.89.18','',NULL,NULL,'',NULL,24);
INSERT INTO "ressources_healthcenter" VALUES(1571,'SMEREB Belfort','0617','062','007','True','901',1,'3 r Metz Juteau ','','90000','BELFORT','03 84 55 02 95','',NULL,NULL,'',NULL,24);
INSERT INTO "ressources_healthcenter" VALUES(1572,'SMEREB Besancon','0617','036','007','True','251',1,'22 r Ronchaux ','','25000','BESANCON ','03 81 81 36 38','',NULL,NULL,'',NULL,24);
INSERT INTO "ressources_healthcenter" VALUES(1573,'SMEREB Dijon','0617','034','007','True','211',1,'11 Ter bd Voltaire ','','21000','DIJON ','03 80 65 21 27','',NULL,NULL,'',NULL,24);
INSERT INTO "ressources_healthcenter" VALUES(1574,'SMEREB Le Creusot','0617','053','007','True','711',1,'34 r Mar Leclerc ','','71200','LE CREUSOT ','03 85 55 85 78','',NULL,NULL,'',NULL,24);
INSERT INTO "ressources_healthcenter" VALUES(1575,'SMEREB Lons le Saunier','0617','082','007','True','391',1,'26, rue Lecourbe','','39000','Lons le saunier','03.84.47.69.39','',NULL,NULL,'',NULL,24);
INSERT INTO "ressources_healthcenter" VALUES(1576,'SMEREB Montbeliard','0617','079','007','True','252',1,'3 r Metz Juteau  ','','90000','BELFORT','03 84 55 02 95','',NULL,NULL,'',NULL,24);
INSERT INTO "ressources_healthcenter" VALUES(1577,'SMEREB Nevers','0617','048','007','True','581',1,'20 r Charles Roy ','','58000','NEVERS ','03 86 36 96 96','',NULL,NULL,'',NULL,24);
INSERT INTO "ressources_healthcenter" VALUES(1578,'SMEREP','0617','753','097','True','751',1,'16 Boulevard du Général Leclerc','','92115','CLICHY Cedex','01 56 54 36 34','',NULL,NULL,'',NULL,24);
INSERT INTO "ressources_healthcenter" VALUES(1579,'SMEREP','0617','773','097','True','771',1,'16 Boulevard du Général Leclerc','','92115','CLICHY Cedex','01 56 54 36 34','',NULL,NULL,'',NULL,24);
INSERT INTO "ressources_healthcenter" VALUES(1580,'SMEREP','0617','783','097','True','781',1,'16 Boulevard du Général Leclerc','','92115','CLICHY Cedex','01 56 54 36 34','',NULL,NULL,'',NULL,24);
INSERT INTO "ressources_healthcenter" VALUES(1581,'SMEREP','0617','913','097','True','911',1,'16 Boulevard du Général Leclerc','','92115','CLICHY Cedex','01 56 54 36 34','',NULL,NULL,'',NULL,24);
INSERT INTO "ressources_healthcenter" VALUES(1582,'SMEREP','0617','127','097','True','921',1,'16 Boulevard du Général Leclerc','','92115','CLICHY Cedex','01 56 54 36 34','',NULL,NULL,'',NULL,24);
INSERT INTO "ressources_healthcenter" VALUES(1583,'SMEREP','0617','934','097','True','931',1,'16 Boulevard du Général Leclerc','','92115','CLICHY Cedex','01 56 54 36 34','',NULL,NULL,'',NULL,24);
INSERT INTO "ressources_healthcenter" VALUES(1584,'SMEREP','0617','943','097','True','941',1,'16 Boulevard du Général Leclerc','','92115','CLICHY Cedex','01 56 54 36 34','',NULL,NULL,'',NULL,24);
INSERT INTO "ressources_healthcenter" VALUES(1585,'SMEREP','0617','952','097','True','951',1,'16 Boulevard du Général Leclerc','','92115','CLICHY Cedex','01 56 54 36 34','',NULL,NULL,'',NULL,24);
INSERT INTO "ressources_healthcenter" VALUES(1586,'SMERRA Annecy','0617','056','007','True','741',1,'4 r St François de Sales ','','74000','ANNECY ','04 50 52 99 35','',NULL,NULL,'',NULL,24);
INSERT INTO "ressources_healthcenter" VALUES(1587,'SMERRA Bourg en Bresse','0617','084','007','True','011',1,'43 r Jaboulay ','','69007','LYON  ','04 72 76 70 70','',NULL,NULL,'',NULL,24);
INSERT INTO "ressources_healthcenter" VALUES(1588,'SMERRA Chambery','0617','054','007','True','731',1,'123 r Michaud ','','73000','CHAMBERY ','04 79 33 34 34','',NULL,NULL,'',NULL,24);
INSERT INTO "ressources_healthcenter" VALUES(1589,'SMERRA Clermont Ferrand','0617','049','007','True','631',1,'63 bd Côte Blatin ','','63000','CLERMONT FERRAND ','04 73 35 16 95','',NULL,NULL,'',NULL,24);
INSERT INTO "ressources_healthcenter" VALUES(1590,'SMERRA Grenoble','0617','042','007','True','381',1,'15 r St Joseph ','','38000','GRENOBLE  ','04 76 87 88 33','',NULL,NULL,'',NULL,24);
INSERT INTO "ressources_healthcenter" VALUES(1591,'SMERRA Lyon','0617','032','007','True','691',1,'43 r Jaboulay ','','69007','LYON  ','04 72 76 70 70','',NULL,NULL,'',NULL,24);
INSERT INTO "ressources_healthcenter" VALUES(1592,'SMERRA Montlucon','0617','076','007','True','031',1,'32 r Faubourg St Pierre  ','','03100','MONTLUCON ','04 70 28 31 78','',NULL,NULL,'',NULL,24);
INSERT INTO "ressources_healthcenter" VALUES(1593,'SMERRA Roanne','0617','044','007','True','421',1,'14 pl Hôtel de Ville ','','42300','ROANNE ','04 77 67 78 96','',NULL,NULL,'',NULL,24);
INSERT INTO "ressources_healthcenter" VALUES(1594,'SMERRA Saint Etienne','0617','046','007','True','422',1,'37 r 11 Novembre ','','42000','SAINT ETIENNE ','04 77 80 02 17','',NULL,NULL,'',NULL,24);
INSERT INTO "ressources_healthcenter" VALUES(1595,'SMERRA Valence','0617','038','007','True','261',1,'34 av Prés Herriot ','','26000','VALENCE ','04 75 56 48 76','',NULL,NULL,'',NULL,24);
INSERT INTO "ressources_healthcenter" VALUES(1596,'SMERRA VIENNE','0617','043','007','True','382',1,'','','','','','',NULL,NULL,'',NULL,24);
INSERT INTO "ressources_healthcenter" VALUES(1597,'SMPIV - RADIANCE (BRETAGNE)','5400','042','001','True','011',1,'1, cours des Alliés','','35029','RENNES CEDEX','02.99.29.66.00','',NULL,NULL,'',NULL,3);
INSERT INTO "ressources_healthcenter" VALUES(1598,'SOCIETE MUTUALISTE DE L EST','2600','228','001','True','019',1,'','','','','','',NULL,NULL,'',NULL,3);
INSERT INTO "ressources_healthcenter" VALUES(1599,'ST BRIEUC','0000','221','018','True','221',1,'106, Boulevard Hoche','','22024','SAINT-BRIEUC CEDEX 1','0 820 904 179','',NULL,NULL,'',NULL,1);
INSERT INTO "ressources_healthcenter" VALUES(1600,'ST LO','0000','501','001','True','501',1,'Montée du Bois André','','50012','SAINT LO CEDEX','02 33 06 58 00','',NULL,NULL,'',NULL,1);
INSERT INTO "ressources_healthcenter" VALUES(1601,'ST NAZAIRE','0000','442','023','True','442',1,'9 rue Gaëtan Rondeau','','44958','NANTES CEDEX 9','0811709044','',NULL,NULL,'',NULL,1);
INSERT INTO "ressources_healthcenter" VALUES(1602,'ST QUENTIN','0000','022','011','True','022',1,'29, Boulevard Roosevelt','BP 606','02323','SAINT QUENTIN CEDEX','03 23 08 41 41','',NULL,NULL,'',NULL,1);
INSERT INTO "ressources_healthcenter" VALUES(1603,'STRASBOURG','0000','671','541','True','671',1,'9 , rue de Guebwiller','','68023','COLMAR CEDEX ','03 89 20 78 68','03 89 20 79 00',NULL,NULL,'',NULL,2);
INSERT INTO "ressources_healthcenter" VALUES(1604,'STRASBOURG','0000','672','541','True','672',1,'32 rue de l''Industrie','BP 90439','67412','ILLKIRCH CEDEX','03 90 40 06 90','',NULL,NULL,'',NULL,2);
INSERT INTO "ressources_healthcenter" VALUES(1605,'STRASBOURG','0000','671','541','True','675',1,'9 rue de Guebwiller','','68023','Colmar CEDEX ','03 89 20 78 68','03 89 20 79 00',NULL,NULL,'',NULL,2);
INSERT INTO "ressources_healthcenter" VALUES(1606,'TARBES','0000','651','002','True','651',1,'8, Place au Bois','','65021','TARBES CEDEX 9','0820 904 135','05 62 34 49 34',NULL,NULL,'',NULL,1);
INSERT INTO "ressources_healthcenter" VALUES(1607,'TARBES','0000','651','641','True','651',1,'22. rue de Cronstadt ','B.P. 119 ','65022','TARBES CEDEX ','05.62.34.39.95 ','05.62.51.07.46',NULL,NULL,'',NULL,2);
INSERT INTO "ressources_healthcenter" VALUES(1608,'TARBES','0000','652','641','True','652',1,'Résidence Foch','23, rue Larrey ','65000','TARBES','05 62 56 91 79','',NULL,NULL,'',NULL,2);
INSERT INTO "ressources_healthcenter" VALUES(1609,'TARBES','0000','651','641','True','655',1,'22. rue de Cronstadt','B.P. 119 ','65022','TARBES CEDEX','05.62.34.39.95 ','05.62.51.07.46',NULL,NULL,'',NULL,2);
INSERT INTO "ressources_healthcenter" VALUES(1610,'THIONVILLE','0000','573','017','True','573',1,'2, Allée Bel Air','BP 50351','57128','THIONVILLE CEDEX','03 82 55 94 00','03 82 55 94 99',NULL,NULL,'',NULL,1);
INSERT INTO "ressources_healthcenter" VALUES(1611,'TOULON','0000','831','021','True','831',1,'Rue Emile Ollivier','BP 328','83082','TOULON CEDEX','04 94 46 87 00','',NULL,NULL,'',NULL,1);
INSERT INTO "ressources_healthcenter" VALUES(1612,'TOULON','0000','832','752','True','832',1,'34, rue Picot','','83000','TOULON','04 94 93 08 46','',NULL,NULL,'',NULL,2);
INSERT INTO "ressources_healthcenter" VALUES(1613,'TOULOUSE','0000','311','002','True','311',1,'3 Bld Prof. Léopold Escande','','31093','TOULOUSE CEDEX 9','05.62.73.81.20','',NULL,NULL,'',NULL,1);
INSERT INTO "ressources_healthcenter" VALUES(1614,'TOULOUSE','0000','311','821','True','311',1,'61, allée de Brienne','','31064','TOULOUSE CEDEX','05.61.10.40.40 ','05.61.22.46.64',NULL,NULL,'',NULL,2);
INSERT INTO "ressources_healthcenter" VALUES(1615,'TOULOUSE','0000','312','821','True','312',1,'1, Place Occitane','','31041','TOULOUSE CEDEX 9 ','05 62 30 53 10','',NULL,NULL,'',NULL,2);
INSERT INTO "ressources_healthcenter" VALUES(1616,'TOULOUSE','0000','311','821','True','315',1,'61. allée de Brienne','','31064','TOULOUSE CEDEX','05.61.10.40.40 ','05.61.22.46.64',NULL,NULL,'',NULL,2);
INSERT INTO "ressources_healthcenter" VALUES(1617,'TOURCOING','0000','598','011','True','598',1,'2 Place Sébastopol','BP 700','59208','TOURCOING CEDEX','03 20 25 72 00','03 20 25 72 69',NULL,NULL,'',NULL,1);
INSERT INTO "ressources_healthcenter" VALUES(1618,'TOURS','0000','371','008','True','371',1,'Cité Administrative du Champ Girault','36 Rue Edouard Vaillant','37035','TOURS CEDEX  9','36 46','',NULL,NULL,'',NULL,1);
INSERT INTO "ressources_healthcenter" VALUES(1619,'TOURS','0000','371','411','True','371',1,'31. rue Michelet','','37040','TOURS CEDEX','02.47.31.61.50 ','02.47.31.68.42',NULL,NULL,'',NULL,2);
INSERT INTO "ressources_healthcenter" VALUES(1620,'TOURS','0000','372','411','True','372',1,'39ter, Bld. Heurteloup','','37000','TOURS','02 47 05 56 96','',NULL,NULL,'',NULL,2);
INSERT INTO "ressources_healthcenter" VALUES(1621,'TOURS','0000','371','411','True','375',1,'31. rue Michelet','','37040','TOURS CEDEX','02.47.31.61.50','02.47.31.68.42',NULL,NULL,'',NULL,2);
INSERT INTO "ressources_healthcenter" VALUES(1622,'TROYES','0000','101','013','True','101',1,'113, Rue Etienne Pédron','BP 500','10030','TROYES CEDEX','3646','',NULL,NULL,'',NULL,1);
INSERT INTO "ressources_healthcenter" VALUES(1623,'TROYES','0000','101','541','True','101',1,'1 avenue du Maréchal Joffre','','10032','TROYES CEDEX','03.25.43.54.00 ','03.25.43.54.74',NULL,NULL,'',NULL,2);
INSERT INTO "ressources_healthcenter" VALUES(1624,'TROYES','0000','102','541','True','102',1,'127, rue Emile Zola','','10000','TROYES','03 25 72 55 50','03 25 72 55 52',NULL,NULL,'',NULL,2);
INSERT INTO "ressources_healthcenter" VALUES(1625,'TROYES','0000','101','541','True','105',1,'1 avenue du Maréchal Joffre','','10032','TROYES CEDEX','03.25.43.54.00 ','03.25.43.54.74',NULL,NULL,'',NULL,2);
INSERT INTO "ressources_healthcenter" VALUES(1626,'TULLE','0000','191','008','True','191',1,'6 Rue Souham','','19033','TULLE CEDEX','0820904133','',NULL,NULL,'',NULL,1);
INSERT INTO "ressources_healthcenter" VALUES(1627,'TULLE','0000','191','821','True','191',1,'Champeau','B.P. 20 ','19019','TULLE CEDEX','05.55.93.40.40 ','05.55.26.26.67',NULL,NULL,'',NULL,2);
INSERT INTO "ressources_healthcenter" VALUES(1628,'TULLE','0000','191','821','True','195',1,'Champeau','B.P. 20 ','19019','TULLE CEDEX','05.55.93.40.40 ','05.55.26.26.67',NULL,NULL,'',NULL,2);
INSERT INTO "ressources_healthcenter" VALUES(1629,'U.T.I.M. (PROF. ARTIS. ILE DE France)','5200','160','002','True','050',1,'14, rue René Cassin','','77014','MELUN CEDEX','01.64.71.40.00','',NULL,NULL,'',NULL,3);
INSERT INTO "ressources_healthcenter" VALUES(1630,'U.T.I.M. (PROF. INDUST. COMM. ILE DE France)','5100','154','002','True','047',1,'14, rue René Cassin','','77014','MELUN CEDEX','01.64.71.39.99','01.60.68.89.25',NULL,NULL,'',NULL,3);
INSERT INTO "ressources_healthcenter" VALUES(1631,'UMCAPI','2300','221','002','True','005',1,'','','','','','',NULL,NULL,'',NULL,3);
INSERT INTO "ressources_healthcenter" VALUES(1632,'UMCAPI','2300','225','001','True','013',1,'','','','','','',NULL,NULL,'',NULL,3);
INSERT INTO "ressources_healthcenter" VALUES(1633,'UMCAPI','2300','234','001','True','037',1,'','','','','','',NULL,NULL,'',NULL,3);
INSERT INTO "ressources_healthcenter" VALUES(1634,'UMCAPI','2300','313','001','True','039',1,'','','','','','',NULL,NULL,'',NULL,3);
INSERT INTO "ressources_healthcenter" VALUES(1635,'UMCAPI','2300','240','002','True','052',1,'','','','','','',NULL,NULL,'',NULL,3);
INSERT INTO "ressources_healthcenter" VALUES(1636,'UMCAPI','3400','205','001','True','034',1,'19, rue de la Poste','BP 30259 ','59306','VALENCIENNES  CEDEX ','03.27.28.98.98','',NULL,NULL,'',NULL,3);
INSERT INTO "ressources_healthcenter" VALUES(1637,'UMCAPI','5500','134','002','True','041',1,'Madame SHAM/Madame BEVON','45 a 49, avenue Jean Moulin','17034','LA ROCHELLE CEDEX','05 16 49 60 18','',NULL,NULL,'',NULL,3);
INSERT INTO "ressources_healthcenter" VALUES(1638,'UMIGA','0614','010','226','True','691',1,'38 RUE FRANCOIS PEISSEL','BP 119','69646','CALUIRE ET CUIRE CEDEX','','',NULL,NULL,'',NULL,24);
INSERT INTO "ressources_healthcenter" VALUES(1639,'UNION MTNS SUD-OUEST','4400','095','002','True','027',1,'Résidence Lamartine','4, rue Saint Vincent de Paul','65000','TARBES','05.62.44.21.22','',NULL,NULL,'',NULL,3);
INSERT INTO "ressources_healthcenter" VALUES(1640,'UNION MTNS SUD-OUEST','5100','015','002','True','005',1,'23, rue Bodin','','24014','PERIGUEUX CEDEX','05.53.02.18.50 ','05.53.09.30.03',NULL,NULL,'',NULL,3);
INSERT INTO "ressources_healthcenter" VALUES(1641,'UNION MTNS SUD-OUEST','5200','016','002','True','005',1,'8, terrasse du Front du Médoc','','33089','BORDEAUX CEDEX','05.56.01.58.40 ','05.56.01.58.39',NULL,NULL,'',NULL,3);
INSERT INTO "ressources_healthcenter" VALUES(1642,'UNION MTNS SUD-OUEST','5500','019','002','True','005',1,'38, allées Marines','','64112','BAYONNE CEDEX','05.59.44.75.00 ','05.59.44.75.91',NULL,NULL,'',NULL,3);
INSERT INTO "ressources_healthcenter" VALUES(1643,'UPBTP','0612','007','228','True','691',1,'5, rue Jean Marie Chavant ','','69369','LYON  CEDEX 07','','',NULL,NULL,'',NULL,24);
INSERT INTO "ressources_healthcenter" VALUES(1644,'UTIM CENTRE','5400','027','002','True','007',1,'11, cours Victor Hugo','','43000','LE PUY EN VELAY','04.71.04.70.50','04.71.04.70.51',NULL,NULL,'',NULL,3);
INSERT INTO "ressources_healthcenter" VALUES(1645,'UTIM CENTRE','5500','034','001','True','009',1,'8, rue Creuse','','58014','NEVERS  CEDEX ','03.86.59.74.15','03.86.59.80.13',NULL,NULL,'',NULL,3);
INSERT INTO "ressources_healthcenter" VALUES(1646,'UTIM CENTRE','5500','049','001','True','013',1,'16, rue des Grands Champs','','45000','ORLEANS ','02.38.78.83.83','',NULL,NULL,'',NULL,3);
INSERT INTO "ressources_healthcenter" VALUES(1647,'UTIM LR-MP','5100','096','002','True','027',1,'37-39, boulevard Valmy','','81011','ALBI CEDEX 9','05.63.49.45.94','',NULL,NULL,'',NULL,3);
INSERT INTO "ressources_healthcenter" VALUES(1648,'UTIM LR-MP','5500','075','002','True','021',1,'19, place Saint-Aphrodise','CS n° 610 ','34535','BEZIERS  CEDEX','04.67.49.80.25','04.67.28.99.15',NULL,NULL,'',NULL,3);
INSERT INTO "ressources_healthcenter" VALUES(1649,'VALENCE','0000','261','016','True','261',1,'Avenue du Président Herriot','BP 1000','26024','VALENCE CEDEX','3646','04 75 75 52 23',NULL,NULL,'',NULL,1);
INSERT INTO "ressources_healthcenter" VALUES(1650,'VALENCE','0000','261','381','True','261',1,'29. rue Frédéric Chopin','B.P. 1001 ','26025','VALENCE CEDEX','04.75.75.68.68 ','04.75.42.57.14',NULL,NULL,'',NULL,2);
INSERT INTO "ressources_healthcenter" VALUES(1651,'VALENCE','0000','261','381','True','265',1,'29. rue Frédéric Chopin','B.P. 1001 ','26025','VALENCE CEDEX','04.75.75.68.68 ','04.75.42.57.14',NULL,NULL,'',NULL,2);
INSERT INTO "ressources_healthcenter" VALUES(1652,'VANDOEUVRE LES NANCY','0000','541','541','True','541',1,'15. avenue Paul-Doumer','','54507','VANDOEUVRE-LES-NANCY  CEDEX','03.83.50.35.00 ','03.83.56.65.86',NULL,NULL,'',NULL,2);
INSERT INTO "ressources_healthcenter" VALUES(1653,'VANDOEUVRE LES NANCY','0000','541','541','True','545',1,'15. avenue Paul-Doumer','','54507','VANDOEUVRE-LES-NANCY  CEDEX','03.83.50.35.00 ','03.83.56.65.86',NULL,NULL,'',NULL,2);
INSERT INTO "ressources_healthcenter" VALUES(1654,'VANNES','0000','561','018','True','561',1,'','BP 20321','56021','VANNES CEDEX','3646','',NULL,NULL,'',NULL,1);
INSERT INTO "ressources_healthcenter" VALUES(1655,'VANNES','0000','561','351','True','561',1,'Avenue du Général Borgnis Desbordes','B.P. 326 ','56018','VANNES CEDEX ','02.97.46.52.52 ','02.97.40.92.81',NULL,NULL,'',NULL,2);
INSERT INTO "ressources_healthcenter" VALUES(1656,'VANNES','0000','561','351','True','565',1,'Avenue du Général Borgnis Desbordes','B.P. 326 ','56018','VANNES CEDEX','02.97.46.52.52 ','02.97.40.92.81',NULL,NULL,'',NULL,2);
INSERT INTO "ressources_healthcenter" VALUES(1657,'VERDUN','0000','551','541','True','551',1,'Place Saint Paul','','55112','VERDUN CEDEX','03 29 83 38 00 ','',NULL,NULL,'',NULL,2);
INSERT INTO "ressources_healthcenter" VALUES(1658,'VERDUN','0000','551','541','True','555',1,'Place Saint Paul','','55112','VERDUN CEDEX','03 29 83 38 00 ','',NULL,NULL,'',NULL,2);
INSERT INTO "ressources_healthcenter" VALUES(1659,'VERSAILLES','0000','781','036','True','781',1,'92, Avenue de Paris','BP 204','78014','VERSAILLES CEDEX','01 39 20 30 00','',NULL,NULL,'',NULL,1);
INSERT INTO "ressources_healthcenter" VALUES(1660,'Version de la table','0000','000','000','True','037',1,'','','','','','',NULL,NULL,'',NULL,3);
INSERT INTO "ressources_healthcenter" VALUES(1661,'VESOUL','0000','701','010','True','701',1,'9, Boulevard des Alliés','BP 439','70020','VESOUL CEDEX','03 84 97 72 72','',NULL,NULL,'',NULL,1);
INSERT INTO "ressources_healthcenter" VALUES(1662,'VESOUL','0000','701','541','True','701',1,'Rue Réné Hologne','','70021','VESOUL CEDEX','03.84.96.31.00 ','03.84.96.31.55',NULL,NULL,'',NULL,2);
INSERT INTO "ressources_healthcenter" VALUES(1663,'VESOUL','0000','701','541','True','705',1,'Rue Réné Hologne','','70021','VESOUL CEDEX','03.84.96.31.00 ','03.84.96.31.55',NULL,NULL,'',NULL,2);
INSERT INTO "ressources_healthcenter" VALUES(1664,'Viasante','3300','321','002','True','005',1,'','','','','','',NULL,NULL,'',NULL,3);
INSERT INTO "ressources_healthcenter" VALUES(1665,'Viasante','3300','322','002','True','023',1,'','','','','','',NULL,NULL,'',NULL,3);
INSERT INTO "ressources_healthcenter" VALUES(1666,'Viasante','3300','323','002','True','027',1,'10 rue de la Madeleine','','12023','RODEZ Cedex 9','09 69 32 15 00','',NULL,NULL,'',NULL,3);
INSERT INTO "ressources_healthcenter" VALUES(1667,'VIENNE','0000','382','016','True','382',1,'1, Place Saint Pierre','BP 196','38211','VIENNE CEDEX','04 74 31 41 51','04 74 85 09 93',NULL,NULL,'',NULL,1);
INSERT INTO "ressources_healthcenter" VALUES(1668,'VILLEFRANCHE SUR SAONE','0000','692','016','True','692',1,'137, Boulevard Gambetta','BP 472','69666','VILLEFRANCHE sur SAONE CEDEX','0 820 904 116','',NULL,NULL,'',NULL,1);
INSERT INTO "ressources_healthcenter" VALUES(1669,'VITTAVI Albi','0617','019','006','True','811',1,'BP 55876','','31000','TOULOUSE CEDEX','0 825 825 715','05 62 16 75 91',NULL,NULL,'',NULL,24);
INSERT INTO "ressources_healthcenter" VALUES(1670,'VITTAVI Bayonne','0617','025','006','True','641',1,'BP 55876','','64100','BAYONNE','0 825 825 715','05 62 16 75 91',NULL,NULL,'',NULL,24);
INSERT INTO "ressources_healthcenter" VALUES(1671,'VITTAVI Bordeaux','0617','024','006','True','331',1,'BP 55876','','33000','BORDEAUX','0825 825 715','05 62 16 75 91',NULL,NULL,'',NULL,24);
INSERT INTO "ressources_healthcenter" VALUES(1672,'VITTAVI Brive','0617','028','006','True','191',1,'BP 55876','','19100','BRIVE LA GAILLARDE  ','0 825 825 715','05 62 16 75 91',NULL,NULL,'',NULL,24);
INSERT INTO "ressources_healthcenter" VALUES(1673,'VITTAVI Guadeloupe','0618','970','006','True','971',1,'18 19 CENTRE COMMERCIAL ETOILE  ROND POINT BLANCHARD','','97110','POINTE A PITRE','0 825 825 715','05 62 16 75 91',NULL,NULL,'',NULL,24);
INSERT INTO "ressources_healthcenter" VALUES(1674,'VITTAVI Guyane','0618','983','006','True','973',1,'','','','','','',NULL,NULL,'',NULL,24);
INSERT INTO "ressources_healthcenter" VALUES(1675,'VITTAVI Limoges','0617','027','006','True','871',1,'BP 55876','','87000','LIMOGES ','0 825 825 715','05 62 16 75 91',NULL,NULL,'',NULL,24);
INSERT INTO "ressources_healthcenter" VALUES(1676,'VITTAVI Martinique','0618','981','006','True','972',1,'9 RUE ROBESPIERRE','','97200','FORT DE FRANCE','0 825 825 715','05 62 16 75 91',NULL,NULL,'',NULL,24);
INSERT INTO "ressources_healthcenter" VALUES(1677,'VITTAVI Mont de Marsan','0617','035','006','True','401',1,'BP 55876','','31000','TOULOUSE','0 825 825 715','05 62 16 75 91',NULL,NULL,'',NULL,24);
INSERT INTO "ressources_healthcenter" VALUES(1678,'VITTAVI Pau','0617','026','006','True','642',1,'BP 55876','','64000','PAU','0 825 825 715','05 62 16 75 91',NULL,NULL,'',NULL,24);
INSERT INTO "ressources_healthcenter" VALUES(1679,'VITTAVI Tarbes','0617','020','006','True','651',1,'BP 55876','','31000','TOULOUSE CEDEX','0 825 825 715','05 62 16 75 91',NULL,NULL,'',NULL,24);
INSERT INTO "ressources_healthcenter" VALUES(1680,'VITTAVI Toulouse','0617','023','006','True','311',1,'BP 55876','','31000','TOULOUSE','0 825 825 715','05 62 16 75 91',NULL,NULL,'',NULL,24);
INSERT INTO "ressources_healthcenter" VALUES(1681,'VITTAVI-SMERE Sainte clotilde','0617','977','006','True','974',1,'15 av René Cassin ','','97490','Saint Denis   ','0262 29 38 41','',NULL,NULL,'',NULL,24);
CREATE TABLE "ressources_acttype" ("id" integer NOT NULL PRIMARY KEY AUTOINCREMENT, "name" varchar(150) NOT NULL, "billable" bool NOT NULL, "old_id" varchar(256) NULL, "display_first" bool NOT NULL, "group" bool NOT NULL, "service_id" integer NULL REFERENCES "ressources_service" ("id"));
INSERT INTO "ressources_acttype" VALUES(1,'ACCUEIL (MR)',1,'1',1,0,2);
INSERT INTO "ressources_acttype" VALUES(2,'CONSULTATION NEUROPEDIATRIQUE',1,'2',1,0,2);
INSERT INTO "ressources_acttype" VALUES(3,'CONSULTATION PEDOPSYCHIATRIQUE',1,'3',1,0,2);
INSERT INTO "ressources_acttype" VALUES(4,'BILAN-OBSERVATION PSYCHOLOGIQUE',1,'4',1,0,2);
INSERT INTO "ressources_acttype" VALUES(5,'PSYCHOMETRIE',1,'5',1,0,2);
INSERT INTO "ressources_acttype" VALUES(6,'BILAN-OBSERVATION NEUROPSYCHOLOGIQUE',1,'6',1,0,2);
INSERT INTO "ressources_acttype" VALUES(7,'BILAN-OBSERVATION PSYCHOMOTRICITE',1,'7',1,0,2);
INSERT INTO "ressources_acttype" VALUES(8,'BILAN-OBSERVATION ORTHOPHONIE',1,'8',1,0,2);
INSERT INTO "ressources_acttype" VALUES(9,'BILAN-OBSERVATION KINESITHERAPIE',1,'9',1,0,2);
INSERT INTO "ressources_acttype" VALUES(10,'ENTRETIENS FAMILIAUX - GUIDANCE',1,'10',1,0,2);
INSERT INTO "ressources_acttype" VALUES(11,'TRAVAIL PSYCHOLOGIQUE PARENT(S)-',1,'11',1,0,2);
INSERT INTO "ressources_acttype" VALUES(12,'TRAVAIL FRATRIE',1,'12',0,0,2);
INSERT INTO "ressources_acttype" VALUES(13,'PSYCHOTHERAPIE',1,'13',1,0,2);
INSERT INTO "ressources_acttype" VALUES(14,'REMEDIATION COGNITIVE',1,'14',0,0,2);
INSERT INTO "ressources_acttype" VALUES(15,'CO THERAPIE',1,'15',1,0,2);
INSERT INTO "ressources_acttype" VALUES(16,'SUIVI PSYCHOMOTRICITE',1,'16',1,0,2);
INSERT INTO "ressources_acttype" VALUES(17,'SUIVI ORTHOPHONIE',1,'17',1,0,2);
INSERT INTO "ressources_acttype" VALUES(18,'SUIVI PETIT GROUPE (1 THÉRAPEUTE)',1,'18',1,0,2);
INSERT INTO "ressources_acttype" VALUES(19,'SUIVI KINESITHERAPIE',1,'19',0,0,2);
INSERT INTO "ressources_acttype" VALUES(20,'ENTRETIEN ASSISTANTE SOCIALE',1,'20',1,0,2);
INSERT INTO "ressources_acttype" VALUES(21,'ACCOMPAGNEMENT - ORIENTATION',1,'21',0,0,2);
INSERT INTO "ressources_acttype" VALUES(22,'AEEH',1,'22',0,0,2);
INSERT INTO "ressources_acttype" VALUES(23,'TELEPHONE FAMILLE',1,'23',0,0,2);
INSERT INTO "ressources_acttype" VALUES(24,'VISITE A DOMICILE',1,'24',0,0,2);
INSERT INTO "ressources_acttype" VALUES(25,'GROUPE D''ACCUEIL',1,'25',0,0,2);
INSERT INTO "ressources_acttype" VALUES(26,'GROUPE PSYCHOMOTRICITE-LANGAGE',1,'26',0,0,2);
INSERT INTO "ressources_acttype" VALUES(27,'GROUPE NEUROPSYCHOLOGUE - PSYCHOMOTRICIEN',1,'27',0,0,2);
INSERT INTO "ressources_acttype" VALUES(28,'GROUPE PSYCHO(NEUROPSYCHO) - ORTHOPHONISTE',1,'28',0,0,2);
INSERT INTO "ressources_acttype" VALUES(29,'AUTRE GROUPE (2 THÉRAPEUTES AU MOINS)',1,'29',0,0,2);
INSERT INTO "ressources_acttype" VALUES(30,'SYNTHESE D''EQUIPE',1,'30',0,0,2);
INSERT INTO "ressources_acttype" VALUES(31,'MINI SYNTHESE',1,'31',0,0,2);
INSERT INTO "ressources_acttype" VALUES(32,'SYNTHESE D''EQUIPE AVEC INTERVENANT EXTÉRIEUR',1,'32',0,0,2);
INSERT INTO "ressources_acttype" VALUES(33,'PPS-ESS',1,'33',1,0,2);
INSERT INTO "ressources_acttype" VALUES(34,'CONCERTATION AVEC EQUIPE EXTERIEURE (LIEU DE VIE, CRÈCHE, A.E.M.O...)',1,'34',0,0,2);
INSERT INTO "ressources_acttype" VALUES(35,'SUPERVISION',1,'35',0,0,2);
INSERT INTO "ressources_acttype" VALUES(36,'FORMATION',1,'36',0,0,2);
INSERT INTO "ressources_acttype" VALUES(37,'TRAVAIL PERSONNEL',1,'37',0,0,2);
INSERT INTO "ressources_acttype" VALUES(38,'TELEPHONE PROFESSIONNEL',1,'38',0,0,2);
INSERT INTO "ressources_acttype" VALUES(39,'REUNION DE SERVICE',1,'39',0,0,2);
INSERT INTO "ressources_acttype" VALUES(40,'REUNION DIRECTION',1,'40',0,0,2);
INSERT INTO "ressources_acttype" VALUES(41,'CONCERTATION DIRECTION',1,'41',0,0,2);
INSERT INTO "ressources_acttype" VALUES(42,'TRAVAIL THERAPEUTIQUE A L''EXTERIEUR',1,'42',0,0,2);
INSERT INTO "ressources_acttype" VALUES(43,'ENTRETIEN PSYCHOLOGIQUE AVEC LE PERE',1,'43',0,0,2);
INSERT INTO "ressources_acttype" VALUES(44,'ENTRETIEN PSYCHOLOGIQUE AVEC LA MERE',1,'44',0,0,2);
INSERT INTO "ressources_acttype" VALUES(45,'GROUPE PARENTS',1,'45',0,0,2);
INSERT INTO "ressources_acttype" VALUES(46,'GROUPE MERES',1,'46',0,0,2);
INSERT INTO "ressources_acttype" VALUES(47,'ACTIVITE BIBLIOTHEQUE',1,'47',0,0,2);
INSERT INTO "ressources_acttype" VALUES(48,'BILAN ERGOTHERAPIQUE',1,'48',0,0,2);
INSERT INTO "ressources_acttype" VALUES(49,'SUIVI ERGOTHERAPIQUE',1,'49',0,0,2);
INSERT INTO "ressources_acttype" VALUES(50,'REUNION PERINATALITE CHU NORD',1,'50',0,0,2);
INSERT INTO "ressources_acttype" VALUES(51,'SUIVI MERE-ENFANT EN PSYCHOMOTRICITE',1,'51',0,0,2);
INSERT INTO "ressources_acttype" VALUES(52,'Groupe CAMSP SESSAD TED',1,'52',0,0,2);
INSERT INTO "ressources_acttype" VALUES(53,'BILAN SENSORIMOTEUR',1,'53',0,0,2);
INSERT INTO "ressources_acttype" VALUES(54,'GROUPE DES SENS',1,'54',0,0,2);
INSERT INTO "ressources_acttype" VALUES(55,'GROUPE GOUTER',1,'55',0,0,2);
INSERT INTO "ressources_acttype" VALUES(56,'SUIVI PSYCHOT PARENTS/ENFANT',1,'56',0,0,2);
INSERT INTO "ressources_acttype" VALUES(57,'ACCUEIL',1,'1',1,0,4);
INSERT INTO "ressources_acttype" VALUES(58,'ENTRETIEN FAMILIAL',1,'2',1,0,4);
INSERT INTO "ressources_acttype" VALUES(59,'BILAN PSYCHOLOGIQUE',1,'3',1,0,4);
INSERT INTO "ressources_acttype" VALUES(60,'ENTRETIEN PROFESSIONNEL EXTERIEUR',1,'4',1,0,4);
INSERT INTO "ressources_acttype" VALUES(61,'OBSERVATION à l''APS',1,'5',1,0,4);
INSERT INTO "ressources_acttype" VALUES(62,'ENTRETIEN TELEPHONIQUE PROFESSIONNEL',1,'6',1,0,4);
INSERT INTO "ressources_acttype" VALUES(63,'SYNTHESE',1,'7',1,0,4);
INSERT INTO "ressources_acttype" VALUES(64,'SEQUENCE EDUCATIVE APS',1,'8',1,0,4);
INSERT INTO "ressources_acttype" VALUES(65,'SEQUENCE EDUCATIVE ECOLE',1,'9',1,0,4);
INSERT INTO "ressources_acttype" VALUES(66,'SEQUENCE EDUCATIVE LIEUX DE SOCIALISATION',1,'10',1,0,4);
INSERT INTO "ressources_acttype" VALUES(67,'SEQUENCE EDUCATIVE DOMICILE',1,'11',1,0,4);
INSERT INTO "ressources_acttype" VALUES(68,'SYNTHESE AVEC INTERVENANT EXTERIEUR',1,'12',1,0,4);
INSERT INTO "ressources_acttype" VALUES(69,'MINI SYNTHESE',1,'13',1,0,4);
INSERT INTO "ressources_acttype" VALUES(70,'ESS ',1,'14',1,0,4);
INSERT INTO "ressources_acttype" VALUES(71,'TRAVAIL PERSONNEL',1,'16',1,0,4);
INSERT INTO "ressources_acttype" VALUES(72,'GROUPE xxxxxxxxx',1,'17',1,0,4);
INSERT INTO "ressources_acttype" VALUES(73,'CO-PRISE EN CHARGE',1,'19',1,0,4);
INSERT INTO "ressources_acttype" VALUES(74,'ENTRETIEN TELEPHONIQUE FAMILLE',1,'20',1,0,4);
INSERT INTO "ressources_acttype" VALUES(75,'GROUPE GOUTER',1,'21',1,0,4);
INSERT INTO "ressources_acttype" VALUES(76,'OBSERVATION au DOMICILE',1,'22',1,0,4);
INSERT INTO "ressources_acttype" VALUES(77,'OBSERVATION à l''ECOLE',1,'23',1,0,4);
INSERT INTO "ressources_acttype" VALUES(78,'OBSERVATION SUR LE LIEU DE SOCIALISATION',1,'24',1,0,4);
INSERT INTO "ressources_acttype" VALUES(79,'ACCUEIL',1,'1',1,0,1);
INSERT INTO "ressources_acttype" VALUES(80,'1ER CONSULTATION',1,'2',1,0,1);
INSERT INTO "ressources_acttype" VALUES(81,'BILAN PSYCHOLOGIQUE',1,'3',1,0,1);
INSERT INTO "ressources_acttype" VALUES(82,'BILAN ORTHOPHONIQUE',1,'4',1,0,1);
INSERT INTO "ressources_acttype" VALUES(83,'BILAN PSYCHOMOTEUR',1,'5',1,0,1);
INSERT INTO "ressources_acttype" VALUES(84,'BILAN LOGICO MATHEMATIQUE',1,'6',1,0,1);
INSERT INTO "ressources_acttype" VALUES(85,'BILAN PSYCHO-PEDAGOGIQUE',1,'7',0,0,1);
INSERT INTO "ressources_acttype" VALUES(86,'PSYCHO THERAPIE',1,'9',1,0,1);
INSERT INTO "ressources_acttype" VALUES(87,'ENTRETIEN',1,'10',1,0,1);
INSERT INTO "ressources_acttype" VALUES(88,'ORTHOPHONIE',1,'11',1,0,1);
INSERT INTO "ressources_acttype" VALUES(89,'PSYCHOMOTRICITE',1,'12',1,0,1);
INSERT INTO "ressources_acttype" VALUES(90,'LOGICO MATHEMATIQUE',1,'13',1,0,1);
INSERT INTO "ressources_acttype" VALUES(91,'RPP',1,'14',0,0,1);
INSERT INTO "ressources_acttype" VALUES(92,'GROUPE A MEDIATION CORPORELLE',1,'15',0,0,1);
INSERT INTO "ressources_acttype" VALUES(93,'GROUPE LANGAGE',1,'16',0,0,1);
INSERT INTO "ressources_acttype" VALUES(94,'GROUPE PSYCHOMOTRICITE LANGAGE',1,'17',0,0,1);
INSERT INTO "ressources_acttype" VALUES(95,'GROUPE EXPRESSION',1,'18',0,0,1);
INSERT INTO "ressources_acttype" VALUES(96,'GROUPE PARENTS',1,'19',0,0,1);
INSERT INTO "ressources_acttype" VALUES(97,'GROUPE PSYCHOMOTRICITE',1,'20',0,0,1);
INSERT INTO "ressources_acttype" VALUES(98,'VAD',1,'21',0,0,1);
INSERT INTO "ressources_acttype" VALUES(99,'TELEPHONE',0,'22',1,0,1);
INSERT INTO "ressources_acttype" VALUES(100,'SUPERVISION',0,'23',0,0,1);
INSERT INTO "ressources_acttype" VALUES(101,'SYNTHESE',0,'24',0,0,1);
INSERT INTO "ressources_acttype" VALUES(102,'MINI SYNTHESE',0,'25',1,0,1);
INSERT INTO "ressources_acttype" VALUES(103,'REUNION A L''EXTERIEUR',1,'26',0,0,1);
INSERT INTO "ressources_acttype" VALUES(104,'PREPARATION GROUPE',0,'28',0,0,1);
INSERT INTO "ressources_acttype" VALUES(105,'TRAVAIL PERSONNEL',0,'29',1,0,1);
INSERT INTO "ressources_acttype" VALUES(106,'RELAXATION',1,'30',0,0,1);
INSERT INTO "ressources_acttype" VALUES(107,'REUNION',0,'31',0,0,1);
INSERT INTO "ressources_acttype" VALUES(108,'CONCERTATION+EQUIPE EXT.',0,'34',1,0,1);
INSERT INTO "ressources_acttype" VALUES(109,'PSYCHOMOT + MERE',1,'35',0,0,1);
INSERT INTO "ressources_acttype" VALUES(110,'2 PSYCHOMOT + 1 ENFANT',1,'37',0,0,1);
INSERT INTO "ressources_acttype" VALUES(111,'GROUPE D''ADOS',1,'38',0,0,1);
INSERT INTO "ressources_acttype" VALUES(112,'GROUPE PSYCHOTHERAPIE',1,'39',0,0,1);
INSERT INTO "ressources_acttype" VALUES(113,'BILAN NEURO PSYCHOLOGIQUE',1,'41',0,0,1);
INSERT INTO "ressources_acttype" VALUES(114,'2 PSYCHO + 1 ENFANT',1,'42',0,0,1);
INSERT INTO "ressources_acttype" VALUES(115,'E.S.S.',0,'43',1,0,1);
INSERT INTO "ressources_acttype" VALUES(116,'GRAPHOTHERAPIE',1,'44',0,0,1);
INSERT INTO "ressources_acttype" VALUES(117,'ERGOTHERAPIE',1,'45',0,0,1);
INSERT INTO "ressources_acttype" VALUES(118,'BILAN ERGOTHERAPIE',1,'46',0,0,1);
INSERT INTO "ressources_acttype" VALUES(119,'1 PSYCHO + 1 PSYCHOMOT',1,'47',0,0,1);
INSERT INTO "ressources_acttype" VALUES(120,'PSYCHODRAME',1,'48',0,0,1);
INSERT INTO "ressources_acttype" VALUES(121,'BILAN GRAPHOTHERAPIE',1,'49',0,0,1);
INSERT INTO "ressources_acttype" VALUES(122,'BILAN COGNITIF',1,'50',1,0,1);
INSERT INTO "ressources_acttype" VALUES(123,'REMEDIATION COGNITIVE',1,'51',1,0,1);
INSERT INTO "ressources_acttype" VALUES(124,'T.C.C.',1,'52',1,0,1);
INSERT INTO "ressources_acttype" VALUES(125,'THERAPIE FAMILIALE ANALYTIQUE',1,'53',1,0,1);
INSERT INTO "ressources_acttype" VALUES(126,'ENFANT +  MERE',1,'54',1,0,1);
INSERT INTO "ressources_acttype" VALUES(127,'GROUPE LOGICO-MATHEMATIQUES',1,'55',0,0,1);
INSERT INTO "ressources_acttype" VALUES(128,'GROUPE PARENTS/ENFANTS',1,'56',0,0,1);
INSERT INTO "ressources_acttype" VALUES(129,'ENTRETIEN GRAPHOTHERAPIE',1,'57',0,0,1);
INSERT INTO "ressources_acttype" VALUES(130,'ATELIER MOTS',1,'58',0,0,1);
INSERT INTO "ressources_acttype" VALUES(131,'OBSERVATION DIAGNOSTIQUE',1,'59',1,0,1);
INSERT INTO "ressources_acttype" VALUES(132,'NOUVELLE DEMANDE',1,'60',1,0,1);
INSERT INTO "ressources_acttype" VALUES(133,'THERAPIE FAMILIALE',1,'61',1,0,1);
INSERT INTO "ressources_acttype" VALUES(134,'GROUPE MODELAGE',1,'62',0,0,1);
INSERT INTO "ressources_acttype" VALUES(135,'ORTHO + MERE',1,'63',0,0,1);
INSERT INTO "ressources_acttype" VALUES(136,'CONSULT TEL TCC',1,'64',0,0,1);
INSERT INTO "ressources_acttype" VALUES(137,'TRAVAIL AVEC STAGIAIRE',0,'65',0,0,1);
INSERT INTO "ressources_acttype" VALUES(138,'GROUPE DES IDEES PLEIN LA TETE',1,'66',0,0,1);
INSERT INTO "ressources_acttype" VALUES(139,'ACCUEIL',1,'1',1,0,3);
INSERT INTO "ressources_acttype" VALUES(140,'ENTRETIEN FAMILIAL',1,'2',1,0,3);
INSERT INTO "ressources_acttype" VALUES(141,'ENTRETIEN ENFANT',1,'3',1,0,3);
INSERT INTO "ressources_acttype" VALUES(142,'PSYCHOTHÉRAPIE',1,'4',1,0,3);
INSERT INTO "ressources_acttype" VALUES(143,'ORTHOPHONIE',1,'5',1,0,3);
INSERT INTO "ressources_acttype" VALUES(144,'PSYCHOMOTRICITÉ',1,'7',1,0,3);
INSERT INTO "ressources_acttype" VALUES(145,'BILAN PSYCHOLOGIQUE',1,'10',1,0,3);
INSERT INTO "ressources_acttype" VALUES(146,'BILAN PSYCHOMOTEUR',1,'11',1,0,3);
INSERT INTO "ressources_acttype" VALUES(147,'BILAN ORTHOPHONIQUE',1,'12',1,0,3);
INSERT INTO "ressources_acttype" VALUES(148,'TÉLÉPHONE',1,'13',1,0,3);
INSERT INTO "ressources_acttype" VALUES(149,'COURRIER',1,'14',1,0,3);
INSERT INTO "ressources_acttype" VALUES(150,'SYNTHÉSE',1,'15',1,0,3);
INSERT INTO "ressources_acttype" VALUES(151,'GROUPE PSYCHOMOTRICITÉ',1,'23',1,0,3);
INSERT INTO "ressources_acttype" VALUES(152,'GROUPE DE PARENTS',1,'24',1,0,3);
INSERT INTO "ressources_acttype" VALUES(153,'BILAN LOGICO-MATHÉMATIQUES',1,'25',1,0,3);
INSERT INTO "ressources_acttype" VALUES(154,'RÉÉDUCATION LOGICO-MATHÉMATIQUES',1,'26',1,0,3);
INSERT INTO "ressources_acttype" VALUES(155,'E.S.S.',1,'27',1,0,3);
INSERT INTO "ressources_acttype" VALUES(156,'BILAN NEUROPSYCHOLOGIQUE',1,'28',1,0,3);
INSERT INTO "ressources_acttype" VALUES(157,'BILAN ORTHOPHONIQUE EN LIBÉRAL',1,'29',1,0,3);
INSERT INTO "ressources_acttype" VALUES(158,'ORTHOPHONIE EN LIBÉRAL',1,'30',1,0,3);
INSERT INTO "ressources_acttype" VALUES(159,'ERGOTHÉRAPIE',1,'31',1,0,3);
INSERT INTO "ressources_acttype" VALUES(160,'RENCONTRE PARENTS/ÉQUIPE SESSAD',1,'32',1,0,3);
INSERT INTO "ressources_acttype" VALUES(161,'BILAN ERGOTHÉRAPIE',1,'33',1,0,3);
INSERT INTO "ressources_acttype" VALUES(162,'PSYCHOTHÉRAPIE À L''ÉCOLE',1,'34',1,0,3);
INSERT INTO "ressources_acttype" VALUES(163,'ORTHOPHONIE À L''ÉCOLE',1,'35',1,0,3);
INSERT INTO "ressources_acttype" VALUES(164,'PSYCHOMOTRICITÉ À L''ÉCOLE',1,'36',1,0,3);
INSERT INTO "ressources_acttype" VALUES(165,'LOGICO-MATHÉMATIQUES À L''ÉCOLE',1,'37',1,0,3);
INSERT INTO "ressources_acttype" VALUES(166,'ERGOTHÉRAPIE À L''ÉCOLE',1,'38',1,0,3);
INSERT INTO "ressources_acttype" VALUES(167,'CONSULTATION PLURIDISCIPLINAIRE D''ACCUEIL',1,'39',1,0,3);
INSERT INTO "ressources_acttype" VALUES(168,'PRÉSENTATION DU SERVICE',1,'40',1,0,3);
INSERT INTO "ressources_acttype" VALUES(169,'MINI-SYNTHÈSE',1,'41',1,0,3);
INSERT INTO "ressources_acttype" VALUES(170,'REMÉDIATION COGNITIVE',1,'43',1,0,3);
INSERT INTO "ressources_acttype" VALUES(171,'GROUPE A MEDIATION COGNITIVE',1,'44',1,0,3);
INSERT INTO "ressources_acttype" VALUES(172,'GROUPE PSYCHO/PSYCHOMOT',1,'45',1,0,3);
INSERT INTO "ressources_acttype" VALUES(173,'CONCERTATION + ÉQUIPE EXTÉRIEURE',1,'46',1,0,3);
INSERT INTO "ressources_acttype" VALUES(174,'TRAVAIL PERSONNEL',1,'47',1,0,3);
INSERT INTO "ressources_acttype" VALUES(175,'THÉRAPIE FAMILIALE ANALYTIQUE',1,'48',1,0,3);
INSERT INTO "ressources_acttype" VALUES(176,'ATELIER MOTS',1,'49',1,0,3);
INSERT INTO "ressources_acttype" VALUES(177,'SYNTHÈSE AVEC PARTICIPANTS EXTÉRIEURS',1,'50',1,0,3);
INSERT INTO "ressources_acttype" VALUES(178,'GROUPE LOGICO-MATHS',1,'51',1,0,3);
INSERT INTO "ressources_acttype" VALUES(179,'PSYCHOMOTRICITÉ ENFANT + MÈRE',1,'53',1,0,3);
INSERT INTO "ressources_acttype" VALUES(180,'GROUPE DES FILLES CMPP/SESSAD',1,'54',1,0,3);
INSERT INTO "ressources_acttype" VALUES(181,'T.C.C.',1,'55',1,0,3);
INSERT INTO "ressources_acttype" VALUES(182,'GROUPE ORTHO PSYCHOMOT',1,'56',1,0,3);
INSERT INTO "ressources_acttype" VALUES(183,'GROUPE NEURO-PSY/PSYCHOMOT',1,'57',1,0,3);
INSERT INTO "ressources_acttype" VALUES(184,'GROUPE NEUROPSY/PSYCHOMOT + Parents',1,'58',1,0,3);
INSERT INTO "ressources_acttype" VALUES(185,'MEDIALEXIE',1,'59',1,0,3);
INSERT INTO "ressources_acttype" VALUES(186,'TRAVAIL PERSONNEL',1,'60',1,0,3);
INSERT INTO "ressources_acttype" VALUES(187,'GROUPE PSYCHO/ORTHO',1,'61',1,0,3);
INSERT INTO "ressources_acttype" VALUES(188,'ENTRETIEN',1,'63',1,0,3);
CREATE TABLE "django_content_type" ("id" integer NOT NULL PRIMARY KEY AUTOINCREMENT, "name" varchar(100) NOT NULL, "app_label" varchar(100) NOT NULL, "model" varchar(100) NOT NULL, UNIQUE ("app_label", "model"));
INSERT INTO "django_content_type" VALUES(1,'permission','auth','permission');
INSERT INTO "django_content_type" VALUES(2,'group','auth','group');
INSERT INTO "django_content_type" VALUES(3,'user','auth','user');
INSERT INTO "django_content_type" VALUES(4,'content type','contenttypes','contenttype');
INSERT INTO "django_content_type" VALUES(5,'session','sessions','session');
INSERT INTO "django_content_type" VALUES(6,'site','sites','site');
INSERT INTO "django_content_type" VALUES(7,'revision','reversion','revision');
INSERT INTO "django_content_type" VALUES(8,'version','reversion','version');
INSERT INTO "django_content_type" VALUES(9,'log entry','admin','logentry');
INSERT INTO "django_content_type" VALUES(10,'key map','django_select2','keymap');
INSERT INTO "django_content_type" VALUES(11,'Type d''événement','agenda','eventtype');
INSERT INTO "django_content_type" VALUES(12,'Evénement','agenda','event');
INSERT INTO "django_content_type" VALUES(13,'event with act','agenda','eventwithact');
INSERT INTO "django_content_type" VALUES(14,'transport prescription log','dossiers','transportprescriptionlog');
INSERT INTO "django_content_type" VALUES(15,'health care','dossiers','healthcare');
INSERT INTO "django_content_type" VALUES(16,'cmpp health care diagnostic','dossiers','cmpphealthcarediagnostic');
INSERT INTO "django_content_type" VALUES(17,'cmpp health care treatment','dossiers','cmpphealthcaretreatment');
INSERT INTO "django_content_type" VALUES(18,'sessad health care notification','dossiers','sessadhealthcarenotification');
INSERT INTO "django_content_type" VALUES(19,'Statut d''une mesure de protection','dossiers','protectionstatus');
INSERT INTO "django_content_type" VALUES(20,'Mesure de protection du dossier patient','dossiers','protectionstate');
INSERT INTO "django_content_type" VALUES(21,'Statut d''un état','dossiers','status');
INSERT INTO "django_content_type" VALUES(22,'Etat du dossier patient','dossiers','filestate');
INSERT INTO "django_content_type" VALUES(23,'patient address','dossiers','patientaddress');
INSERT INTO "django_content_type" VALUES(24,'Contact patient','dossiers','patientcontact');
INSERT INTO "django_content_type" VALUES(25,'Dossier','dossiers','patientrecord');
INSERT INTO "django_content_type" VALUES(26,'act validation state','actes','actvalidationstate');
INSERT INTO "django_content_type" VALUES(27,'Acte','actes','act');
INSERT INTO "django_content_type" VALUES(28,'validation message','actes','validationmessage');
INSERT INTO "django_content_type" VALUES(29,'invoicing','facturation','invoicing');
INSERT INTO "django_content_type" VALUES(30,'invoice','facturation','invoice');
INSERT INTO "django_content_type" VALUES(31,'role','personnes','role');
INSERT INTO "django_content_type" VALUES(32,'people','personnes','people');
INSERT INTO "django_content_type" VALUES(33,'Personnel','personnes','worker');
INSERT INTO "django_content_type" VALUES(34,'Intervenant extérieur','personnes','externalworker');
INSERT INTO "django_content_type" VALUES(35,'Médecin extérieur','personnes','externaltherapist');
INSERT INTO "django_content_type" VALUES(36,'user worker','personnes','userworker');
INSERT INTO "django_content_type" VALUES(37,'school teacher','personnes','schoolteacher');
INSERT INTO "django_content_type" VALUES(38,'Emploi du temps','personnes','timetable');
INSERT INTO "django_content_type" VALUES(39,'Congé','personnes','holiday');
INSERT INTO "django_content_type" VALUES(40,'Centre d''assurance maladie','ressources','healthcenter');
INSERT INTO "django_content_type" VALUES(41,'Grand régime','ressources','largeregime');
INSERT INTO "django_content_type" VALUES(42,'Compagnie de transport','ressources','transportcompany');
INSERT INTO "django_content_type" VALUES(43,'Code de gestion','ressources','managementcode');
INSERT INTO "django_content_type" VALUES(44,'Code de non-facturation','ressources','uninvoicablecode');
INSERT INTO "django_content_type" VALUES(45,'Établissement','ressources','office');
INSERT INTO "django_content_type" VALUES(46,'Type du lieu de socialisation','ressources','schooltype');
INSERT INTO "django_content_type" VALUES(47,'Lieu de socialisation','ressources','school');
INSERT INTO "django_content_type" VALUES(48,'Type de rôle des professeurs','ressources','schoolteacherrole');
INSERT INTO "django_content_type" VALUES(49,'Classe','ressources','schoollevel');
INSERT INTO "django_content_type" VALUES(50,'Période de socialisation','ressources','socialisationduration');
INSERT INTO "django_content_type" VALUES(51,'Motif d''inscription','ressources','inscriptionmotive');
INSERT INTO "django_content_type" VALUES(52,'Nationalité','ressources','nationality');
INSERT INTO "django_content_type" VALUES(53,'Profession','ressources','job');
INSERT INTO "django_content_type" VALUES(54,'Ressource','ressources','ressource');
INSERT INTO "django_content_type" VALUES(55,'Motif analysé','ressources','analysemotive');
INSERT INTO "django_content_type" VALUES(56,'Motif familiale','ressources','familymotive');
INSERT INTO "django_content_type" VALUES(57,'Demandeur','ressources','advicegiver');
INSERT INTO "django_content_type" VALUES(58,'Conseilleur','ressources','provenance');
INSERT INTO "django_content_type" VALUES(59,'Lieu de provenance','ressources','provenanceplace');
INSERT INTO "django_content_type" VALUES(60,'Motif de sortie','ressources','outmotive');
INSERT INTO "django_content_type" VALUES(61,'Orientation de sortie','ressources','outto');
INSERT INTO "django_content_type" VALUES(62,'Service','ressources','service');
INSERT INTO "django_content_type" VALUES(63,'Type d''actes','ressources','acttype');
INSERT INTO "django_content_type" VALUES(64,'Type d''autorité parentale','ressources','parentalauthoritytype');
INSERT INTO "django_content_type" VALUES(65,'Type de gardes parentales','ressources','parentalcustodytype');
INSERT INTO "django_content_type" VALUES(66,'Type de séance','ressources','sessiontype');
INSERT INTO "django_content_type" VALUES(67,'Type de situation familiale','ressources','familysituationtype');
INSERT INTO "django_content_type" VALUES(68,'Régime matrimonial','ressources','maritalstatustype');
INSERT INTO "django_content_type" VALUES(69,'Type de transport','ressources','transporttype');
INSERT INTO "django_content_type" VALUES(70,'Type de personnel','ressources','workertype');
INSERT INTO "django_content_type" VALUES(71,'Code CFTMEA','ressources','codecftmea');
INSERT INTO "django_content_type" VALUES(72,'Etablissement MDPH','ressources','mdph');
INSERT INTO "django_content_type" VALUES(73,'Demande MDPH','ressources','mdphrequest');
INSERT INTO "django_content_type" VALUES(74,'Réponse MDPH','ressources','mdphresponse');
INSERT INTO "django_content_type" VALUES(75,'Type d''absence','ressources','holidaytype');
INSERT INTO "django_content_type" VALUES(76,'Type de lien avec le patient (parenté)','ressources','patientrelatedlink');
INSERT INTO "django_content_type" VALUES(77,'Tarif horaire de l''acte','ressources','priceperact');
INSERT INTO "django_content_type" VALUES(78,'tag','django_journal','tag');
INSERT INTO "django_content_type" VALUES(79,'template','django_journal','template');
INSERT INTO "django_content_type" VALUES(80,'journal entry','django_journal','journal');
INSERT INTO "django_content_type" VALUES(81,'linked text string','django_journal','stringdata');
INSERT INTO "django_content_type" VALUES(82,'linked object','django_journal','objectdata');
CREATE TABLE "auth_permission" ("id" integer NOT NULL PRIMARY KEY AUTOINCREMENT, "name" varchar(50) NOT NULL, "content_type_id" integer NOT NULL REFERENCES "django_content_type" ("id"), "codename" varchar(100) NOT NULL, UNIQUE ("content_type_id", "codename"));
INSERT INTO "auth_permission" VALUES(1,'Can add permission',1,'add_permission');
INSERT INTO "auth_permission" VALUES(2,'Can change permission',1,'change_permission');
INSERT INTO "auth_permission" VALUES(3,'Can delete permission',1,'delete_permission');
INSERT INTO "auth_permission" VALUES(4,'Can add group',2,'add_group');
INSERT INTO "auth_permission" VALUES(5,'Can change group',2,'change_group');
INSERT INTO "auth_permission" VALUES(6,'Can delete group',2,'delete_group');
INSERT INTO "auth_permission" VALUES(7,'Can add user',3,'add_user');
INSERT INTO "auth_permission" VALUES(8,'Can change user',3,'change_user');
INSERT INTO "auth_permission" VALUES(9,'Can delete user',3,'delete_user');
INSERT INTO "auth_permission" VALUES(10,'Can add content type',4,'add_contenttype');
INSERT INTO "auth_permission" VALUES(11,'Can change content type',4,'change_contenttype');
INSERT INTO "auth_permission" VALUES(12,'Can delete content type',4,'delete_contenttype');
INSERT INTO "auth_permission" VALUES(13,'Can add session',5,'add_session');
INSERT INTO "auth_permission" VALUES(14,'Can change session',5,'change_session');
INSERT INTO "auth_permission" VALUES(15,'Can delete session',5,'delete_session');
INSERT INTO "auth_permission" VALUES(16,'Can add site',6,'add_site');
INSERT INTO "auth_permission" VALUES(17,'Can change site',6,'change_site');
INSERT INTO "auth_permission" VALUES(18,'Can delete site',6,'delete_site');
INSERT INTO "auth_permission" VALUES(19,'Can add revision',7,'add_revision');
INSERT INTO "auth_permission" VALUES(20,'Can change revision',7,'change_revision');
INSERT INTO "auth_permission" VALUES(21,'Can delete revision',7,'delete_revision');
INSERT INTO "auth_permission" VALUES(22,'Can add version',8,'add_version');
INSERT INTO "auth_permission" VALUES(23,'Can change version',8,'change_version');
INSERT INTO "auth_permission" VALUES(24,'Can delete version',8,'delete_version');
INSERT INTO "auth_permission" VALUES(25,'Can add log entry',9,'add_logentry');
INSERT INTO "auth_permission" VALUES(26,'Can change log entry',9,'change_logentry');
INSERT INTO "auth_permission" VALUES(27,'Can delete log entry',9,'delete_logentry');
INSERT INTO "auth_permission" VALUES(28,'Can add key map',10,'add_keymap');
INSERT INTO "auth_permission" VALUES(29,'Can change key map',10,'change_keymap');
INSERT INTO "auth_permission" VALUES(30,'Can delete key map',10,'delete_keymap');
INSERT INTO "auth_permission" VALUES(31,'Can add Type d''événement',11,'add_eventtype');
INSERT INTO "auth_permission" VALUES(32,'Can change Type d''événement',11,'change_eventtype');
INSERT INTO "auth_permission" VALUES(33,'Can delete Type d''événement',11,'delete_eventtype');
INSERT INTO "auth_permission" VALUES(34,'Can add Evénement',12,'add_event');
INSERT INTO "auth_permission" VALUES(35,'Can change Evénement',12,'change_event');
INSERT INTO "auth_permission" VALUES(36,'Can delete Evénement',12,'delete_event');
INSERT INTO "auth_permission" VALUES(37,'Can add event with act',13,'add_eventwithact');
INSERT INTO "auth_permission" VALUES(38,'Can change event with act',13,'change_eventwithact');
INSERT INTO "auth_permission" VALUES(39,'Can delete event with act',13,'delete_eventwithact');
INSERT INTO "auth_permission" VALUES(40,'Can add transport prescription log',14,'add_transportprescriptionlog');
INSERT INTO "auth_permission" VALUES(41,'Can change transport prescription log',14,'change_transportprescriptionlog');
INSERT INTO "auth_permission" VALUES(42,'Can delete transport prescription log',14,'delete_transportprescriptionlog');
INSERT INTO "auth_permission" VALUES(43,'Can add health care',15,'add_healthcare');
INSERT INTO "auth_permission" VALUES(44,'Can change health care',15,'change_healthcare');
INSERT INTO "auth_permission" VALUES(45,'Can delete health care',15,'delete_healthcare');
INSERT INTO "auth_permission" VALUES(46,'Can add cmpp health care diagnostic',16,'add_cmpphealthcarediagnostic');
INSERT INTO "auth_permission" VALUES(47,'Can change cmpp health care diagnostic',16,'change_cmpphealthcarediagnostic');
INSERT INTO "auth_permission" VALUES(48,'Can delete cmpp health care diagnostic',16,'delete_cmpphealthcarediagnostic');
INSERT INTO "auth_permission" VALUES(49,'Can add cmpp health care treatment',17,'add_cmpphealthcaretreatment');
INSERT INTO "auth_permission" VALUES(50,'Can change cmpp health care treatment',17,'change_cmpphealthcaretreatment');
INSERT INTO "auth_permission" VALUES(51,'Can delete cmpp health care treatment',17,'delete_cmpphealthcaretreatment');
INSERT INTO "auth_permission" VALUES(52,'Can add sessad health care notification',18,'add_sessadhealthcarenotification');
INSERT INTO "auth_permission" VALUES(53,'Can change sessad health care notification',18,'change_sessadhealthcarenotification');
INSERT INTO "auth_permission" VALUES(54,'Can delete sessad health care notification',18,'delete_sessadhealthcarenotification');
INSERT INTO "auth_permission" VALUES(55,'Can add Statut d''une mesure de protection',19,'add_protectionstatus');
INSERT INTO "auth_permission" VALUES(56,'Can change Statut d''une mesure de protection',19,'change_protectionstatus');
INSERT INTO "auth_permission" VALUES(57,'Can delete Statut d''une mesure de protection',19,'delete_protectionstatus');
INSERT INTO "auth_permission" VALUES(58,'Can add Mesure de protection du dossier patient',20,'add_protectionstate');
INSERT INTO "auth_permission" VALUES(59,'Can change Mesure de protection du dossier patient',20,'change_protectionstate');
INSERT INTO "auth_permission" VALUES(60,'Can delete Mesure de protection du dossier patient',20,'delete_protectionstate');
INSERT INTO "auth_permission" VALUES(61,'Can add Statut d''un état',21,'add_status');
INSERT INTO "auth_permission" VALUES(62,'Can change Statut d''un état',21,'change_status');
INSERT INTO "auth_permission" VALUES(63,'Can delete Statut d''un état',21,'delete_status');
INSERT INTO "auth_permission" VALUES(64,'Can add Etat du dossier patient',22,'add_filestate');
INSERT INTO "auth_permission" VALUES(65,'Can change Etat du dossier patient',22,'change_filestate');
INSERT INTO "auth_permission" VALUES(66,'Can delete Etat du dossier patient',22,'delete_filestate');
INSERT INTO "auth_permission" VALUES(67,'Can add patient address',23,'add_patientaddress');
INSERT INTO "auth_permission" VALUES(68,'Can change patient address',23,'change_patientaddress');
INSERT INTO "auth_permission" VALUES(69,'Can delete patient address',23,'delete_patientaddress');
INSERT INTO "auth_permission" VALUES(70,'Can add Contact patient',24,'add_patientcontact');
INSERT INTO "auth_permission" VALUES(71,'Can change Contact patient',24,'change_patientcontact');
INSERT INTO "auth_permission" VALUES(72,'Can delete Contact patient',24,'delete_patientcontact');
INSERT INTO "auth_permission" VALUES(73,'Can add Dossier',25,'add_patientrecord');
INSERT INTO "auth_permission" VALUES(74,'Can change Dossier',25,'change_patientrecord');
INSERT INTO "auth_permission" VALUES(75,'Can delete Dossier',25,'delete_patientrecord');
INSERT INTO "auth_permission" VALUES(76,'Can add act validation state',26,'add_actvalidationstate');
INSERT INTO "auth_permission" VALUES(77,'Can change act validation state',26,'change_actvalidationstate');
INSERT INTO "auth_permission" VALUES(78,'Can delete act validation state',26,'delete_actvalidationstate');
INSERT INTO "auth_permission" VALUES(79,'Can add Acte',27,'add_act');
INSERT INTO "auth_permission" VALUES(80,'Can change Acte',27,'change_act');
INSERT INTO "auth_permission" VALUES(81,'Can delete Acte',27,'delete_act');
INSERT INTO "auth_permission" VALUES(82,'Can add validation message',28,'add_validationmessage');
INSERT INTO "auth_permission" VALUES(83,'Can change validation message',28,'change_validationmessage');
INSERT INTO "auth_permission" VALUES(84,'Can delete validation message',28,'delete_validationmessage');
INSERT INTO "auth_permission" VALUES(85,'Can add invoicing',29,'add_invoicing');
INSERT INTO "auth_permission" VALUES(86,'Can change invoicing',29,'change_invoicing');
INSERT INTO "auth_permission" VALUES(87,'Can delete invoicing',29,'delete_invoicing');
INSERT INTO "auth_permission" VALUES(88,'Can add invoice',30,'add_invoice');
INSERT INTO "auth_permission" VALUES(89,'Can change invoice',30,'change_invoice');
INSERT INTO "auth_permission" VALUES(90,'Can delete invoice',30,'delete_invoice');
INSERT INTO "auth_permission" VALUES(91,'Can add role',31,'add_role');
INSERT INTO "auth_permission" VALUES(92,'Can change role',31,'change_role');
INSERT INTO "auth_permission" VALUES(93,'Can delete role',31,'delete_role');
INSERT INTO "auth_permission" VALUES(94,'Can add people',32,'add_people');
INSERT INTO "auth_permission" VALUES(95,'Can change people',32,'change_people');
INSERT INTO "auth_permission" VALUES(96,'Can delete people',32,'delete_people');
INSERT INTO "auth_permission" VALUES(97,'Can add Personnel',33,'add_worker');
INSERT INTO "auth_permission" VALUES(98,'Can change Personnel',33,'change_worker');
INSERT INTO "auth_permission" VALUES(99,'Can delete Personnel',33,'delete_worker');
INSERT INTO "auth_permission" VALUES(100,'Can add Intervenant extérieur',34,'add_externalworker');
INSERT INTO "auth_permission" VALUES(101,'Can change Intervenant extérieur',34,'change_externalworker');
INSERT INTO "auth_permission" VALUES(102,'Can delete Intervenant extérieur',34,'delete_externalworker');
INSERT INTO "auth_permission" VALUES(103,'Can add Médecin extérieur',35,'add_externaltherapist');
INSERT INTO "auth_permission" VALUES(104,'Can change Médecin extérieur',35,'change_externaltherapist');
INSERT INTO "auth_permission" VALUES(105,'Can delete Médecin extérieur',35,'delete_externaltherapist');
INSERT INTO "auth_permission" VALUES(106,'Can add user worker',36,'add_userworker');
INSERT INTO "auth_permission" VALUES(107,'Can change user worker',36,'change_userworker');
INSERT INTO "auth_permission" VALUES(108,'Can delete user worker',36,'delete_userworker');
INSERT INTO "auth_permission" VALUES(109,'Can add school teacher',37,'add_schoolteacher');
INSERT INTO "auth_permission" VALUES(110,'Can change school teacher',37,'change_schoolteacher');
INSERT INTO "auth_permission" VALUES(111,'Can delete school teacher',37,'delete_schoolteacher');
INSERT INTO "auth_permission" VALUES(112,'Can add Emploi du temps',38,'add_timetable');
INSERT INTO "auth_permission" VALUES(113,'Can change Emploi du temps',38,'change_timetable');
INSERT INTO "auth_permission" VALUES(114,'Can delete Emploi du temps',38,'delete_timetable');
INSERT INTO "auth_permission" VALUES(115,'Can add Congé',39,'add_holiday');
INSERT INTO "auth_permission" VALUES(116,'Can change Congé',39,'change_holiday');
INSERT INTO "auth_permission" VALUES(117,'Can delete Congé',39,'delete_holiday');
INSERT INTO "auth_permission" VALUES(118,'Can add Centre d''assurance maladie',40,'add_healthcenter');
INSERT INTO "auth_permission" VALUES(119,'Can change Centre d''assurance maladie',40,'change_healthcenter');
INSERT INTO "auth_permission" VALUES(120,'Can delete Centre d''assurance maladie',40,'delete_healthcenter');
INSERT INTO "auth_permission" VALUES(121,'Can add Grand régime',41,'add_largeregime');
INSERT INTO "auth_permission" VALUES(122,'Can change Grand régime',41,'change_largeregime');
INSERT INTO "auth_permission" VALUES(123,'Can delete Grand régime',41,'delete_largeregime');
INSERT INTO "auth_permission" VALUES(124,'Can add Compagnie de transport',42,'add_transportcompany');
INSERT INTO "auth_permission" VALUES(125,'Can change Compagnie de transport',42,'change_transportcompany');
INSERT INTO "auth_permission" VALUES(126,'Can delete Compagnie de transport',42,'delete_transportcompany');
INSERT INTO "auth_permission" VALUES(127,'Can add Code de gestion',43,'add_managementcode');
INSERT INTO "auth_permission" VALUES(128,'Can change Code de gestion',43,'change_managementcode');
INSERT INTO "auth_permission" VALUES(129,'Can delete Code de gestion',43,'delete_managementcode');
INSERT INTO "auth_permission" VALUES(130,'Can add Code de non-facturation',44,'add_uninvoicablecode');
INSERT INTO "auth_permission" VALUES(131,'Can change Code de non-facturation',44,'change_uninvoicablecode');
INSERT INTO "auth_permission" VALUES(132,'Can delete Code de non-facturation',44,'delete_uninvoicablecode');
INSERT INTO "auth_permission" VALUES(133,'Can add Établissement',45,'add_office');
INSERT INTO "auth_permission" VALUES(134,'Can change Établissement',45,'change_office');
INSERT INTO "auth_permission" VALUES(135,'Can delete Établissement',45,'delete_office');
INSERT INTO "auth_permission" VALUES(136,'Can add Type du lieu de socialisation',46,'add_schooltype');
INSERT INTO "auth_permission" VALUES(137,'Can change Type du lieu de socialisation',46,'change_schooltype');
INSERT INTO "auth_permission" VALUES(138,'Can delete Type du lieu de socialisation',46,'delete_schooltype');
INSERT INTO "auth_permission" VALUES(139,'Can add Lieu de socialisation',47,'add_school');
INSERT INTO "auth_permission" VALUES(140,'Can change Lieu de socialisation',47,'change_school');
INSERT INTO "auth_permission" VALUES(141,'Can delete Lieu de socialisation',47,'delete_school');
INSERT INTO "auth_permission" VALUES(142,'Can add Type de rôle des professeurs',48,'add_schoolteacherrole');
INSERT INTO "auth_permission" VALUES(143,'Can change Type de rôle des professeurs',48,'change_schoolteacherrole');
INSERT INTO "auth_permission" VALUES(144,'Can delete Type de rôle des professeurs',48,'delete_schoolteacherrole');
INSERT INTO "auth_permission" VALUES(145,'Can add Classe',49,'add_schoollevel');
INSERT INTO "auth_permission" VALUES(146,'Can change Classe',49,'change_schoollevel');
INSERT INTO "auth_permission" VALUES(147,'Can delete Classe',49,'delete_schoollevel');
INSERT INTO "auth_permission" VALUES(148,'Can add Période de socialisation',50,'add_socialisationduration');
INSERT INTO "auth_permission" VALUES(149,'Can change Période de socialisation',50,'change_socialisationduration');
INSERT INTO "auth_permission" VALUES(150,'Can delete Période de socialisation',50,'delete_socialisationduration');
INSERT INTO "auth_permission" VALUES(151,'Can add Motif d''inscription',51,'add_inscriptionmotive');
INSERT INTO "auth_permission" VALUES(152,'Can change Motif d''inscription',51,'change_inscriptionmotive');
INSERT INTO "auth_permission" VALUES(153,'Can delete Motif d''inscription',51,'delete_inscriptionmotive');
INSERT INTO "auth_permission" VALUES(154,'Can add Nationalité',52,'add_nationality');
INSERT INTO "auth_permission" VALUES(155,'Can change Nationalité',52,'change_nationality');
INSERT INTO "auth_permission" VALUES(156,'Can delete Nationalité',52,'delete_nationality');
INSERT INTO "auth_permission" VALUES(157,'Can add Profession',53,'add_job');
INSERT INTO "auth_permission" VALUES(158,'Can change Profession',53,'change_job');
INSERT INTO "auth_permission" VALUES(159,'Can delete Profession',53,'delete_job');
INSERT INTO "auth_permission" VALUES(160,'Can add Ressource',54,'add_ressource');
INSERT INTO "auth_permission" VALUES(161,'Can change Ressource',54,'change_ressource');
INSERT INTO "auth_permission" VALUES(162,'Can delete Ressource',54,'delete_ressource');
INSERT INTO "auth_permission" VALUES(163,'Can add Motif analysé',55,'add_analysemotive');
INSERT INTO "auth_permission" VALUES(164,'Can change Motif analysé',55,'change_analysemotive');
INSERT INTO "auth_permission" VALUES(165,'Can delete Motif analysé',55,'delete_analysemotive');
INSERT INTO "auth_permission" VALUES(166,'Can add Motif familiale',56,'add_familymotive');
INSERT INTO "auth_permission" VALUES(167,'Can change Motif familiale',56,'change_familymotive');
INSERT INTO "auth_permission" VALUES(168,'Can delete Motif familiale',56,'delete_familymotive');
INSERT INTO "auth_permission" VALUES(169,'Can add Demandeur',57,'add_advicegiver');
INSERT INTO "auth_permission" VALUES(170,'Can change Demandeur',57,'change_advicegiver');
INSERT INTO "auth_permission" VALUES(171,'Can delete Demandeur',57,'delete_advicegiver');
INSERT INTO "auth_permission" VALUES(172,'Can add Conseilleur',58,'add_provenance');
INSERT INTO "auth_permission" VALUES(173,'Can change Conseilleur',58,'change_provenance');
INSERT INTO "auth_permission" VALUES(174,'Can delete Conseilleur',58,'delete_provenance');
INSERT INTO "auth_permission" VALUES(175,'Can add Lieu de provenance',59,'add_provenanceplace');
INSERT INTO "auth_permission" VALUES(176,'Can change Lieu de provenance',59,'change_provenanceplace');
INSERT INTO "auth_permission" VALUES(177,'Can delete Lieu de provenance',59,'delete_provenanceplace');
INSERT INTO "auth_permission" VALUES(178,'Can add Motif de sortie',60,'add_outmotive');
INSERT INTO "auth_permission" VALUES(179,'Can change Motif de sortie',60,'change_outmotive');
INSERT INTO "auth_permission" VALUES(180,'Can delete Motif de sortie',60,'delete_outmotive');
INSERT INTO "auth_permission" VALUES(181,'Can add Orientation de sortie',61,'add_outto');
INSERT INTO "auth_permission" VALUES(182,'Can change Orientation de sortie',61,'change_outto');
INSERT INTO "auth_permission" VALUES(183,'Can delete Orientation de sortie',61,'delete_outto');
INSERT INTO "auth_permission" VALUES(184,'Can add Service',62,'add_service');
INSERT INTO "auth_permission" VALUES(185,'Can change Service',62,'change_service');
INSERT INTO "auth_permission" VALUES(186,'Can delete Service',62,'delete_service');
INSERT INTO "auth_permission" VALUES(187,'Can add Type d''actes',63,'add_acttype');
INSERT INTO "auth_permission" VALUES(188,'Can change Type d''actes',63,'change_acttype');
INSERT INTO "auth_permission" VALUES(189,'Can delete Type d''actes',63,'delete_acttype');
INSERT INTO "auth_permission" VALUES(190,'Can add Type d''autorité parentale',64,'add_parentalauthoritytype');
INSERT INTO "auth_permission" VALUES(191,'Can change Type d''autorité parentale',64,'change_parentalauthoritytype');
INSERT INTO "auth_permission" VALUES(192,'Can delete Type d''autorité parentale',64,'delete_parentalauthoritytype');
INSERT INTO "auth_permission" VALUES(193,'Can add Type de gardes parentales',65,'add_parentalcustodytype');
INSERT INTO "auth_permission" VALUES(194,'Can change Type de gardes parentales',65,'change_parentalcustodytype');
INSERT INTO "auth_permission" VALUES(195,'Can delete Type de gardes parentales',65,'delete_parentalcustodytype');
INSERT INTO "auth_permission" VALUES(196,'Can add Type de séance',66,'add_sessiontype');
INSERT INTO "auth_permission" VALUES(197,'Can change Type de séance',66,'change_sessiontype');
INSERT INTO "auth_permission" VALUES(198,'Can delete Type de séance',66,'delete_sessiontype');
INSERT INTO "auth_permission" VALUES(199,'Can add Type de situation familiale',67,'add_familysituationtype');
INSERT INTO "auth_permission" VALUES(200,'Can change Type de situation familiale',67,'change_familysituationtype');
INSERT INTO "auth_permission" VALUES(201,'Can delete Type de situation familiale',67,'delete_familysituationtype');
INSERT INTO "auth_permission" VALUES(202,'Can add Régime matrimonial',68,'add_maritalstatustype');
INSERT INTO "auth_permission" VALUES(203,'Can change Régime matrimonial',68,'change_maritalstatustype');
INSERT INTO "auth_permission" VALUES(204,'Can delete Régime matrimonial',68,'delete_maritalstatustype');
INSERT INTO "auth_permission" VALUES(205,'Can add Type de transport',69,'add_transporttype');
INSERT INTO "auth_permission" VALUES(206,'Can change Type de transport',69,'change_transporttype');
INSERT INTO "auth_permission" VALUES(207,'Can delete Type de transport',69,'delete_transporttype');
INSERT INTO "auth_permission" VALUES(208,'Can add Type de personnel',70,'add_workertype');
INSERT INTO "auth_permission" VALUES(209,'Can change Type de personnel',70,'change_workertype');
INSERT INTO "auth_permission" VALUES(210,'Can delete Type de personnel',70,'delete_workertype');
INSERT INTO "auth_permission" VALUES(211,'Can add Code CFTMEA',71,'add_codecftmea');
INSERT INTO "auth_permission" VALUES(212,'Can change Code CFTMEA',71,'change_codecftmea');
INSERT INTO "auth_permission" VALUES(213,'Can delete Code CFTMEA',71,'delete_codecftmea');
INSERT INTO "auth_permission" VALUES(214,'Can add Etablissement MDPH',72,'add_mdph');
INSERT INTO "auth_permission" VALUES(215,'Can change Etablissement MDPH',72,'change_mdph');
INSERT INTO "auth_permission" VALUES(216,'Can delete Etablissement MDPH',72,'delete_mdph');
INSERT INTO "auth_permission" VALUES(217,'Can add Demande MDPH',73,'add_mdphrequest');
INSERT INTO "auth_permission" VALUES(218,'Can change Demande MDPH',73,'change_mdphrequest');
INSERT INTO "auth_permission" VALUES(219,'Can delete Demande MDPH',73,'delete_mdphrequest');
INSERT INTO "auth_permission" VALUES(220,'Can add Réponse MDPH',74,'add_mdphresponse');
INSERT INTO "auth_permission" VALUES(221,'Can change Réponse MDPH',74,'change_mdphresponse');
INSERT INTO "auth_permission" VALUES(222,'Can delete Réponse MDPH',74,'delete_mdphresponse');
INSERT INTO "auth_permission" VALUES(223,'Can add Type d''absence',75,'add_holidaytype');
INSERT INTO "auth_permission" VALUES(224,'Can change Type d''absence',75,'change_holidaytype');
INSERT INTO "auth_permission" VALUES(225,'Can delete Type d''absence',75,'delete_holidaytype');
INSERT INTO "auth_permission" VALUES(226,'Can add Type de lien avec le patient (parenté)',76,'add_patientrelatedlink');
INSERT INTO "auth_permission" VALUES(227,'Can change Type de lien avec le patient (parenté)',76,'change_patientrelatedlink');
INSERT INTO "auth_permission" VALUES(228,'Can delete Type de lien avec le patient (parenté)',76,'delete_patientrelatedlink');
INSERT INTO "auth_permission" VALUES(229,'Can add Tarif horaire de l''acte',77,'add_priceperact');
INSERT INTO "auth_permission" VALUES(230,'Can change Tarif horaire de l''acte',77,'change_priceperact');
INSERT INTO "auth_permission" VALUES(231,'Can delete Tarif horaire de l''acte',77,'delete_priceperact');
INSERT INTO "auth_permission" VALUES(232,'Can add tag',78,'add_tag');
INSERT INTO "auth_permission" VALUES(233,'Can change tag',78,'change_tag');
INSERT INTO "auth_permission" VALUES(234,'Can delete tag',78,'delete_tag');
INSERT INTO "auth_permission" VALUES(235,'Can add template',79,'add_template');
INSERT INTO "auth_permission" VALUES(236,'Can change template',79,'change_template');
INSERT INTO "auth_permission" VALUES(237,'Can delete template',79,'delete_template');
INSERT INTO "auth_permission" VALUES(238,'Can add journal entry',80,'add_journal');
INSERT INTO "auth_permission" VALUES(239,'Can change journal entry',80,'change_journal');
INSERT INTO "auth_permission" VALUES(240,'Can delete journal entry',80,'delete_journal');
INSERT INTO "auth_permission" VALUES(241,'Can add linked text string',81,'add_stringdata');
INSERT INTO "auth_permission" VALUES(242,'Can change linked text string',81,'change_stringdata');
INSERT INTO "auth_permission" VALUES(243,'Can delete linked text string',81,'delete_stringdata');
INSERT INTO "auth_permission" VALUES(244,'Can add linked object',82,'add_objectdata');
INSERT INTO "auth_permission" VALUES(245,'Can change linked object',82,'change_objectdata');
INSERT INTO "auth_permission" VALUES(246,'Can delete linked object',82,'delete_objectdata');
CREATE TABLE "auth_group" ("id" integer NOT NULL PRIMARY KEY AUTOINCREMENT, "name" varchar(80) NOT NULL UNIQUE);
CREATE TABLE "auth_group_permissions" ("id" integer NOT NULL PRIMARY KEY AUTOINCREMENT, "group_id" integer NOT NULL REFERENCES "auth_group" ("id"), "permission_id" integer NOT NULL REFERENCES "auth_permission" ("id"), UNIQUE ("group_id", "permission_id"));
CREATE TABLE "auth_user" ("id" integer NOT NULL PRIMARY KEY AUTOINCREMENT, "password" varchar(128) NOT NULL, "last_login" datetime NOT NULL, "is_superuser" bool NOT NULL, "username" varchar(30) NOT NULL UNIQUE, "first_name" varchar(30) NOT NULL, "last_name" varchar(30) NOT NULL, "email" varchar(75) NOT NULL, "is_staff" bool NOT NULL, "is_active" bool NOT NULL, "date_joined" datetime NOT NULL);
INSERT INTO "auth_user" VALUES(1,'pbkdf2_sha256$12000$4ab5jxwvVX3T$cMaL58feKbfej8J1pO0Si5OwkGVXv5lNyNuodpCTF2c=','2016-03-25 22:57:45.575386',1,'admin','','','info@entrouvert.com',1,1,'2012-10-12 15:59:07');
CREATE TABLE "auth_user_groups" ("id" integer NOT NULL PRIMARY KEY AUTOINCREMENT, "user_id" integer NOT NULL REFERENCES "auth_user" ("id"), "group_id" integer NOT NULL REFERENCES "auth_group" ("id"), UNIQUE ("user_id", "group_id"));
CREATE TABLE "auth_user_user_permissions" ("id" integer NOT NULL PRIMARY KEY AUTOINCREMENT, "user_id" integer NOT NULL REFERENCES "auth_user" ("id"), "permission_id" integer NOT NULL REFERENCES "auth_permission" ("id"), UNIQUE ("user_id", "permission_id"));
CREATE TABLE "personnes_holiday_services" ("id" integer NOT NULL PRIMARY KEY AUTOINCREMENT, "holiday_id" integer NOT NULL REFERENCES "personnes_holiday" ("id"), "service_id" integer NOT NULL REFERENCES "ressources_service" ("id"), UNIQUE ("holiday_id", "service_id"));
CREATE TABLE "personnes_people" ("id" integer NOT NULL PRIMARY KEY AUTOINCREMENT, "last_name" varchar(128) NOT NULL, "first_name" varchar(128) NULL, "display_name" varchar(256) NOT NULL, "gender" integer NULL, "email" varchar(75) NULL, "phone" varchar(20) NULL);
CREATE TABLE "personnes_externalworker" ("people_ptr_id" integer NOT NULL PRIMARY KEY REFERENCES "personnes_people" ("id"), "description" text NULL, "address" varchar(120) NULL, "address_complement" varchar(120) NULL, "zip_code" varchar(5) NULL, "city" varchar(80) NULL, "phone_work" varchar(20) NULL, "fax" varchar(30) NULL, "old_id" varchar(256) NULL, "old_service" varchar(256) NULL, "type_id" integer NOT NULL REFERENCES "ressources_workertype" ("id"));
CREATE TABLE "personnes_externaltherapist" ("people_ptr_id" integer NOT NULL PRIMARY KEY REFERENCES "personnes_people" ("id"), "description" text NULL, "address" varchar(120) NULL, "address_complement" varchar(120) NULL, "zip_code" varchar(5) NULL, "city" varchar(80) NULL, "phone_work" varchar(20) NULL, "fax" varchar(30) NULL, "old_id" varchar(256) NULL, "old_service" varchar(256) NULL, "type_id" integer NOT NULL REFERENCES "ressources_workertype" ("id"));
CREATE TABLE "personnes_role" ("id" integer NOT NULL PRIMARY KEY AUTOINCREMENT, "name" varchar(150) NOT NULL);
INSERT INTO "personnes_role" VALUES(1,'admin_access');
INSERT INTO "personnes_role" VALUES(2,'validator');
CREATE TABLE "personnes_role_users" ("id" integer NOT NULL PRIMARY KEY AUTOINCREMENT, "role_id" integer NOT NULL REFERENCES "personnes_role" ("id"), "user_id" integer NOT NULL REFERENCES "auth_user" ("id"), UNIQUE ("role_id", "user_id"));
CREATE TABLE "personnes_schoolteacher" ("people_ptr_id" integer NOT NULL PRIMARY KEY REFERENCES "personnes_people" ("id"), "role_id" integer NOT NULL REFERENCES "ressources_schoolteacherrole" ("id"));
CREATE TABLE "personnes_schoolteacher_schools" ("id" integer NOT NULL PRIMARY KEY AUTOINCREMENT, "schoolteacher_id" integer NOT NULL REFERENCES "personnes_schoolteacher" ("people_ptr_id"), "school_id" integer NOT NULL REFERENCES "ressources_school" ("id"), UNIQUE ("schoolteacher_id", "school_id"));
CREATE TABLE "personnes_timetable_services" ("id" integer NOT NULL PRIMARY KEY AUTOINCREMENT, "timetable_id" integer NOT NULL REFERENCES "personnes_timetable" ("id"), "service_id" integer NOT NULL REFERENCES "ressources_service" ("id"), UNIQUE ("timetable_id", "service_id"));
CREATE TABLE "personnes_worker" ("people_ptr_id" integer NOT NULL PRIMARY KEY REFERENCES "personnes_people" ("id"), "initials" varchar(5) NOT NULL, "enabled" bool NOT NULL, "old_camsp_id" varchar(256) NULL, "old_cmpp_id" varchar(256) NULL, "old_sessad_dys_id" varchar(256) NULL, "old_sessad_ted_id" varchar(256) NULL, "type_id" integer NOT NULL REFERENCES "ressources_workertype" ("id"));
CREATE TABLE "personnes_worker_services" ("id" integer NOT NULL PRIMARY KEY AUTOINCREMENT, "worker_id" integer NOT NULL REFERENCES "personnes_worker" ("people_ptr_id"), "service_id" integer NOT NULL REFERENCES "ressources_service" ("id"), UNIQUE ("worker_id", "service_id"));
CREATE TABLE "personnes_userworker" ("id" integer NOT NULL PRIMARY KEY AUTOINCREMENT, "user_id" integer NOT NULL UNIQUE REFERENCES "auth_user" ("id"), "worker_id" integer NOT NULL REFERENCES "personnes_worker" ("people_ptr_id"));
CREATE TABLE "personnes_timetable" ("id" integer NOT NULL PRIMARY KEY AUTOINCREMENT, "weekday" integer unsigned NOT NULL, "start_time" time NOT NULL, "end_time" time NOT NULL, "start_date" date NOT NULL, "end_date" date NULL, "periodicity" integer unsigned NULL, "week_offset" integer unsigned NOT NULL, "week_period" integer unsigned NULL, "week_parity" integer unsigned NULL, "week_rank" integer unsigned NULL, "worker_id" integer NOT NULL REFERENCES "personnes_worker" ("people_ptr_id"));
CREATE TABLE "personnes_holiday" ("id" integer NOT NULL PRIMARY KEY AUTOINCREMENT, "start_date" date NOT NULL, "end_date" date NOT NULL, "start_time" time NULL, "end_time" time NULL, "comment" text NOT NULL, "holiday_type_id" integer NOT NULL REFERENCES "ressources_holidaytype" ("id"), "worker_id" integer NULL REFERENCES "personnes_worker" ("people_ptr_id"));
CREATE TABLE "dossiers_cmpphealthcaretreatment" ("healthcare_ptr_id" integer NOT NULL PRIMARY KEY REFERENCES "dossiers_healthcare" ("id"), "act_number" integer NOT NULL, "end_date" date NULL, "prolongation" integer NOT NULL, "prolongation_date" date NULL);
CREATE TABLE "dossiers_cmpphealthcarediagnostic" ("healthcare_ptr_id" integer NOT NULL PRIMARY KEY REFERENCES "dossiers_healthcare" ("id"), "act_number" integer NOT NULL, "end_date" date NULL);
CREATE TABLE "dossiers_patientaddress" ("id" integer NOT NULL PRIMARY KEY AUTOINCREMENT, "display_name" varchar(276) NOT NULL, "phone" varchar(20) NULL, "fax" varchar(20) NULL, "place_of_life" bool NOT NULL, "number" varchar(12) NULL, "recipient" varchar(100) NULL, "street" varchar(100) NULL, "address_complement" varchar(100) NULL, "zip_code" varchar(5) NULL, "city" varchar(60) NULL, "comment" text NULL);
CREATE TABLE "dossiers_patientrecord" ("patientcontact_ptr_id" integer NOT NULL PRIMARY KEY REFERENCES "dossiers_patientcontact" ("people_ptr_id"), "created" datetime NOT NULL, "nationality" varchar(70) NULL, "paper_id" varchar(6) NULL, "comment" text NULL, "pause" bool NOT NULL, "pause_comment" text NULL, "confidential" bool NOT NULL, "addresses_contacts_comment" text NULL, "size" decimal NULL, "weight" integer NULL, "pregnancy_term" integer NULL, "cranium_perimeter" decimal NULL, "chest_perimeter" decimal NULL, "apgar_score_one" integer NULL, "apgar_score_two" integer NULL, "deficiency_intellectual" integer NOT NULL, "deficiency_autism_and_other_ted" integer NOT NULL, "deficiency_mental_disorder" integer NOT NULL, "deficiency_learning_disorder" integer NOT NULL, "deficiency_auditory" integer NOT NULL, "deficiency_visual" integer NOT NULL, "deficiency_motor" integer NOT NULL, "deficiency_metabolic_disorder" integer NOT NULL, "deficiency_brain_damage" integer NOT NULL, "deficiency_polyhandicap" bool NOT NULL, "deficiency_behavioral_disorder" integer NOT NULL, "deficiency_in_diagnostic" bool NOT NULL, "deficiency_other_disorder" integer NOT NULL, "sibship_place" integer NULL, "nb_children_family" integer NULL, "family_comment" text NULL, "simple_appointment_transport" bool NOT NULL, "periodic_appointment_transport" bool NOT NULL, "old_id" varchar(256) NULL, "old_old_id" varchar(256) NULL, "advicegiver_id" integer NULL REFERENCES "ressources_advicegiver" ("id"), "analysemotive_id" integer NULL REFERENCES "ressources_analysemotive" ("id"), "child_custody_id" integer NULL REFERENCES "ressources_parentalcustodytype" ("id"), "creator_id" integer NOT NULL REFERENCES "auth_user" ("id"), "externaldoctor_id" integer NULL REFERENCES "personnes_externaltherapist" ("people_ptr_id"), "externalintervener_id" integer NULL REFERENCES "personnes_externalworker" ("people_ptr_id"), "family_situation_id" integer NULL REFERENCES "ressources_familysituationtype" ("id"), "familymotive_id" integer NULL REFERENCES "ressources_familymotive" ("id"), "job_father_id" integer NULL REFERENCES "ressources_job" ("id"), "job_mother_id" integer NULL REFERENCES "ressources_job" ("id"), "last_state_id" integer NULL REFERENCES "dossiers_filestate" ("id"), "outmotive_id" integer NULL REFERENCES "ressources_outmotive" ("id"), "outto_id" integer NULL REFERENCES "ressources_outto" ("id"), "parental_authority_id" integer NULL REFERENCES "ressources_parentalauthoritytype" ("id"), "policyholder_id" integer NULL REFERENCES "dossiers_patientcontact" ("people_ptr_id"), "provenance_id" integer NULL REFERENCES "ressources_provenance" ("id"), "provenanceplace_id" integer NULL REFERENCES "ressources_provenanceplace" ("id"), "rm_father_id" integer NULL REFERENCES "ressources_maritalstatustype" ("id"), "rm_mother_id" integer NULL REFERENCES "ressources_maritalstatustype" ("id"), "service_id" integer NULL REFERENCES "ressources_service" ("id"), "transportcompany_id" integer NULL REFERENCES "ressources_transportcompany" ("id"), "transporttype_id" integer NULL REFERENCES "ressources_transporttype" ("id"));
CREATE TABLE "dossiers_patientrecord_contacts" ("id" integer NOT NULL PRIMARY KEY AUTOINCREMENT, "patientrecord_id" integer NOT NULL REFERENCES "dossiers_patientrecord" ("patientcontact_ptr_id"), "patientcontact_id" integer NOT NULL REFERENCES "dossiers_patientcontact" ("people_ptr_id"), UNIQUE ("patientrecord_id", "patientcontact_id"));
CREATE TABLE "dossiers_patientrecord_coordinators" ("id" integer NOT NULL PRIMARY KEY AUTOINCREMENT, "patientrecord_id" integer NOT NULL REFERENCES "dossiers_patientrecord" ("patientcontact_ptr_id"), "worker_id" integer NOT NULL REFERENCES "personnes_worker" ("people_ptr_id"), UNIQUE ("patientrecord_id", "worker_id"));
CREATE TABLE "dossiers_patientrecord_mdph_requests" ("id" integer NOT NULL PRIMARY KEY AUTOINCREMENT, "patientrecord_id" integer NOT NULL REFERENCES "dossiers_patientrecord" ("patientcontact_ptr_id"), "mdphrequest_id" integer NOT NULL REFERENCES "ressources_mdphrequest" ("id"), UNIQUE ("patientrecord_id", "mdphrequest_id"));
CREATE TABLE "dossiers_patientrecord_mdph_responses" ("id" integer NOT NULL PRIMARY KEY AUTOINCREMENT, "patientrecord_id" integer NOT NULL REFERENCES "dossiers_patientrecord" ("patientcontact_ptr_id"), "mdphresponse_id" integer NOT NULL REFERENCES "ressources_mdphresponse" ("id"), UNIQUE ("patientrecord_id", "mdphresponse_id"));
CREATE TABLE "dossiers_patientrecord_mises_1" ("id" integer NOT NULL PRIMARY KEY AUTOINCREMENT, "patientrecord_id" integer NOT NULL REFERENCES "dossiers_patientrecord" ("patientcontact_ptr_id"), "codecftmea_id" integer NOT NULL REFERENCES "ressources_codecftmea" ("id"), UNIQUE ("patientrecord_id", "codecftmea_id"));
CREATE TABLE "dossiers_patientrecord_mises_2" ("id" integer NOT NULL PRIMARY KEY AUTOINCREMENT, "patientrecord_id" integer NOT NULL REFERENCES "dossiers_patientrecord" ("patientcontact_ptr_id"), "codecftmea_id" integer NOT NULL REFERENCES "ressources_codecftmea" ("id"), UNIQUE ("patientrecord_id", "codecftmea_id"));
CREATE TABLE "dossiers_patientrecord_mises_3" ("id" integer NOT NULL PRIMARY KEY AUTOINCREMENT, "patientrecord_id" integer NOT NULL REFERENCES "dossiers_patientrecord" ("patientcontact_ptr_id"), "codecftmea_id" integer NOT NULL REFERENCES "ressources_codecftmea" ("id"), UNIQUE ("patientrecord_id", "codecftmea_id"));
CREATE TABLE "dossiers_patientrecord_socialisation_durations" ("id" integer NOT NULL PRIMARY KEY AUTOINCREMENT, "patientrecord_id" integer NOT NULL REFERENCES "dossiers_patientrecord" ("patientcontact_ptr_id"), "socialisationduration_id" integer NOT NULL REFERENCES "ressources_socialisationduration" ("id"), UNIQUE ("patientrecord_id", "socialisationduration_id"));
CREATE TABLE "dossiers_protectionstatus" ("id" integer NOT NULL PRIMARY KEY AUTOINCREMENT, "name" varchar(150) NOT NULL);
CREATE TABLE "dossiers_sessadhealthcarenotification" ("healthcare_ptr_id" integer NOT NULL PRIMARY KEY REFERENCES "dossiers_healthcare" ("id"), "end_date" date NULL);
CREATE TABLE "dossiers_status" ("id" integer NOT NULL PRIMARY KEY AUTOINCREMENT, "name" varchar(150) NOT NULL, "type" varchar(80) NOT NULL);
INSERT INTO "dossiers_status" VALUES(1,'En contact','ACCUEIL');
INSERT INTO "dossiers_status" VALUES(2,'Fin d''accueil','FIN_ACCUEIL');
INSERT INTO "dossiers_status" VALUES(3,'Diagnostic','DIAGNOSTIC');
INSERT INTO "dossiers_status" VALUES(4,'Traitement','TRAITEMENT');
INSERT INTO "dossiers_status" VALUES(5,'Clos','CLOS');
INSERT INTO "dossiers_status" VALUES(6,'Bilan','BILAN');
INSERT INTO "dossiers_status" VALUES(7,'Surveillance','SURVEILLANCE');
INSERT INTO "dossiers_status" VALUES(8,'Suivi','SUIVI');
CREATE TABLE "dossiers_status_services" ("id" integer NOT NULL PRIMARY KEY AUTOINCREMENT, "status_id" integer NOT NULL REFERENCES "dossiers_status" ("id"), "service_id" integer NOT NULL REFERENCES "ressources_service" ("id"), UNIQUE ("status_id", "service_id"));
INSERT INTO "dossiers_status_services" VALUES(1,1,1);
INSERT INTO "dossiers_status_services" VALUES(2,1,3);
INSERT INTO "dossiers_status_services" VALUES(3,1,2);
INSERT INTO "dossiers_status_services" VALUES(4,1,4);
INSERT INTO "dossiers_status_services" VALUES(5,2,1);
INSERT INTO "dossiers_status_services" VALUES(6,2,3);
INSERT INTO "dossiers_status_services" VALUES(7,2,2);
INSERT INTO "dossiers_status_services" VALUES(8,2,4);
INSERT INTO "dossiers_status_services" VALUES(9,3,1);
INSERT INTO "dossiers_status_services" VALUES(10,4,1);
INSERT INTO "dossiers_status_services" VALUES(11,4,3);
INSERT INTO "dossiers_status_services" VALUES(12,4,4);
INSERT INTO "dossiers_status_services" VALUES(13,5,1);
INSERT INTO "dossiers_status_services" VALUES(14,5,3);
INSERT INTO "dossiers_status_services" VALUES(15,5,2);
INSERT INTO "dossiers_status_services" VALUES(16,5,4);
INSERT INTO "dossiers_status_services" VALUES(17,6,2);
INSERT INTO "dossiers_status_services" VALUES(18,7,2);
INSERT INTO "dossiers_status_services" VALUES(19,8,2);
CREATE TABLE "dossiers_transportprescriptionlog" ("id" integer NOT NULL PRIMARY KEY AUTOINCREMENT, "created" datetime NOT NULL, "choices" varchar(4096) NULL, "patient_id" integer NOT NULL REFERENCES "dossiers_patientrecord" ("patientcontact_ptr_id"));
CREATE TABLE "dossiers_protectionstate" ("id" integer NOT NULL PRIMARY KEY AUTOINCREMENT, "created" datetime NOT NULL, "start_date" datetime NOT NULL, "end_date" datetime NULL, "comment" text NULL, "patient_id" integer NOT NULL REFERENCES "dossiers_patientrecord" ("patientcontact_ptr_id"), "status_id" integer NOT NULL REFERENCES "dossiers_protectionstatus" ("id"));
CREATE TABLE "dossiers_patientcontact_addresses" ("id" integer NOT NULL PRIMARY KEY AUTOINCREMENT, "patientcontact_id" integer NOT NULL REFERENCES "dossiers_patientcontact" ("people_ptr_id"), "patientaddress_id" integer NOT NULL REFERENCES "dossiers_patientaddress" ("id"), UNIQUE ("patientcontact_id", "patientaddress_id"));
CREATE TABLE "dossiers_patientcontact" ("people_ptr_id" integer NOT NULL PRIMARY KEY REFERENCES "personnes_people" ("id"), "mobile" varchar(20) NULL, "social_security_id" varchar(13) NULL, "birthdate" date NULL, "birthplace" varchar(100) NULL, "twinning_rank" integer NOT NULL, "thirdparty_payer" bool NOT NULL, "begin_rights" date NULL, "end_rights" date NULL, "other_health_center" varchar(4) NULL, "type_of_contract" varchar(2) NULL, "ame" bool NOT NULL, "contact_comment" text NULL, "old_contact_id" varchar(256) NULL, "health_center_id" integer NULL REFERENCES "ressources_healthcenter" ("id"), "job_id" integer NULL REFERENCES "ressources_job" ("id"), "management_code_id" integer NULL REFERENCES "ressources_managementcode" ("id"), "parente_id" integer NULL REFERENCES "ressources_patientrelatedlink" ("id"));
CREATE TABLE "dossiers_healthcare" ("id" integer NOT NULL PRIMARY KEY AUTOINCREMENT, "start_date" date NOT NULL, "request_date" date NULL, "agree_date" date NULL, "insist_date" date NULL, "created" datetime NOT NULL, "comment" text NULL, "author_id" integer NULL REFERENCES "auth_user" ("id"), "patient_id" integer NOT NULL REFERENCES "dossiers_patientrecord" ("patientcontact_ptr_id"));
CREATE TABLE "dossiers_filestate" ("id" integer NOT NULL PRIMARY KEY AUTOINCREMENT, "created" datetime NOT NULL, "date_selected" datetime NOT NULL, "comment" text NULL, "author_id" integer NOT NULL REFERENCES "auth_user" ("id"), "patient_id" integer NOT NULL REFERENCES "dossiers_patientrecord" ("patientcontact_ptr_id"), "previous_state_id" integer NULL REFERENCES "dossiers_filestate" ("id"), "status_id" integer NOT NULL REFERENCES "dossiers_status" ("id"));
CREATE TABLE "agenda_eventtype" ("id" integer NOT NULL PRIMARY KEY AUTOINCREMENT, "label" varchar(50) NOT NULL, "rank" integer NULL);
INSERT INTO "agenda_eventtype" VALUES(1,'Rendez-vous patient',0);
INSERT INTO "agenda_eventtype" VALUES(2,'Réunion',0);
INSERT INTO "agenda_eventtype" VALUES(3,'Vacances',0);
INSERT INTO "agenda_eventtype" VALUES(4,'Autre',999);
INSERT INTO "agenda_eventtype" VALUES(5,'Périnatalité',0);
INSERT INTO "agenda_eventtype" VALUES(6,'Réunion des parents',0);
INSERT INTO "agenda_eventtype" VALUES(7,'Temps de trajet',0);
INSERT INTO "agenda_eventtype" VALUES(8,'Réunion à l''extérieur',0);
INSERT INTO "agenda_eventtype" VALUES(9,'En formation',0);
INSERT INTO "agenda_eventtype" VALUES(10,'Donne une formation',0);
INSERT INTO "agenda_eventtype" VALUES(11,'Équipe pluridisciplinaire MLA',0);
INSERT INTO "agenda_eventtype" VALUES(12,'Supervision',0);
INSERT INTO "agenda_eventtype" VALUES(13,'Réunion de service',0);
INSERT INTO "agenda_eventtype" VALUES(14,'Réunion de direction',0);
INSERT INTO "agenda_eventtype" VALUES(15,'Réunion administratifs',0);
INSERT INTO "agenda_eventtype" VALUES(16,'Réunion agents de service',0);
INSERT INTO "agenda_eventtype" VALUES(17,'Concertation direction',0);
CREATE TABLE "agenda_eventwithact" ("event_ptr_id" integer NOT NULL PRIMARY KEY REFERENCES "agenda_event" ("id"), "convocation_sent" bool NOT NULL, "act_type_id" integer NOT NULL REFERENCES "ressources_acttype" ("id"), "patient_id" integer NOT NULL REFERENCES "dossiers_patientrecord" ("patientcontact_ptr_id"));
CREATE TABLE "agenda_event_participants" ("id" integer NOT NULL PRIMARY KEY AUTOINCREMENT, "event_id" integer NOT NULL REFERENCES "agenda_event" ("id"), "people_id" integer NOT NULL REFERENCES "personnes_people" ("id"), UNIQUE ("event_id", "people_id"));
CREATE TABLE "agenda_event_services" ("id" integer NOT NULL PRIMARY KEY AUTOINCREMENT, "event_id" integer NOT NULL REFERENCES "agenda_event" ("id"), "service_id" integer NOT NULL REFERENCES "ressources_service" ("id"), UNIQUE ("event_id", "service_id"));
CREATE TABLE "agenda_event" ("id" integer NOT NULL PRIMARY KEY AUTOINCREMENT, "title" varchar(60) NOT NULL, "description" text NULL, "create_date" datetime NOT NULL, "start_datetime" datetime NOT NULL, "end_datetime" datetime NULL, "old_ev_id" varchar(8) NULL, "old_rr_id" varchar(8) NULL, "old_rs_id" varchar(8) NULL, "exception_date" date NULL, "canceled" bool NOT NULL, "recurrence_periodicity" integer unsigned NULL, "recurrence_week_day" integer unsigned NOT NULL, "recurrence_week_offset" integer unsigned NOT NULL, "recurrence_week_period" integer unsigned NULL, "recurrence_week_rank" integer NULL, "recurrence_week_parity" integer unsigned NULL, "recurrence_end_date" date NULL, "creator_id" integer NULL REFERENCES "auth_user" ("id"), "event_type_id" integer NOT NULL REFERENCES "agenda_eventtype" ("id"), "exception_to_id" integer NULL REFERENCES "agenda_event" ("id"), "ressource_id" integer NULL REFERENCES "ressources_ressource" ("id"), UNIQUE ("exception_to_id", "exception_date"));
CREATE TABLE "actes_act_doctors" ("id" integer NOT NULL PRIMARY KEY AUTOINCREMENT, "act_id" integer NOT NULL REFERENCES "actes_act" ("id"), "worker_id" integer NOT NULL REFERENCES "personnes_worker" ("people_ptr_id"), UNIQUE ("act_id", "worker_id"));
CREATE TABLE "actes_actvalidationstate" ("id" integer NOT NULL PRIMARY KEY AUTOINCREMENT, "state_name" varchar(150) NOT NULL, "created" datetime NOT NULL, "auto" bool NOT NULL, "act_id" integer NOT NULL REFERENCES "actes_act" ("id"), "author_id" integer NULL REFERENCES "auth_user" ("id"), "previous_state_id" integer NULL REFERENCES "actes_actvalidationstate" ("id"));
CREATE TABLE "actes_validationmessage" ("id" integer NOT NULL PRIMARY KEY AUTOINCREMENT, "validation_date" datetime NOT NULL, "what" varchar(256) NOT NULL, "when" datetime NOT NULL, "service_id" integer NULL REFERENCES "ressources_service" ("id"), "who_id" integer NOT NULL REFERENCES "auth_user" ("id"));
CREATE TABLE "actes_act" ("id" integer NOT NULL PRIMARY KEY AUTOINCREMENT, "date" date NOT NULL, "time" time NULL, "_duration" integer NULL, "validation_locked" bool NOT NULL, "is_billed" bool NOT NULL, "already_billed" bool NOT NULL, "is_lost" bool NOT NULL, "valide" bool NOT NULL, "switch_billable" bool NOT NULL, "pause" bool NOT NULL, "attendance" varchar(16) NOT NULL, "old_id" varchar(256) NULL, "act_type_id" integer NOT NULL REFERENCES "ressources_acttype" ("id"), "healthcare_id" integer NULL REFERENCES "dossiers_healthcare" ("id"), "last_validation_state_id" integer NULL REFERENCES "actes_actvalidationstate" ("id"), "parent_event_id" integer NULL REFERENCES "agenda_event" ("id"), "patient_id" integer NOT NULL REFERENCES "dossiers_patientrecord" ("patientcontact_ptr_id"), "transport_company_id" integer NULL REFERENCES "ressources_transportcompany" ("id"), "transport_type_id" integer NULL REFERENCES "ressources_transporttype" ("id"));
CREATE TABLE "django_admin_log" ("id" integer NOT NULL PRIMARY KEY AUTOINCREMENT, "action_time" datetime NOT NULL, "object_id" text NULL, "object_repr" varchar(200) NOT NULL, "action_flag" smallint unsigned NOT NULL, "change_message" text NOT NULL, "content_type_id" integer NULL REFERENCES "django_content_type" ("id"), "user_id" integer NOT NULL REFERENCES "auth_user" ("id"));
CREATE TABLE "facturation_invoice_acts" ("id" integer NOT NULL PRIMARY KEY AUTOINCREMENT, "invoice_id" integer NOT NULL REFERENCES "facturation_invoice" ("id"), "act_id" integer NOT NULL REFERENCES "actes_act" ("id"), UNIQUE ("invoice_id", "act_id"));
CREATE TABLE "facturation_invoicing_acts" ("id" integer NOT NULL PRIMARY KEY AUTOINCREMENT, "invoicing_id" integer NOT NULL REFERENCES "facturation_invoicing" ("id"), "act_id" integer NOT NULL REFERENCES "actes_act" ("id"), UNIQUE ("invoicing_id", "act_id"));
CREATE TABLE "facturation_invoicing" ("id" integer NOT NULL PRIMARY KEY AUTOINCREMENT, "seq_id" integer NULL, "start_date" date NOT NULL, "end_date" date NULL, "status" varchar(20) NOT NULL, "service_id" integer NOT NULL REFERENCES "ressources_service" ("id"), UNIQUE ("seq_id", "service_id"));
CREATE TABLE "facturation_invoice" ("id" integer NOT NULL PRIMARY KEY AUTOINCREMENT, "number" integer NULL, "batch" integer NULL, "patient_id" integer NULL, "patient_last_name" varchar(128) NOT NULL, "patient_first_name" varchar(128) NOT NULL, "patient_social_security_id" varchar(13) NOT NULL, "patient_birthdate" date NULL, "patient_twinning_rank" integer NULL, "patient_entry_date" date NULL, "patient_exit_date" date NULL, "patient_other_health_center" varchar(4) NOT NULL, "policy_holder_id" integer NULL, "policy_holder_last_name" varchar(128) NOT NULL, "policy_holder_first_name" varchar(128) NOT NULL, "policy_holder_social_security_id" varchar(13) NOT NULL, "policy_holder_other_health_center" varchar(4) NOT NULL, "policy_holder_address" varchar(128) NOT NULL, "policy_holder_management_code" varchar(10) NOT NULL, "policy_holder_management_code_name" varchar(256) NOT NULL, "created" datetime NOT NULL, "list_dates" varchar(2048) NULL, "first_tag" varchar(128) NULL, "amount" integer NOT NULL, "ppa" integer NOT NULL, "rejected" bool NOT NULL, "invoicing_id" integer NOT NULL REFERENCES "facturation_invoicing" ("id"), "patient_healthcenter_id" integer NULL REFERENCES "ressources_healthcenter" ("id"), "policy_holder_healthcenter_id" integer NULL REFERENCES "ressources_healthcenter" ("id"));
CREATE TABLE "reversion_revision" ("id" integer NOT NULL PRIMARY KEY AUTOINCREMENT, "manager_slug" varchar(200) NOT NULL, "date_created" datetime NOT NULL, "comment" text NOT NULL, "user_id" integer NULL REFERENCES "auth_user" ("id"));
CREATE TABLE "reversion_version" ("id" integer NOT NULL PRIMARY KEY AUTOINCREMENT, "object_id" text NOT NULL, "object_id_int" integer NULL, "format" varchar(255) NOT NULL, "serialized_data" text NOT NULL, "object_repr" text NOT NULL, "content_type_id" integer NOT NULL REFERENCES "django_content_type" ("id"), "revision_id" integer NOT NULL REFERENCES "reversion_revision" ("id"));
CREATE TABLE "django_session" ("session_key" varchar(40) NOT NULL PRIMARY KEY, "session_data" text NOT NULL, "expire_date" datetime NOT NULL);
INSERT INTO "django_session" VALUES('0xysyt8ohsucgzvb8ztgtqx5pz5fg0vp','MzI2OTU3NjQ1MDM1OTgzODQ0MTJiZTZhMjE5ZmUwYWRiYmMyMjRjMTp7fQ==','2016-04-08 23:05:37.119343');
CREATE TABLE "django_site" ("id" integer NOT NULL PRIMARY KEY AUTOINCREMENT, "domain" varchar(100) NOT NULL, "name" varchar(50) NOT NULL);
INSERT INTO "django_site" VALUES(1,'example.com','example.com');
DELETE FROM sqlite_sequence;
INSERT INTO "sqlite_sequence" VALUES('ressources_school',200);
INSERT INTO "sqlite_sequence" VALUES('ressources_healthcenter',1681);
INSERT INTO "sqlite_sequence" VALUES('ressources_acttype',188);
INSERT INTO "sqlite_sequence" VALUES('django_migrations',12);
INSERT INTO "sqlite_sequence" VALUES('django_content_type',82);
INSERT INTO "sqlite_sequence" VALUES('personnes_userworker',0);
INSERT INTO "sqlite_sequence" VALUES('personnes_timetable',0);
INSERT INTO "sqlite_sequence" VALUES('personnes_holiday',0);
INSERT INTO "sqlite_sequence" VALUES('dossiers_protectionstate',0);
INSERT INTO "sqlite_sequence" VALUES('dossiers_healthcare',0);
INSERT INTO "sqlite_sequence" VALUES('dossiers_filestate',0);
INSERT INTO "sqlite_sequence" VALUES('agenda_event',0);
INSERT INTO "sqlite_sequence" VALUES('actes_act',0);
INSERT INTO "sqlite_sequence" VALUES('facturation_invoicing',0);
INSERT INTO "sqlite_sequence" VALUES('facturation_invoice',0);
INSERT INTO "sqlite_sequence" VALUES('auth_permission',246);
INSERT INTO "sqlite_sequence" VALUES('django_site',1);
INSERT INTO "sqlite_sequence" VALUES('auth_user',1);
INSERT INTO "sqlite_sequence" VALUES('ressources_parentalauthoritytype',5);
INSERT INTO "sqlite_sequence" VALUES('ressources_schoollevel',41);
INSERT INTO "sqlite_sequence" VALUES('ressources_codecftmea',296);
INSERT INTO "sqlite_sequence" VALUES('ressources_advicegiver',8);
INSERT INTO "sqlite_sequence" VALUES('agenda_eventtype',17);
INSERT INTO "sqlite_sequence" VALUES('django_journal_tag',5);
INSERT INTO "sqlite_sequence" VALUES('django_journal_template',2);
INSERT INTO "sqlite_sequence" VALUES('django_journal_journal',18);
INSERT INTO "sqlite_sequence" VALUES('django_journal_objectdata',18);
INSERT INTO "sqlite_sequence" VALUES('dossiers_status',8);
INSERT INTO "sqlite_sequence" VALUES('dossiers_status_services',19);
INSERT INTO "sqlite_sequence" VALUES('ressources_parentalcustodytype',5);
INSERT INTO "sqlite_sequence" VALUES('ressources_holidaytype',18);
INSERT INTO "sqlite_sequence" VALUES('ressources_analysemotive',15);
INSERT INTO "sqlite_sequence" VALUES('ressources_familymotive',15);
INSERT INTO "sqlite_sequence" VALUES('ressources_provenance',50);
INSERT INTO "sqlite_sequence" VALUES('ressources_job',28);
INSERT INTO "sqlite_sequence" VALUES('ressources_largeregime',24);
INSERT INTO "sqlite_sequence" VALUES('ressources_mdph',4);
INSERT INTO "sqlite_sequence" VALUES('ressources_office',1);
INSERT INTO "sqlite_sequence" VALUES('ressources_patientrelatedlink',11);
INSERT INTO "sqlite_sequence" VALUES('ressources_maritalstatustype',8);
INSERT INTO "sqlite_sequence" VALUES('personnes_role',2);
INSERT INTO "sqlite_sequence" VALUES('ressources_schooltype',8);
INSERT INTO "sqlite_sequence" VALUES('ressources_schooltype_services',23);
INSERT INTO "sqlite_sequence" VALUES('ressources_service',4);
INSERT INTO "sqlite_sequence" VALUES('ressources_familysituationtype',5);
INSERT INTO "sqlite_sequence" VALUES('ressources_outmotive',16);
INSERT INTO "sqlite_sequence" VALUES('ressources_outto',14);
INSERT INTO "sqlite_sequence" VALUES('ressources_transportcompany',15);
INSERT INTO "sqlite_sequence" VALUES('ressources_transporttype',3);
INSERT INTO "sqlite_sequence" VALUES('ressources_workertype',20);
INSERT INTO "sqlite_sequence" VALUES('django_journal_stringdata',1);
CREATE INDEX "django_journal_journal_7f12bbd9" ON "django_journal_journal" ("time");
CREATE INDEX "django_journal_journal_5659cca2" ON "django_journal_journal" ("tag_id");
CREATE INDEX "django_journal_journal_43d23afc" ON "django_journal_journal" ("template_id");
CREATE INDEX "django_journal_journal_d4a47933" ON "django_journal_journal" ("message");
CREATE INDEX "django_journal_stringdata_b050c2da" ON "django_journal_stringdata" ("journal_id");
CREATE INDEX "django_journal_stringdata_5659cca2" ON "django_journal_stringdata" ("tag_id");
CREATE INDEX "django_journal_objectdata_b050c2da" ON "django_journal_objectdata" ("journal_id");
CREATE INDEX "django_journal_objectdata_5659cca2" ON "django_journal_objectdata" ("tag_id");
CREATE INDEX "django_journal_objectdata_37ef4eb4" ON "django_journal_objectdata" ("content_type_id");
CREATE INDEX "django_journal_objectdata_846f0221" ON "django_journal_objectdata" ("object_id");
CREATE INDEX "ressources_mdphrequest_d58f7f32" ON "ressources_mdphrequest" ("mdph_id");
CREATE INDEX "ressources_mdphresponse_d58f7f32" ON "ressources_mdphresponse" ("mdph_id");
CREATE INDEX "ressources_ressource_e1d3c993" ON "ressources_ressource" ("etablissement_id");
CREATE INDEX "ressources_service_2dbcba41" ON "ressources_service" ("slug");
CREATE INDEX "ressources_socialisationduration_80e0bd5f" ON "ressources_socialisationduration" ("level_id");
CREATE INDEX "ressources_socialisationduration_5fc7164b" ON "ressources_socialisationduration" ("school_id");
CREATE INDEX "ressources_school_349124b5" ON "ressources_school" ("school_type_id");
CREATE INDEX "ressources_school_services_5fc7164b" ON "ressources_school_services" ("school_id");
CREATE INDEX "ressources_school_services_b0dc1e29" ON "ressources_school_services" ("service_id");
CREATE INDEX "ressources_healthcenter_d9b04f31" ON "ressources_healthcenter" ("hc_invoice_id");
CREATE INDEX "ressources_healthcenter_805df8c7" ON "ressources_healthcenter" ("large_regime_id");
CREATE INDEX "ressources_acttype_b0dc1e29" ON "ressources_acttype" ("service_id");
CREATE INDEX "auth_permission_417f1b1c" ON "auth_permission" ("content_type_id");
CREATE INDEX "auth_group_permissions_0e939a4f" ON "auth_group_permissions" ("group_id");
CREATE INDEX "auth_group_permissions_8373b171" ON "auth_group_permissions" ("permission_id");
CREATE INDEX "auth_user_groups_e8701ad4" ON "auth_user_groups" ("user_id");
CREATE INDEX "auth_user_groups_0e939a4f" ON "auth_user_groups" ("group_id");
CREATE INDEX "auth_user_user_permissions_e8701ad4" ON "auth_user_user_permissions" ("user_id");
CREATE INDEX "auth_user_user_permissions_8373b171" ON "auth_user_user_permissions" ("permission_id");
CREATE INDEX "personnes_holiday_services_db485143" ON "personnes_holiday_services" ("holiday_id");
CREATE INDEX "personnes_holiday_services_b0dc1e29" ON "personnes_holiday_services" ("service_id");
CREATE INDEX "personnes_people_7d4553c0" ON "personnes_people" ("last_name");
CREATE INDEX "personnes_people_c2657f13" ON "personnes_people" ("display_name");
CREATE INDEX "personnes_externalworker_94757cae" ON "personnes_externalworker" ("type_id");
CREATE INDEX "personnes_externaltherapist_94757cae" ON "personnes_externaltherapist" ("type_id");
CREATE INDEX "personnes_role_users_84566833" ON "personnes_role_users" ("role_id");
CREATE INDEX "personnes_role_users_e8701ad4" ON "personnes_role_users" ("user_id");
CREATE INDEX "personnes_schoolteacher_84566833" ON "personnes_schoolteacher" ("role_id");
CREATE INDEX "personnes_schoolteacher_schools_643df0f3" ON "personnes_schoolteacher_schools" ("schoolteacher_id");
CREATE INDEX "personnes_schoolteacher_schools_5fc7164b" ON "personnes_schoolteacher_schools" ("school_id");
CREATE INDEX "personnes_timetable_services_3b1b59f0" ON "personnes_timetable_services" ("timetable_id");
CREATE INDEX "personnes_timetable_services_b0dc1e29" ON "personnes_timetable_services" ("service_id");
CREATE INDEX "personnes_worker_94757cae" ON "personnes_worker" ("type_id");
CREATE INDEX "personnes_worker_services_ce77e6ef" ON "personnes_worker_services" ("worker_id");
CREATE INDEX "personnes_worker_services_b0dc1e29" ON "personnes_worker_services" ("service_id");
CREATE INDEX "personnes_userworker_ce77e6ef" ON "personnes_userworker" ("worker_id");
CREATE INDEX "personnes_timetable_ce77e6ef" ON "personnes_timetable" ("worker_id");
CREATE INDEX "personnes_holiday_a02d365c" ON "personnes_holiday" ("holiday_type_id");
CREATE INDEX "personnes_holiday_ce77e6ef" ON "personnes_holiday" ("worker_id");
CREATE INDEX "dossiers_patientrecord_21afe6d5" ON "dossiers_patientrecord" ("advicegiver_id");
CREATE INDEX "dossiers_patientrecord_a0e8eeea" ON "dossiers_patientrecord" ("analysemotive_id");
CREATE INDEX "dossiers_patientrecord_799c2a80" ON "dossiers_patientrecord" ("child_custody_id");
CREATE INDEX "dossiers_patientrecord_3700153c" ON "dossiers_patientrecord" ("creator_id");
CREATE INDEX "dossiers_patientrecord_4c714bcd" ON "dossiers_patientrecord" ("externaldoctor_id");
CREATE INDEX "dossiers_patientrecord_26e2330a" ON "dossiers_patientrecord" ("externalintervener_id");
CREATE INDEX "dossiers_patientrecord_e122c213" ON "dossiers_patientrecord" ("family_situation_id");
CREATE INDEX "dossiers_patientrecord_3131a97f" ON "dossiers_patientrecord" ("familymotive_id");
CREATE INDEX "dossiers_patientrecord_23477005" ON "dossiers_patientrecord" ("job_father_id");
CREATE INDEX "dossiers_patientrecord_0f485cda" ON "dossiers_patientrecord" ("job_mother_id");
CREATE INDEX "dossiers_patientrecord_574d74c1" ON "dossiers_patientrecord" ("last_state_id");
CREATE INDEX "dossiers_patientrecord_b62b861f" ON "dossiers_patientrecord" ("outmotive_id");
CREATE INDEX "dossiers_patientrecord_68f6bf22" ON "dossiers_patientrecord" ("outto_id");
CREATE INDEX "dossiers_patientrecord_17a18b9a" ON "dossiers_patientrecord" ("parental_authority_id");
CREATE INDEX "dossiers_patientrecord_4f8d612e" ON "dossiers_patientrecord" ("policyholder_id");
CREATE INDEX "dossiers_patientrecord_bd2fd007" ON "dossiers_patientrecord" ("provenance_id");
CREATE INDEX "dossiers_patientrecord_a16d71f4" ON "dossiers_patientrecord" ("provenanceplace_id");
CREATE INDEX "dossiers_patientrecord_6fb6183c" ON "dossiers_patientrecord" ("rm_father_id");
CREATE INDEX "dossiers_patientrecord_f4b3e2a4" ON "dossiers_patientrecord" ("rm_mother_id");
CREATE INDEX "dossiers_patientrecord_b0dc1e29" ON "dossiers_patientrecord" ("service_id");
CREATE INDEX "dossiers_patientrecord_495425b3" ON "dossiers_patientrecord" ("transportcompany_id");
CREATE INDEX "dossiers_patientrecord_a71e66bf" ON "dossiers_patientrecord" ("transporttype_id");
CREATE INDEX "dossiers_patientrecord_contacts_c3048aa1" ON "dossiers_patientrecord_contacts" ("patientrecord_id");
CREATE INDEX "dossiers_patientrecord_contacts_6b52b95c" ON "dossiers_patientrecord_contacts" ("patientcontact_id");
CREATE INDEX "dossiers_patientrecord_coordinators_c3048aa1" ON "dossiers_patientrecord_coordinators" ("patientrecord_id");
CREATE INDEX "dossiers_patientrecord_coordinators_ce77e6ef" ON "dossiers_patientrecord_coordinators" ("worker_id");
CREATE INDEX "dossiers_patientrecord_mdph_requests_c3048aa1" ON "dossiers_patientrecord_mdph_requests" ("patientrecord_id");
CREATE INDEX "dossiers_patientrecord_mdph_requests_d2ef21ea" ON "dossiers_patientrecord_mdph_requests" ("mdphrequest_id");
CREATE INDEX "dossiers_patientrecord_mdph_responses_c3048aa1" ON "dossiers_patientrecord_mdph_responses" ("patientrecord_id");
CREATE INDEX "dossiers_patientrecord_mdph_responses_dca833b6" ON "dossiers_patientrecord_mdph_responses" ("mdphresponse_id");
CREATE INDEX "dossiers_patientrecord_mises_1_c3048aa1" ON "dossiers_patientrecord_mises_1" ("patientrecord_id");
CREATE INDEX "dossiers_patientrecord_mises_1_3ba0b367" ON "dossiers_patientrecord_mises_1" ("codecftmea_id");
CREATE INDEX "dossiers_patientrecord_mises_2_c3048aa1" ON "dossiers_patientrecord_mises_2" ("patientrecord_id");
CREATE INDEX "dossiers_patientrecord_mises_2_3ba0b367" ON "dossiers_patientrecord_mises_2" ("codecftmea_id");
CREATE INDEX "dossiers_patientrecord_mises_3_c3048aa1" ON "dossiers_patientrecord_mises_3" ("patientrecord_id");
CREATE INDEX "dossiers_patientrecord_mises_3_3ba0b367" ON "dossiers_patientrecord_mises_3" ("codecftmea_id");
CREATE INDEX "dossiers_patientrecord_socialisation_durations_c3048aa1" ON "dossiers_patientrecord_socialisation_durations" ("patientrecord_id");
CREATE INDEX "dossiers_patientrecord_socialisation_durations_11c35934" ON "dossiers_patientrecord_socialisation_durations" ("socialisationduration_id");
CREATE INDEX "dossiers_status_services_dc91ed4b" ON "dossiers_status_services" ("status_id");
CREATE INDEX "dossiers_status_services_b0dc1e29" ON "dossiers_status_services" ("service_id");
CREATE INDEX "dossiers_transportprescriptionlog_9f065c57" ON "dossiers_transportprescriptionlog" ("patient_id");
CREATE INDEX "dossiers_protectionstate_9f065c57" ON "dossiers_protectionstate" ("patient_id");
CREATE INDEX "dossiers_protectionstate_dc91ed4b" ON "dossiers_protectionstate" ("status_id");
CREATE INDEX "dossiers_patientcontact_1642a362" ON "dossiers_patientcontact" ("health_center_id");
CREATE INDEX "dossiers_patientcontact_d697ea38" ON "dossiers_patientcontact" ("job_id");
CREATE INDEX "dossiers_patientcontact_88d47bfc" ON "dossiers_patientcontact" ("management_code_id");
CREATE INDEX "dossiers_patientcontact_de48c71f" ON "dossiers_patientcontact" ("parente_id");
CREATE INDEX "dossiers_healthcare_4f331e2f" ON "dossiers_healthcare" ("author_id");
CREATE INDEX "dossiers_healthcare_9f065c57" ON "dossiers_healthcare" ("patient_id");
CREATE INDEX "dossiers_filestate_4f331e2f" ON "dossiers_filestate" ("author_id");
CREATE INDEX "dossiers_filestate_9f065c57" ON "dossiers_filestate" ("patient_id");
CREATE INDEX "dossiers_filestate_bb20f2a8" ON "dossiers_filestate" ("previous_state_id");
CREATE INDEX "dossiers_filestate_dc91ed4b" ON "dossiers_filestate" ("status_id");
CREATE INDEX "agenda_event_edfe656a" ON "agenda_event" ("start_datetime");
CREATE INDEX "agenda_event_bd64b51d" ON "agenda_event" ("exception_date");
CREATE INDEX "agenda_event_d5c39a1d" ON "agenda_event" ("canceled");
CREATE INDEX "agenda_event_c26eb7bf" ON "agenda_event" ("recurrence_periodicity");
CREATE INDEX "agenda_event_83a936a1" ON "agenda_event" ("recurrence_week_day");
CREATE INDEX "agenda_event_9ab015ef" ON "agenda_event" ("recurrence_week_offset");
CREATE INDEX "agenda_event_bdee6940" ON "agenda_event" ("recurrence_week_period");
CREATE INDEX "agenda_event_045f555b" ON "agenda_event" ("recurrence_week_rank");
CREATE INDEX "agenda_event_2a875f5d" ON "agenda_event" ("recurrence_week_parity");
CREATE INDEX "agenda_event_a19eb61b" ON "agenda_event" ("recurrence_end_date");
CREATE INDEX "agenda_event_3700153c" ON "agenda_event" ("creator_id");
CREATE INDEX "agenda_event_5e891baf" ON "agenda_event" ("event_type_id");
CREATE INDEX "agenda_event_54005dc6" ON "agenda_event" ("exception_to_id");
CREATE INDEX "agenda_event_a9a2ddb4" ON "agenda_event" ("ressource_id");
CREATE INDEX "actes_validationmessage_b0dc1e29" ON "actes_validationmessage" ("service_id");
CREATE INDEX "actes_validationmessage_ec8016b5" ON "actes_validationmessage" ("who_id");
CREATE INDEX "actes_act_5fc73231" ON "actes_act" ("date");
CREATE INDEX "actes_act_07cc694b" ON "actes_act" ("time");
CREATE INDEX "actes_act_b86564cc" ON "actes_act" ("validation_locked");
CREATE INDEX "actes_act_4165502e" ON "actes_act" ("is_billed");
CREATE INDEX "actes_act_160fcef7" ON "actes_act" ("already_billed");
CREATE INDEX "actes_act_cfeea372" ON "actes_act" ("is_lost");
CREATE INDEX "actes_act_152be30b" ON "actes_act" ("valide");
CREATE INDEX "actes_act_ec1b8196" ON "actes_act" ("pause");
CREATE INDEX "actes_act_f32a1a33" ON "actes_act" ("act_type_id");
CREATE INDEX "actes_act_c7d5f4db" ON "actes_act" ("healthcare_id");
CREATE INDEX "actes_act_40fc954c" ON "actes_act" ("last_validation_state_id");
CREATE INDEX "actes_act_b73ae6fd" ON "actes_act" ("parent_event_id");
CREATE INDEX "actes_act_9f065c57" ON "actes_act" ("patient_id");
CREATE INDEX "actes_act_4c677568" ON "actes_act" ("transport_company_id");
CREATE INDEX "actes_act_c80a564a" ON "actes_act" ("transport_type_id");
CREATE INDEX "django_admin_log_417f1b1c" ON "django_admin_log" ("content_type_id");
CREATE INDEX "django_admin_log_e8701ad4" ON "django_admin_log" ("user_id");
CREATE INDEX "facturation_invoice_acts_f1f5d967" ON "facturation_invoice_acts" ("invoice_id");
CREATE INDEX "facturation_invoice_acts_da42231b" ON "facturation_invoice_acts" ("act_id");
CREATE INDEX "facturation_invoicing_b0dc1e29" ON "facturation_invoicing" ("service_id");
CREATE INDEX "facturation_invoice_c502eac5" ON "facturation_invoice" ("invoicing_id");
CREATE INDEX "facturation_invoice_c6dddfb3" ON "facturation_invoice" ("patient_healthcenter_id");
CREATE INDEX "facturation_invoice_28e22fcb" ON "facturation_invoice" ("policy_holder_healthcenter_id");
CREATE INDEX "reversion_revision_b16b0f06" ON "reversion_revision" ("manager_slug");
CREATE INDEX "reversion_revision_c69e55a4" ON "reversion_revision" ("date_created");
CREATE INDEX "reversion_revision_e8701ad4" ON "reversion_revision" ("user_id");
CREATE INDEX "reversion_version_0c9ba3a3" ON "reversion_version" ("object_id_int");
CREATE INDEX "reversion_version_417f1b1c" ON "reversion_version" ("content_type_id");
CREATE INDEX "reversion_version_5de09a8d" ON "reversion_version" ("revision_id");
CREATE INDEX "django_session_de54fa62" ON "django_session" ("expire_date");
COMMIT;
